sep=;
"ID";"TS file";"Context";"English source";"Український переклад";"Status";"Location";"Comment";"Extra comment";"Numerus"
"UI-0001";"qgc_source_uk_UA.ts";"APMAirframeComponent";"Airframe is currently not set.";"";"TODO";"../src/AutoPilotPlugins/APM/APMAirframeComponent.qml:71";"";"";"no"
"UI-0002";"qgc_source_uk_UA.ts";"APMAirframeComponent";"Currently set to frame class '%1'";"";"TODO";"../src/AutoPilotPlugins/APM/APMAirframeComponent.qml:72";"";"";"no"
"UI-0003";"qgc_source_uk_UA.ts";"APMAirframeComponent";" and frame type '%2'";"";"TODO";"../src/AutoPilotPlugins/APM/APMAirframeComponent.qml:73";"";"";"no"
"UI-0004";"qgc_source_uk_UA.ts";"APMAirframeComponent";".";"";"TODO";"../src/AutoPilotPlugins/APM/APMAirframeComponent.qml:74";"period for end of sentence";"";"no"
"UI-0005";"qgc_source_uk_UA.ts";"APMAirframeComponent";" To change this configuration, select the desired frame class below and then reboot the vehicle.";"";"TODO";"../src/AutoPilotPlugins/APM/APMAirframeComponent.qml:75";"";"";"no"
"UI-0006";"qgc_source_uk_UA.ts";"APMAirframeComponent";"Frame Type";"";"TODO";"../src/AutoPilotPlugins/APM/APMAirframeComponent.qml:166";"";"";"no"
"UI-0007";"qgc_source_uk_UA.ts";"APMAirframeComponent";"Invalid setting for FRAME_TYPE. Click to Reset.";"";"TODO";"../src/AutoPilotPlugins/APM/APMAirframeComponent.qml:209";"";"";"no"
"UI-0008";"qgc_source_uk_UA.ts";"APMAirframeComponent";"Frame";"";"TODO";"../src/AutoPilotPlugins/APM/APMAirframeComponent.h:35";"";"";"no"
"UI-0009";"qgc_source_uk_UA.ts";"APMAirframeComponent";"Frame Setup is used to select the airframe which matches your vehicle.";"";"TODO";"../src/AutoPilotPlugins/APM/APMAirframeComponent.h:26";"";"";"no"
"UI-0010";"qgc_source_uk_UA.ts";"APMAirframeComponentController";"Param file github json download failed: %1";"";"TODO";"../src/AutoPilotPlugins/APM/APMAirframeComponentController.cc:145";"";"";"no"
"UI-0011";"qgc_source_uk_UA.ts";"APMAirframeComponentController";"Param file download failed: %1";"";"TODO";"../src/AutoPilotPlugins/APM/APMAirframeComponentController.cc:155";"";"";"no"
"UI-0012";"qgc_source_uk_UA.ts";"APMAirframeComponentSummary";"Frame Class";"";"TODO";"../src/AutoPilotPlugins/APM/APMAirframeComponentSummary.qml:23";"";"";"no"
"UI-0013";"qgc_source_uk_UA.ts";"APMAirframeComponentSummary";"Frame Type";"";"TODO";"../src/AutoPilotPlugins/APM/APMAirframeComponentSummary.qml:29";"";"";"no"
"UI-0014";"qgc_source_uk_UA.ts";"APMAirframeComponentSummary";"Firmware Version";"";"TODO";"../src/AutoPilotPlugins/APM/APMAirframeComponentSummary.qml:35";"";"";"no"
"UI-0015";"qgc_source_uk_UA.ts";"APMAirframeComponentSummary";"Unknown";"";"TODO";"../src/AutoPilotPlugins/APM/APMAirframeComponentSummary.qml:36";"";"";"no"
"UI-0016";"qgc_source_uk_UA.ts";"APMAutoPilotPlugin";"WARNING: The flight board you are using has a critical service bulletin against it which advises against flying. For details see: https://discuss.cubepilot.org/t/sb-0000002-critical-service-bulletin-for-cubes-purchased-between-january-2019-to-present-do-not-fly/406";"";"TODO";"../src/AutoPilotPlugins/APM/APMAutoPilotPlugin.cc:220";"";"";"no"
"UI-0017";"qgc_source_uk_UA.ts";"APMBatteryIndicator";"- disabled";"";"TODO";"../src/UI/toolbar/APMBatteryIndicator.qml:30";"";"";"no"
"UI-0018";"qgc_source_uk_UA.ts";"APMBatteryIndicator";"Low Voltage Failsafe";"";"TODO";"../src/UI/toolbar/APMBatteryIndicator.qml:34";"";"";"no"
"UI-0019";"qgc_source_uk_UA.ts";"APMBatteryIndicator";"Vehicle Action";"";"TODO";"../src/UI/toolbar/APMBatteryIndicator.qml:38 | ../src/UI/toolbar/APMBatteryIndicator.qml:68";"";"";"no"
"UI-0020";"qgc_source_uk_UA.ts";"APMBatteryIndicator";"Voltage Trigger";"";"TODO";"../src/UI/toolbar/APMBatteryIndicator.qml:45 | ../src/UI/toolbar/APMBatteryIndicator.qml:75";"";"";"no"
"UI-0021";"qgc_source_uk_UA.ts";"APMBatteryIndicator";"mAh Trigger";"";"TODO";"../src/UI/toolbar/APMBatteryIndicator.qml:54 | ../src/UI/toolbar/APMBatteryIndicator.qml:84";"";"";"no"
"UI-0022";"qgc_source_uk_UA.ts";"APMBatteryIndicator";"Critical Voltage Failsafe";"";"TODO";"../src/UI/toolbar/APMBatteryIndicator.qml:64";"";"";"no"
"UI-0023";"qgc_source_uk_UA.ts";"APMCameraComponent";"Disabled";"";"TODO";"../src/AutoPilotPlugins/APM/APMCameraComponent.qml:175";"";"";"no"
"UI-0024";"qgc_source_uk_UA.ts";"APMCameraComponent";"Channel ";"";"TODO";"../src/AutoPilotPlugins/APM/APMCameraComponent.qml:183";"";"";"no"
"UI-0025";"qgc_source_uk_UA.ts";"APMCameraComponent";"Gimbal ";"";"TODO";"../src/AutoPilotPlugins/APM/APMCameraComponent.qml:225";"";"";"no"
"UI-0026";"qgc_source_uk_UA.ts";"APMCameraComponent";"Stabilize";"";"TODO";"../src/AutoPilotPlugins/APM/APMCameraComponent.qml:243";"";"";"no"
"UI-0027";"qgc_source_uk_UA.ts";"APMCameraComponent";"Servo reverse";"";"TODO";"../src/AutoPilotPlugins/APM/APMCameraComponent.qml:255";"";"";"no"
"UI-0028";"qgc_source_uk_UA.ts";"APMCameraComponent";"Output channel:";"";"TODO";"../src/AutoPilotPlugins/APM/APMCameraComponent.qml:269";"";"";"no"
"UI-0029";"qgc_source_uk_UA.ts";"APMCameraComponent";"Input channel:";"";"TODO";"../src/AutoPilotPlugins/APM/APMCameraComponent.qml:290";"";"";"no"
"UI-0030";"qgc_source_uk_UA.ts";"APMCameraComponent";"Gimbal angle limits:";"";"TODO";"../src/AutoPilotPlugins/APM/APMCameraComponent.qml:310";"";"";"no"
"UI-0031";"qgc_source_uk_UA.ts";"APMCameraComponent";"min";"";"TODO";"../src/AutoPilotPlugins/APM/APMCameraComponent.qml:319 | ../src/AutoPilotPlugins/APM/APMCameraComponent.qml:363";"";"";"no"
"UI-0032";"qgc_source_uk_UA.ts";"APMCameraComponent";"max";"";"TODO";"../src/AutoPilotPlugins/APM/APMCameraComponent.qml:337 | ../src/AutoPilotPlugins/APM/APMCameraComponent.qml:382";"";"";"no"
"UI-0033";"qgc_source_uk_UA.ts";"APMCameraComponent";"Servo PWM limits:";"";"TODO";"../src/AutoPilotPlugins/APM/APMCameraComponent.qml:355";"";"";"no"
"UI-0034";"qgc_source_uk_UA.ts";"APMCameraComponent";"Gimbal Settings";"";"TODO";"../src/AutoPilotPlugins/APM/APMCameraComponent.qml:410";"";"";"no"
"UI-0035";"qgc_source_uk_UA.ts";"APMCameraComponent";"Type:";"";"TODO";"../src/AutoPilotPlugins/APM/APMCameraComponent.qml:427";"";"";"no"
"UI-0036";"qgc_source_uk_UA.ts";"APMCameraComponent";"Gimbal Type changes takes affect next reboot of autopilot";"";"TODO";"../src/AutoPilotPlugins/APM/APMCameraComponent.qml:449";"";"";"no"
"UI-0037";"qgc_source_uk_UA.ts";"APMCameraComponent";"Default Mode:";"";"TODO";"../src/AutoPilotPlugins/APM/APMCameraComponent.qml:457";"";"";"no"
"UI-0038";"qgc_source_uk_UA.ts";"APMCameraComponent";"Tilt";"";"TODO";"../src/AutoPilotPlugins/APM/APMCameraComponent.qml:477";"";"";"no"
"UI-0039";"qgc_source_uk_UA.ts";"APMCameraComponent";"Roll";"";"TODO";"../src/AutoPilotPlugins/APM/APMCameraComponent.qml:495";"";"";"no"
"UI-0040";"qgc_source_uk_UA.ts";"APMCameraComponent";"Pan";"";"TODO";"../src/AutoPilotPlugins/APM/APMCameraComponent.qml:513";"";"";"no"
"UI-0041";"qgc_source_uk_UA.ts";"APMCameraComponent";"Camera";"";"TODO";"../src/AutoPilotPlugins/APM/APMCameraComponent.h:32";"";"";"no"
"UI-0042";"qgc_source_uk_UA.ts";"APMCameraComponent";"Camera setup is used to adjust camera and gimbal settings.";"";"TODO";"../src/AutoPilotPlugins/APM/APMCameraComponent.h:24";"";"";"no"
"UI-0043";"qgc_source_uk_UA.ts";"APMCameraComponentSummary";"Gimbal type";"";"TODO";"../src/AutoPilotPlugins/APM/APMCameraComponentSummary.qml:27";"";"";"no"
"UI-0044";"qgc_source_uk_UA.ts";"APMCameraComponentSummary";"Tilt input channel";"";"TODO";"../src/AutoPilotPlugins/APM/APMCameraComponentSummary.qml:32";"";"";"no"
"UI-0045";"qgc_source_uk_UA.ts";"APMCameraComponentSummary";"Pan input channel";"";"TODO";"../src/AutoPilotPlugins/APM/APMCameraComponentSummary.qml:37";"";"";"no"
"UI-0046";"qgc_source_uk_UA.ts";"APMCameraComponentSummary";"Roll input channel";"";"TODO";"../src/AutoPilotPlugins/APM/APMCameraComponentSummary.qml:42";"";"";"no"
"UI-0047";"qgc_source_uk_UA.ts";"APMCameraSubComponent";"Disabled";"";"TODO";"../src/AutoPilotPlugins/APM/APMCameraSubComponent.qml:186";"";"";"no"
"UI-0048";"qgc_source_uk_UA.ts";"APMCameraSubComponent";"Channel 5";"";"TODO";"../src/AutoPilotPlugins/APM/APMCameraSubComponent.qml:187";"";"";"no"
"UI-0049";"qgc_source_uk_UA.ts";"APMCameraSubComponent";"Channel 6";"";"TODO";"../src/AutoPilotPlugins/APM/APMCameraSubComponent.qml:188";"";"";"no"
"UI-0050";"qgc_source_uk_UA.ts";"APMCameraSubComponent";"Channel 7";"";"TODO";"../src/AutoPilotPlugins/APM/APMCameraSubComponent.qml:189";"";"";"no"
"UI-0051";"qgc_source_uk_UA.ts";"APMCameraSubComponent";"Channel 8";"";"TODO";"../src/AutoPilotPlugins/APM/APMCameraSubComponent.qml:190";"";"";"no"
"UI-0052";"qgc_source_uk_UA.ts";"APMCameraSubComponent";"Channel 9";"";"TODO";"../src/AutoPilotPlugins/APM/APMCameraSubComponent.qml:191";"";"";"no"
"UI-0053";"qgc_source_uk_UA.ts";"APMCameraSubComponent";"Channel 10";"";"TODO";"../src/AutoPilotPlugins/APM/APMCameraSubComponent.qml:192";"";"";"no"
"UI-0054";"qgc_source_uk_UA.ts";"APMCameraSubComponent";"Channel 11";"";"TODO";"../src/AutoPilotPlugins/APM/APMCameraSubComponent.qml:193";"";"";"no"
"UI-0055";"qgc_source_uk_UA.ts";"APMCameraSubComponent";"Channel 12";"";"TODO";"../src/AutoPilotPlugins/APM/APMCameraSubComponent.qml:194";"";"";"no"
"UI-0056";"qgc_source_uk_UA.ts";"APMCameraSubComponent";"Channel 13";"";"TODO";"../src/AutoPilotPlugins/APM/APMCameraSubComponent.qml:195";"";"";"no"
"UI-0057";"qgc_source_uk_UA.ts";"APMCameraSubComponent";"Channel 14";"";"TODO";"../src/AutoPilotPlugins/APM/APMCameraSubComponent.qml:196";"";"";"no"
"UI-0058";"qgc_source_uk_UA.ts";"APMCameraSubComponent";"Channel 15";"";"TODO";"../src/AutoPilotPlugins/APM/APMCameraSubComponent.qml:197";"";"";"no"
"UI-0059";"qgc_source_uk_UA.ts";"APMCameraSubComponent";"Channel 16";"";"TODO";"../src/AutoPilotPlugins/APM/APMCameraSubComponent.qml:198";"";"";"no"
"UI-0060";"qgc_source_uk_UA.ts";"APMCameraSubComponent";"Show all settings (advanced)";"";"TODO";"../src/AutoPilotPlugins/APM/APMCameraSubComponent.qml:203";"";"";"no"
"UI-0061";"qgc_source_uk_UA.ts";"APMCameraSubComponent";"Camera mount tilt speed:";"";"TODO";"../src/AutoPilotPlugins/APM/APMCameraSubComponent.qml:208";"";"";"no"
"UI-0062";"qgc_source_uk_UA.ts";"APMCameraSubComponent";"Gimbal ";"";"TODO";"../src/AutoPilotPlugins/APM/APMCameraSubComponent.qml:290";"";"";"no"
"UI-0063";"qgc_source_uk_UA.ts";"APMCameraSubComponent";"Output channel:";"";"TODO";"../src/AutoPilotPlugins/APM/APMCameraSubComponent.qml:323";"";"";"no"
"UI-0064";"qgc_source_uk_UA.ts";"APMCameraSubComponent";"Servo reverse";"";"TODO";"../src/AutoPilotPlugins/APM/APMCameraSubComponent.qml:348";"";"";"no"
"UI-0065";"qgc_source_uk_UA.ts";"APMCameraSubComponent";"Stabilize";"";"TODO";"../src/AutoPilotPlugins/APM/APMCameraSubComponent.qml:358";"";"";"no"
"UI-0066";"qgc_source_uk_UA.ts";"APMCameraSubComponent";"Servo PWM limits:";"";"TODO";"../src/AutoPilotPlugins/APM/APMCameraSubComponent.qml:376";"";"";"no"
"UI-0067";"qgc_source_uk_UA.ts";"APMCameraSubComponent";"min";"";"TODO";"../src/AutoPilotPlugins/APM/APMCameraSubComponent.qml:382 | ../src/AutoPilotPlugins/APM/APMCameraSubComponent.qml:417";"";"";"no"
"UI-0068";"qgc_source_uk_UA.ts";"APMCameraSubComponent";"max";"";"TODO";"../src/AutoPilotPlugins/APM/APMCameraSubComponent.qml:392 | ../src/AutoPilotPlugins/APM/APMCameraSubComponent.qml:427";"";"";"no"
"UI-0069";"qgc_source_uk_UA.ts";"APMCameraSubComponent";"Gimbal angle limits:";"";"TODO";"../src/AutoPilotPlugins/APM/APMCameraSubComponent.qml:412";"";"";"no"
"UI-0070";"qgc_source_uk_UA.ts";"APMCameraSubComponent";"Gimbal Settings";"";"TODO";"../src/AutoPilotPlugins/APM/APMCameraSubComponent.qml:453";"";"";"no"
"UI-0071";"qgc_source_uk_UA.ts";"APMCameraSubComponent";"Type:";"";"TODO";"../src/AutoPilotPlugins/APM/APMCameraSubComponent.qml:470";"";"";"no"
"UI-0072";"qgc_source_uk_UA.ts";"APMCameraSubComponent";"Gimbal Type changes takes affect next reboot of autopilot";"";"TODO";"../src/AutoPilotPlugins/APM/APMCameraSubComponent.qml:492";"";"";"no"
"UI-0073";"qgc_source_uk_UA.ts";"APMCameraSubComponent";"Default Mode:";"";"TODO";"../src/AutoPilotPlugins/APM/APMCameraSubComponent.qml:500";"";"";"no"
"UI-0074";"qgc_source_uk_UA.ts";"APMCameraSubComponent";"Tilt";"";"TODO";"../src/AutoPilotPlugins/APM/APMCameraSubComponent.qml:521";"";"";"no"
"UI-0075";"qgc_source_uk_UA.ts";"APMCameraSubComponent";"Roll";"";"TODO";"../src/AutoPilotPlugins/APM/APMCameraSubComponent.qml:541";"";"";"no"
"UI-0076";"qgc_source_uk_UA.ts";"APMCameraSubComponent";"Pan";"";"TODO";"../src/AutoPilotPlugins/APM/APMCameraSubComponent.qml:561";"";"";"no"
"UI-0077";"qgc_source_uk_UA.ts";"APMCopterMode";"Stabilize";"";"TODO";"../src/FirmwarePlugin/APM/ArduCopterFirmwarePlugin.h:79";"";"";"no"
"UI-0078";"qgc_source_uk_UA.ts";"APMCopterMode";"Acro";"";"TODO";"../src/FirmwarePlugin/APM/ArduCopterFirmwarePlugin.h:80";"";"";"no"
"UI-0079";"qgc_source_uk_UA.ts";"APMCopterMode";"Altitude Hold";"";"TODO";"../src/FirmwarePlugin/APM/ArduCopterFirmwarePlugin.h:81";"";"";"no"
"UI-0080";"qgc_source_uk_UA.ts";"APMCopterMode";"Auto";"";"TODO";"../src/FirmwarePlugin/APM/ArduCopterFirmwarePlugin.h:82";"";"";"no"
"UI-0081";"qgc_source_uk_UA.ts";"APMCopterMode";"Guided";"";"TODO";"../src/FirmwarePlugin/APM/ArduCopterFirmwarePlugin.h:83";"";"";"no"
"UI-0082";"qgc_source_uk_UA.ts";"APMCopterMode";"Loiter";"";"TODO";"../src/FirmwarePlugin/APM/ArduCopterFirmwarePlugin.h:84";"";"";"no"
"UI-0083";"qgc_source_uk_UA.ts";"APMCopterMode";"RTL";"";"TODO";"../src/FirmwarePlugin/APM/ArduCopterFirmwarePlugin.h:85";"";"";"no"
"UI-0084";"qgc_source_uk_UA.ts";"APMCopterMode";"Circle";"";"TODO";"../src/FirmwarePlugin/APM/ArduCopterFirmwarePlugin.h:86";"";"";"no"
"UI-0085";"qgc_source_uk_UA.ts";"APMCopterMode";"Land";"";"TODO";"../src/FirmwarePlugin/APM/ArduCopterFirmwarePlugin.h:87";"";"";"no"
"UI-0086";"qgc_source_uk_UA.ts";"APMCopterMode";"Drift";"";"TODO";"../src/FirmwarePlugin/APM/ArduCopterFirmwarePlugin.h:88";"";"";"no"
"UI-0087";"qgc_source_uk_UA.ts";"APMCopterMode";"Sport";"";"TODO";"../src/FirmwarePlugin/APM/ArduCopterFirmwarePlugin.h:89";"";"";"no"
"UI-0088";"qgc_source_uk_UA.ts";"APMCopterMode";"Flip";"";"TODO";"../src/FirmwarePlugin/APM/ArduCopterFirmwarePlugin.h:90";"";"";"no"
"UI-0089";"qgc_source_uk_UA.ts";"APMCopterMode";"Autotune";"";"TODO";"../src/FirmwarePlugin/APM/ArduCopterFirmwarePlugin.h:91";"";"";"no"
"UI-0090";"qgc_source_uk_UA.ts";"APMCopterMode";"Position Hold";"";"TODO";"../src/FirmwarePlugin/APM/ArduCopterFirmwarePlugin.h:92";"";"";"no"
"UI-0091";"qgc_source_uk_UA.ts";"APMCopterMode";"Brake";"";"TODO";"../src/FirmwarePlugin/APM/ArduCopterFirmwarePlugin.h:93";"";"";"no"
"UI-0092";"qgc_source_uk_UA.ts";"APMCopterMode";"Throw";"";"TODO";"../src/FirmwarePlugin/APM/ArduCopterFirmwarePlugin.h:94";"";"";"no"
"UI-0093";"qgc_source_uk_UA.ts";"APMCopterMode";"Avoid ADSB";"";"TODO";"../src/FirmwarePlugin/APM/ArduCopterFirmwarePlugin.h:95";"";"";"no"
"UI-0094";"qgc_source_uk_UA.ts";"APMCopterMode";"Guided No GPS";"";"TODO";"../src/FirmwarePlugin/APM/ArduCopterFirmwarePlugin.h:96";"";"";"no"
"UI-0095";"qgc_source_uk_UA.ts";"APMCopterMode";"Smart RTL";"";"TODO";"../src/FirmwarePlugin/APM/ArduCopterFirmwarePlugin.h:97";"";"";"no"
"UI-0096";"qgc_source_uk_UA.ts";"APMCopterMode";"Flow Hold";"";"TODO";"../src/FirmwarePlugin/APM/ArduCopterFirmwarePlugin.h:98";"";"";"no"
"UI-0097";"qgc_source_uk_UA.ts";"APMCopterMode";"Follow";"";"TODO";"../src/FirmwarePlugin/APM/ArduCopterFirmwarePlugin.h:99";"";"";"no"
"UI-0098";"qgc_source_uk_UA.ts";"APMCopterMode";"ZigZag";"";"TODO";"../src/FirmwarePlugin/APM/ArduCopterFirmwarePlugin.h:100";"";"";"no"
"UI-0099";"qgc_source_uk_UA.ts";"APMCopterMode";"SystemID";"";"TODO";"../src/FirmwarePlugin/APM/ArduCopterFirmwarePlugin.h:101";"";"";"no"
"UI-0100";"qgc_source_uk_UA.ts";"APMCopterMode";"AutoRotate";"";"TODO";"../src/FirmwarePlugin/APM/ArduCopterFirmwarePlugin.h:102";"";"";"no"
"UI-0101";"qgc_source_uk_UA.ts";"APMCopterMode";"AutoRTL";"";"TODO";"../src/FirmwarePlugin/APM/ArduCopterFirmwarePlugin.h:103";"";"";"no"
"UI-0102";"qgc_source_uk_UA.ts";"APMCopterMode";"Turtle";"";"TODO";"../src/FirmwarePlugin/APM/ArduCopterFirmwarePlugin.h:104";"";"";"no"
"UI-0103";"qgc_source_uk_UA.ts";"APMCustomMode";"Guided";"";"TODO";"../src/FirmwarePlugin/APM/APMFirmwarePlugin.h:102";"";"";"no"
"UI-0104";"qgc_source_uk_UA.ts";"APMCustomMode";"RTL";"";"TODO";"../src/FirmwarePlugin/APM/APMFirmwarePlugin.h:103";"";"";"no"
"UI-0105";"qgc_source_uk_UA.ts";"APMCustomMode";"Smart RTL";"";"TODO";"../src/FirmwarePlugin/APM/APMFirmwarePlugin.h:104";"";"";"no"
"UI-0106";"qgc_source_uk_UA.ts";"APMCustomMode";"Auto";"";"TODO";"../src/FirmwarePlugin/APM/APMFirmwarePlugin.h:105";"";"";"no"
"UI-0107";"qgc_source_uk_UA.ts";"APMFirmwarePlugin";"Error during Solo video link setup: %1";"";"TODO";"../src/FirmwarePlugin/APM/APMFirmwarePlugin.cc:695";"";"";"no"
"UI-0108";"qgc_source_uk_UA.ts";"APMFirmwarePlugin";"Unable to change altitude, vehicle altitude not known.";"";"TODO";"../src/FirmwarePlugin/APM/APMFirmwarePlugin.cc:852";"";"";"no"
"UI-0109";"qgc_source_uk_UA.ts";"APMFirmwarePlugin";"Unable to pause vehicle.";"";"TODO";"../src/FirmwarePlugin/APM/APMFirmwarePlugin.cc:857";"";"";"no"
"UI-0110";"qgc_source_uk_UA.ts";"APMFirmwarePlugin";"Vehicle does not support guided rotate";"";"TODO";"../src/FirmwarePlugin/APM/APMFirmwarePlugin.cc:933";"";"";"no"
"UI-0111";"qgc_source_uk_UA.ts";"APMFirmwarePlugin";"Vehicle does not support guided takeoff";"";"TODO";"../src/FirmwarePlugin/APM/APMFirmwarePlugin.cc:987";"";"";"no"
"UI-0112";"qgc_source_uk_UA.ts";"APMFirmwarePlugin";"Unable to takeoff, vehicle position not known.";"";"TODO";"../src/FirmwarePlugin/APM/APMFirmwarePlugin.cc:993";"";"";"no"
"UI-0113";"qgc_source_uk_UA.ts";"APMFirmwarePlugin";"Unable to takeoff: Vehicle failed to change to Guided mode.";"";"TODO";"../src/FirmwarePlugin/APM/APMFirmwarePlugin.cc:1003";"";"";"no"
"UI-0114";"qgc_source_uk_UA.ts";"APMFirmwarePlugin";"Unable to takeoff: Vehicle failed to arm.";"";"TODO";"../src/FirmwarePlugin/APM/APMFirmwarePlugin.cc:1008";"";"";"no"
"UI-0115";"qgc_source_uk_UA.ts";"APMFirmwarePlugin";"Unable to start takeoff: Vehicle is already in the air.";"";"TODO";"../src/FirmwarePlugin/APM/APMFirmwarePlugin.cc:1026";"";"";"no"
"UI-0116";"qgc_source_uk_UA.ts";"APMFirmwarePlugin";"Unable to start takeoff: Vehicle failed to change to Takeoff mode.";"";"TODO";"../src/FirmwarePlugin/APM/APMFirmwarePlugin.cc:1032";"";"";"no"
"UI-0117";"qgc_source_uk_UA.ts";"APMFirmwarePlugin";"Unable to start takeoff: Vehicle failed to arm.";"";"TODO";"../src/FirmwarePlugin/APM/APMFirmwarePlugin.cc:1037";"";"";"no"
"UI-0118";"qgc_source_uk_UA.ts";"APMFirmwarePlugin";"Unable to start mission: Vehicle failed to change to Auto mode.";"";"TODO";"../src/FirmwarePlugin/APM/APMFirmwarePlugin.cc:1048 | ../src/FirmwarePlugin/APM/APMFirmwarePlugin.cc:1059";"";"";"no"
"UI-0119";"qgc_source_uk_UA.ts";"APMFirmwarePlugin";"Unable to start mission: Vehicle failed to change to Guided mode.";"";"TODO";"../src/FirmwarePlugin/APM/APMFirmwarePlugin.cc:1064";"";"";"no"
"UI-0120";"qgc_source_uk_UA.ts";"APMFirmwarePlugin";"Unable to start mission: Vehicle failed to arm.";"";"TODO";"../src/FirmwarePlugin/APM/APMFirmwarePlugin.cc:1070";"";"";"no"
"UI-0121";"qgc_source_uk_UA.ts";"APMFlightModeIndicator";"Return to Launch";"";"TODO";"../src/UI/toolbar/APMFlightModeIndicator.qml:33";"";"";"no"
"UI-0122";"qgc_source_uk_UA.ts";"APMFlightModeIndicator";"Return At";"";"TODO";"../src/UI/toolbar/APMFlightModeIndicator.qml:46";"";"";"no"
"UI-0123";"qgc_source_uk_UA.ts";"APMFlightModeIndicator";"Current alttiude";"";"TODO";"../src/UI/toolbar/APMFlightModeIndicator.qml:52";"";"";"no"
"UI-0124";"qgc_source_uk_UA.ts";"APMFlightModeIndicator";"Specified altitude";"";"TODO";"../src/UI/toolbar/APMFlightModeIndicator.qml:52";"";"";"no"
"UI-0125";"qgc_source_uk_UA.ts";"APMFlightModesComponent";"Flight Mode Settings";"";"TODO";"../src/AutoPilotPlugins/APM/APMFlightModesComponent.qml:58";"";"";"no"
"UI-0126";"qgc_source_uk_UA.ts";"APMFlightModesComponent";" (Channel 5)";"";"TODO";"../src/AutoPilotPlugins/APM/APMFlightModesComponent.qml:58";"";"";"no"
"UI-0127";"qgc_source_uk_UA.ts";"APMFlightModesComponent";"Flight mode channel:";"";"TODO";"../src/AutoPilotPlugins/APM/APMFlightModesComponent.qml:82";"";"";"no"
"UI-0128";"qgc_source_uk_UA.ts";"APMFlightModesComponent";"Not assigned";"";"TODO";"../src/AutoPilotPlugins/APM/APMFlightModesComponent.qml:88";"";"";"no"
"UI-0129";"qgc_source_uk_UA.ts";"APMFlightModesComponent";"Channel 1";"";"TODO";"../src/AutoPilotPlugins/APM/APMFlightModesComponent.qml:88";"";"";"no"
"UI-0130";"qgc_source_uk_UA.ts";"APMFlightModesComponent";"Channel 2";"";"TODO";"../src/AutoPilotPlugins/APM/APMFlightModesComponent.qml:88";"";"";"no"
"UI-0131";"qgc_source_uk_UA.ts";"APMFlightModesComponent";"Channel 3";"";"TODO";"../src/AutoPilotPlugins/APM/APMFlightModesComponent.qml:89";"";"";"no"
"UI-0132";"qgc_source_uk_UA.ts";"APMFlightModesComponent";"Channel 4";"";"TODO";"../src/AutoPilotPlugins/APM/APMFlightModesComponent.qml:89";"";"";"no"
"UI-0133";"qgc_source_uk_UA.ts";"APMFlightModesComponent";"Channel 5";"";"TODO";"../src/AutoPilotPlugins/APM/APMFlightModesComponent.qml:89";"";"";"no"
"UI-0134";"qgc_source_uk_UA.ts";"APMFlightModesComponent";"Channel 6";"";"TODO";"../src/AutoPilotPlugins/APM/APMFlightModesComponent.qml:90";"";"";"no"
"UI-0135";"qgc_source_uk_UA.ts";"APMFlightModesComponent";"Channel 7";"";"TODO";"../src/AutoPilotPlugins/APM/APMFlightModesComponent.qml:90";"";"";"no"
"UI-0136";"qgc_source_uk_UA.ts";"APMFlightModesComponent";"Channel 8";"";"TODO";"../src/AutoPilotPlugins/APM/APMFlightModesComponent.qml:90";"";"";"no"
"UI-0137";"qgc_source_uk_UA.ts";"APMFlightModesComponent";"Flight Mode ";"";"TODO";"../src/AutoPilotPlugins/APM/APMFlightModesComponent.qml:106";"";"";"no"
"UI-0138";"qgc_source_uk_UA.ts";"APMFlightModesComponent";"Simple";"";"TODO";"../src/AutoPilotPlugins/APM/APMFlightModesComponent.qml:127";"";"";"no"
"UI-0139";"qgc_source_uk_UA.ts";"APMFlightModesComponent";"Super-Simple";"";"TODO";"../src/AutoPilotPlugins/APM/APMFlightModesComponent.qml:142";"";"";"no"
"UI-0140";"qgc_source_uk_UA.ts";"APMFlightModesComponent";"Simple Mode";"";"TODO";"../src/AutoPilotPlugins/APM/APMFlightModesComponent.qml:168";"";"";"no"
"UI-0141";"qgc_source_uk_UA.ts";"APMFlightModesComponent";"Switch Options";"";"TODO";"../src/AutoPilotPlugins/APM/APMFlightModesComponent.qml:185";"";"";"no"
"UI-0142";"qgc_source_uk_UA.ts";"APMFlightModesComponent";"Channel option %1 :";"";"TODO";"../src/AutoPilotPlugins/APM/APMFlightModesComponent.qml:213";"";"";"no"
"UI-0143";"qgc_source_uk_UA.ts";"APMFlightModesComponent";"Flight Modes";"";"TODO";"../src/AutoPilotPlugins/APM/APMFlightModesComponent.h:32";"";"";"no"
"UI-0144";"qgc_source_uk_UA.ts";"APMFlightModesComponent";"Flight Modes Setup is used to configure the transmitter switches associated with Flight Modes.";"";"TODO";"../src/AutoPilotPlugins/APM/APMFlightModesComponent.h:24";"";"";"no"
"UI-0145";"qgc_source_uk_UA.ts";"APMFlightModesComponentController";"Off";"";"TODO";"../src/AutoPilotPlugins/APM/APMFlightModesComponentController.h:72";"";"";"no"
"UI-0146";"qgc_source_uk_UA.ts";"APMFlightModesComponentController";"Simple";"";"TODO";"../src/AutoPilotPlugins/APM/APMFlightModesComponentController.h:72";"";"";"no"
"UI-0147";"qgc_source_uk_UA.ts";"APMFlightModesComponentController";"Super-Simple";"";"TODO";"../src/AutoPilotPlugins/APM/APMFlightModesComponentController.h:72";"";"";"no"
"UI-0148";"qgc_source_uk_UA.ts";"APMFlightModesComponentController";"Custom";"";"TODO";"../src/AutoPilotPlugins/APM/APMFlightModesComponentController.h:72";"";"";"no"
"UI-0149";"qgc_source_uk_UA.ts";"APMFlightModesComponentSummary";"Flight Mode 1";"";"TODO";"../src/AutoPilotPlugins/APM/APMFlightModesComponentSummary.qml:28";"";"";"no"
"UI-0150";"qgc_source_uk_UA.ts";"APMFlightModesComponentSummary";"Flight Mode 2";"";"TODO";"../src/AutoPilotPlugins/APM/APMFlightModesComponentSummary.qml:33";"";"";"no"
"UI-0151";"qgc_source_uk_UA.ts";"APMFlightModesComponentSummary";"Flight Mode 3";"";"TODO";"../src/AutoPilotPlugins/APM/APMFlightModesComponentSummary.qml:38";"";"";"no"
"UI-0152";"qgc_source_uk_UA.ts";"APMFlightModesComponentSummary";"Flight Mode 4";"";"TODO";"../src/AutoPilotPlugins/APM/APMFlightModesComponentSummary.qml:43";"";"";"no"
"UI-0153";"qgc_source_uk_UA.ts";"APMFlightModesComponentSummary";"Flight Mode 5";"";"TODO";"../src/AutoPilotPlugins/APM/APMFlightModesComponentSummary.qml:48";"";"";"no"
"UI-0154";"qgc_source_uk_UA.ts";"APMFlightModesComponentSummary";"Flight Mode 6";"";"TODO";"../src/AutoPilotPlugins/APM/APMFlightModesComponentSummary.qml:53";"";"";"no"
"UI-0155";"qgc_source_uk_UA.ts";"APMFollowComponent";"Enable Follow Me";"";"TODO";"../src/AutoPilotPlugins/APM/APMFollowComponent.qml:193";"";"";"no"
"UI-0156";"qgc_source_uk_UA.ts";"APMFollowComponent";"Waiting for Vehicle to update";"";"TODO";"../src/AutoPilotPlugins/APM/APMFollowComponent.qml:212";"";"";"no"
"UI-0157";"qgc_source_uk_UA.ts";"APMFollowComponent";"The vehicle parameters required for follow me are currently set in a way which is not supported. Using follow with this setup may lead to unpredictable/hazardous results.";"";"TODO";"../src/AutoPilotPlugins/APM/APMFollowComponent.qml:224";"";"";"no"
"UI-0158";"qgc_source_uk_UA.ts";"APMFollowComponent";"Reset To Supported Settings";"";"TODO";"../src/AutoPilotPlugins/APM/APMFollowComponent.qml:230";"";"";"no"
"UI-0159";"qgc_source_uk_UA.ts";"APMFollowComponent";"Vehicle Position";"";"TODO";"../src/AutoPilotPlugins/APM/APMFollowComponent.qml:248";"";"";"no"
"UI-0160";"qgc_source_uk_UA.ts";"APMFollowComponent";"Maintain Current Offsets";"";"TODO";"../src/AutoPilotPlugins/APM/APMFollowComponent.qml:252";"";"";"no"
"UI-0161";"qgc_source_uk_UA.ts";"APMFollowComponent";"Specify Offsets";"";"TODO";"../src/AutoPilotPlugins/APM/APMFollowComponent.qml:252";"";"";"no"
"UI-0162";"qgc_source_uk_UA.ts";"APMFollowComponent";"Point Vehicle";"";"TODO";"../src/AutoPilotPlugins/APM/APMFollowComponent.qml:265";"";"";"no"
"UI-0163";"qgc_source_uk_UA.ts";"APMFollowComponent";"Maintain current vehicle orientation";"";"TODO";"../src/AutoPilotPlugins/APM/APMFollowComponent.qml:275";"";"";"no"
"UI-0164";"qgc_source_uk_UA.ts";"APMFollowComponent";"Point at ground station location";"";"TODO";"../src/AutoPilotPlugins/APM/APMFollowComponent.qml:275";"";"";"no"
"UI-0165";"qgc_source_uk_UA.ts";"APMFollowComponent";"Same direction as ground station movement";"";"TODO";"../src/AutoPilotPlugins/APM/APMFollowComponent.qml:275";"";"";"no"
"UI-0166";"qgc_source_uk_UA.ts";"APMFollowComponent";"Vehicle Offsets";"";"TODO";"../src/AutoPilotPlugins/APM/APMFollowComponent.qml:288";"";"";"no"
"UI-0167";"qgc_source_uk_UA.ts";"APMFollowComponent";"Angle";"";"TODO";"../src/AutoPilotPlugins/APM/APMFollowComponent.qml:291";"";"";"no"
"UI-0168";"qgc_source_uk_UA.ts";"APMFollowComponent";"Distance";"";"TODO";"../src/AutoPilotPlugins/APM/APMFollowComponent.qml:297";"";"";"no"
"UI-0169";"qgc_source_uk_UA.ts";"APMFollowComponent";"Height";"";"TODO";"../src/AutoPilotPlugins/APM/APMFollowComponent.qml:305";"";"";"no"
"UI-0170";"qgc_source_uk_UA.ts";"APMFollowComponent";"Click in the graphic to change angle";"";"TODO";"../src/AutoPilotPlugins/APM/APMFollowComponent.qml:346";"";"";"no"
"UI-0171";"qgc_source_uk_UA.ts";"APMFollowComponent";"L";"";"TODO";"../src/AutoPilotPlugins/APM/APMFollowComponent.qml:507";"";"";"no"
"UI-0172";"qgc_source_uk_UA.ts";"APMFollowComponent";"Follow Me";"";"TODO";"../src/AutoPilotPlugins/APM/APMFollowComponent.h:34";"";"";"no"
"UI-0173";"qgc_source_uk_UA.ts";"APMFollowComponentSummary";"Follow Enabled";"";"TODO";"../src/AutoPilotPlugins/APM/APMFollowComponentSummary.qml:29";"";"";"no"
"UI-0174";"qgc_source_uk_UA.ts";"APMFollowComponentSummary";"Follow System ID";"";"TODO";"../src/AutoPilotPlugins/APM/APMFollowComponentSummary.qml:30";"";"";"no"
"UI-0175";"qgc_source_uk_UA.ts";"APMFollowComponentSummary";"Max Distance";"";"TODO";"../src/AutoPilotPlugins/APM/APMFollowComponentSummary.qml:31";"";"";"no"
"UI-0176";"qgc_source_uk_UA.ts";"APMFollowComponentSummary";"Offset X";"";"TODO";"../src/AutoPilotPlugins/APM/APMFollowComponentSummary.qml:32";"";"";"no"
"UI-0177";"qgc_source_uk_UA.ts";"APMFollowComponentSummary";"Offset Y";"";"TODO";"../src/AutoPilotPlugins/APM/APMFollowComponentSummary.qml:33";"";"";"no"
"UI-0178";"qgc_source_uk_UA.ts";"APMFollowComponentSummary";"Offset Z";"";"TODO";"../src/AutoPilotPlugins/APM/APMFollowComponentSummary.qml:34";"";"";"no"
"UI-0179";"qgc_source_uk_UA.ts";"APMFollowComponentSummary";"Offset Type";"";"TODO";"../src/AutoPilotPlugins/APM/APMFollowComponentSummary.qml:35";"";"";"no"
"UI-0180";"qgc_source_uk_UA.ts";"APMFollowComponentSummary";"Altitude Type";"";"TODO";"../src/AutoPilotPlugins/APM/APMFollowComponentSummary.qml:36";"";"";"no"
"UI-0181";"qgc_source_uk_UA.ts";"APMFollowComponentSummary";"Yaw Behavior";"";"TODO";"../src/AutoPilotPlugins/APM/APMFollowComponentSummary.qml:37";"";"";"no"
"UI-0182";"qgc_source_uk_UA.ts";"APMHeliComponent";"Servo Setup";"";"TODO";"../src/AutoPilotPlugins/APM/APMHeliComponent.qml:83";"";"";"no"
"UI-0183";"qgc_source_uk_UA.ts";"APMHeliComponent";"Servo";"";"TODO";"../src/AutoPilotPlugins/APM/APMHeliComponent.qml:88";"";"";"no"
"UI-0184";"qgc_source_uk_UA.ts";"APMHeliComponent";"Function";"";"TODO";"../src/AutoPilotPlugins/APM/APMHeliComponent.qml:89";"";"";"no"
"UI-0185";"qgc_source_uk_UA.ts";"APMHeliComponent";"Min";"";"TODO";"../src/AutoPilotPlugins/APM/APMHeliComponent.qml:90";"";"";"no"
"UI-0186";"qgc_source_uk_UA.ts";"APMHeliComponent";"Max";"";"TODO";"../src/AutoPilotPlugins/APM/APMHeliComponent.qml:91";"";"";"no"
"UI-0187";"qgc_source_uk_UA.ts";"APMHeliComponent";"Trim";"";"TODO";"../src/AutoPilotPlugins/APM/APMHeliComponent.qml:92";"";"";"no"
"UI-0188";"qgc_source_uk_UA.ts";"APMHeliComponent";"Reversed";"";"TODO";"../src/AutoPilotPlugins/APM/APMHeliComponent.qml:93";"";"";"no"
"UI-0189";"qgc_source_uk_UA.ts";"APMHeliComponent";"1";"";"TODO";"../src/AutoPilotPlugins/APM/APMHeliComponent.qml:95";"";"";"no"
"UI-0190";"qgc_source_uk_UA.ts";"APMHeliComponent";"2";"";"TODO";"../src/AutoPilotPlugins/APM/APMHeliComponent.qml:118";"";"";"no"
"UI-0191";"qgc_source_uk_UA.ts";"APMHeliComponent";"3";"";"TODO";"../src/AutoPilotPlugins/APM/APMHeliComponent.qml:141";"";"";"no"
"UI-0192";"qgc_source_uk_UA.ts";"APMHeliComponent";"4";"";"TODO";"../src/AutoPilotPlugins/APM/APMHeliComponent.qml:164";"";"";"no"
"UI-0193";"qgc_source_uk_UA.ts";"APMHeliComponent";"5";"";"TODO";"../src/AutoPilotPlugins/APM/APMHeliComponent.qml:187";"";"";"no"
"UI-0194";"qgc_source_uk_UA.ts";"APMHeliComponent";"6";"";"TODO";"../src/AutoPilotPlugins/APM/APMHeliComponent.qml:210";"";"";"no"
"UI-0195";"qgc_source_uk_UA.ts";"APMHeliComponent";"7";"";"TODO";"../src/AutoPilotPlugins/APM/APMHeliComponent.qml:233";"";"";"no"
"UI-0196";"qgc_source_uk_UA.ts";"APMHeliComponent";"8";"";"TODO";"../src/AutoPilotPlugins/APM/APMHeliComponent.qml:256";"";"";"no"
"UI-0197";"qgc_source_uk_UA.ts";"APMHeliComponent";"Swashplate Setup";"";"TODO";"../src/AutoPilotPlugins/APM/APMHeliComponent.qml:282";"";"";"no"
"UI-0198";"qgc_source_uk_UA.ts";"APMHeliComponent";"Throttle Settings";"";"TODO";"../src/AutoPilotPlugins/APM/APMHeliComponent.qml:341";"";"";"no"
"UI-0199";"qgc_source_uk_UA.ts";"APMHeliComponent";"Governor Settings";"";"TODO";"../src/AutoPilotPlugins/APM/APMHeliComponent.qml:388";"";"";"no"
"UI-0200";"qgc_source_uk_UA.ts";"APMHeliComponent";"Miscellaneous Settings";"";"TODO";"../src/AutoPilotPlugins/APM/APMHeliComponent.qml:414";"";"";"no"
"UI-0201";"qgc_source_uk_UA.ts";"APMHeliComponent";"* Stabilize Collective Curve *";"";"TODO";"../src/AutoPilotPlugins/APM/APMHeliComponent.qml:419";"";"";"no"
"UI-0202";"qgc_source_uk_UA.ts";"APMHeliComponent";"* Tail & Gyros *";"";"TODO";"../src/AutoPilotPlugins/APM/APMHeliComponent.qml:434";"";"";"no"
"UI-0203";"qgc_source_uk_UA.ts";"APMHeliComponent";"Heli";"";"TODO";"../src/AutoPilotPlugins/APM/APMHeliComponent.h:33";"";"";"no"
"UI-0204";"qgc_source_uk_UA.ts";"APMHeliComponent";"Heli Setup is used to setup parameters which are specific to a helicopter.";"";"TODO";"../src/AutoPilotPlugins/APM/APMHeliComponent.h:24";"";"";"no"
"UI-0205";"qgc_source_uk_UA.ts";"APMLightsComponent";"Disabled";"";"TODO";"../src/AutoPilotPlugins/APM/APMLightsComponent.qml:137";"";"";"no"
"UI-0206";"qgc_source_uk_UA.ts";"APMLightsComponent";"Channel ";"";"TODO";"../src/AutoPilotPlugins/APM/APMLightsComponent.qml:145";"";"";"no"
"UI-0207";"qgc_source_uk_UA.ts";"APMLightsComponent";"Light Output Channels";"";"TODO";"../src/AutoPilotPlugins/APM/APMLightsComponent.qml:169";"";"";"no"
"UI-0208";"qgc_source_uk_UA.ts";"APMLightsComponent";"Lights 1:";"";"TODO";"../src/AutoPilotPlugins/APM/APMLightsComponent.qml:186";"";"";"no"
"UI-0209";"qgc_source_uk_UA.ts";"APMLightsComponent";"Lights 2:";"";"TODO";"../src/AutoPilotPlugins/APM/APMLightsComponent.qml:207";"";"";"no"
"UI-0210";"qgc_source_uk_UA.ts";"APMLightsComponent";"Brightness Steps:";"";"TODO";"../src/AutoPilotPlugins/APM/APMLightsComponent.qml:228";"";"";"no"
"UI-0211";"qgc_source_uk_UA.ts";"APMLightsComponent";"Lights";"";"TODO";"../src/AutoPilotPlugins/APM/APMLightsComponent.h:32";"";"";"no"
"UI-0212";"qgc_source_uk_UA.ts";"APMLightsComponent";"Lights setup is used to adjust light output channels.";"";"TODO";"../src/AutoPilotPlugins/APM/APMLightsComponent.h:24";"";"";"no"
"UI-0213";"qgc_source_uk_UA.ts";"APMLightsComponentSummary";"Disabled";"";"TODO";"../src/AutoPilotPlugins/APM/APMLightsComponentSummary.qml:63";"";"";"no"
"UI-0214";"qgc_source_uk_UA.ts";"APMLightsComponentSummary";"Channel 5";"";"TODO";"../src/AutoPilotPlugins/APM/APMLightsComponentSummary.qml:64";"";"";"no"
"UI-0215";"qgc_source_uk_UA.ts";"APMLightsComponentSummary";"Channel 6";"";"TODO";"../src/AutoPilotPlugins/APM/APMLightsComponentSummary.qml:65";"";"";"no"
"UI-0216";"qgc_source_uk_UA.ts";"APMLightsComponentSummary";"Channel 7";"";"TODO";"../src/AutoPilotPlugins/APM/APMLightsComponentSummary.qml:66";"";"";"no"
"UI-0217";"qgc_source_uk_UA.ts";"APMLightsComponentSummary";"Channel 8";"";"TODO";"../src/AutoPilotPlugins/APM/APMLightsComponentSummary.qml:67";"";"";"no"
"UI-0218";"qgc_source_uk_UA.ts";"APMLightsComponentSummary";"Channel 9";"";"TODO";"../src/AutoPilotPlugins/APM/APMLightsComponentSummary.qml:68";"";"";"no"
"UI-0219";"qgc_source_uk_UA.ts";"APMLightsComponentSummary";"Channel 10";"";"TODO";"../src/AutoPilotPlugins/APM/APMLightsComponentSummary.qml:69";"";"";"no"
"UI-0220";"qgc_source_uk_UA.ts";"APMLightsComponentSummary";"Channel 11";"";"TODO";"../src/AutoPilotPlugins/APM/APMLightsComponentSummary.qml:70";"";"";"no"
"UI-0221";"qgc_source_uk_UA.ts";"APMLightsComponentSummary";"Channel 12";"";"TODO";"../src/AutoPilotPlugins/APM/APMLightsComponentSummary.qml:71";"";"";"no"
"UI-0222";"qgc_source_uk_UA.ts";"APMLightsComponentSummary";"Channel 13";"";"TODO";"../src/AutoPilotPlugins/APM/APMLightsComponentSummary.qml:72";"";"";"no"
"UI-0223";"qgc_source_uk_UA.ts";"APMLightsComponentSummary";"Channel 14";"";"TODO";"../src/AutoPilotPlugins/APM/APMLightsComponentSummary.qml:73";"";"";"no"
"UI-0224";"qgc_source_uk_UA.ts";"APMLightsComponentSummary";"Lights Output 1";"";"TODO";"../src/AutoPilotPlugins/APM/APMLightsComponentSummary.qml:89";"";"";"no"
"UI-0225";"qgc_source_uk_UA.ts";"APMLightsComponentSummary";"Lights Output 2";"";"TODO";"../src/AutoPilotPlugins/APM/APMLightsComponentSummary.qml:94";"";"";"no"
"UI-0226";"qgc_source_uk_UA.ts";"APMMainStatusIndicatorContentItem";"Ground Control Comm Loss Failsafe";"";"TODO";"../src/UI/toolbar/APMMainStatusIndicatorContentItem.qml:28";"";"";"no"
"UI-0227";"qgc_source_uk_UA.ts";"APMMainStatusIndicatorContentItem";"Vehicle Action";"";"TODO";"../src/UI/toolbar/APMMainStatusIndicatorContentItem.qml:32";"";"";"no"
"UI-0228";"qgc_source_uk_UA.ts";"APMMainStatusIndicatorContentItem";"Loss Timeout";"";"TODO";"../src/UI/toolbar/APMMainStatusIndicatorContentItem.qml:40";"";"";"no"
"UI-0229";"qgc_source_uk_UA.ts";"APMMainStatusIndicatorContentItem";"Failsafe Options";"";"TODO";"../src/UI/toolbar/APMMainStatusIndicatorContentItem.qml:47";"";"";"no"
"UI-0230";"qgc_source_uk_UA.ts";"APMMotorComponent";"Motors";"";"TODO";"../src/AutoPilotPlugins/APM/APMMotorComponent.h:25";"";"";"no"
"UI-0231";"qgc_source_uk_UA.ts";"APMNotSupported";"Not supported";"";"TODO";"../src/AutoPilotPlugins/APM/APMNotSupported.qml:17";"";"";"no"
"UI-0232";"qgc_source_uk_UA.ts";"APMPlaneMode";"Manual";"";"TODO";"../src/FirmwarePlugin/APM/ArduPlaneFirmwarePlugin.h:67";"";"";"no"
"UI-0233";"qgc_source_uk_UA.ts";"APMPlaneMode";"Circle";"";"TODO";"../src/FirmwarePlugin/APM/ArduPlaneFirmwarePlugin.h:68";"";"";"no"
"UI-0234";"qgc_source_uk_UA.ts";"APMPlaneMode";"Stabilize";"";"TODO";"../src/FirmwarePlugin/APM/ArduPlaneFirmwarePlugin.h:69";"";"";"no"
"UI-0235";"qgc_source_uk_UA.ts";"APMPlaneMode";"Training";"";"TODO";"../src/FirmwarePlugin/APM/ArduPlaneFirmwarePlugin.h:70";"";"";"no"
"UI-0236";"qgc_source_uk_UA.ts";"APMPlaneMode";"Acro";"";"TODO";"../src/FirmwarePlugin/APM/ArduPlaneFirmwarePlugin.h:71";"";"";"no"
"UI-0237";"qgc_source_uk_UA.ts";"APMPlaneMode";"FBW A";"";"TODO";"../src/FirmwarePlugin/APM/ArduPlaneFirmwarePlugin.h:72";"";"";"no"
"UI-0238";"qgc_source_uk_UA.ts";"APMPlaneMode";"FBW B";"";"TODO";"../src/FirmwarePlugin/APM/ArduPlaneFirmwarePlugin.h:73";"";"";"no"
"UI-0239";"qgc_source_uk_UA.ts";"APMPlaneMode";"Cruise";"";"TODO";"../src/FirmwarePlugin/APM/ArduPlaneFirmwarePlugin.h:74";"";"";"no"
"UI-0240";"qgc_source_uk_UA.ts";"APMPlaneMode";"Autotune";"";"TODO";"../src/FirmwarePlugin/APM/ArduPlaneFirmwarePlugin.h:75";"";"";"no"
"UI-0241";"qgc_source_uk_UA.ts";"APMPlaneMode";"Auto";"";"TODO";"../src/FirmwarePlugin/APM/ArduPlaneFirmwarePlugin.h:76";"";"";"no"
"UI-0242";"qgc_source_uk_UA.ts";"APMPlaneMode";"RTL";"";"TODO";"../src/FirmwarePlugin/APM/ArduPlaneFirmwarePlugin.h:77";"";"";"no"
"UI-0243";"qgc_source_uk_UA.ts";"APMPlaneMode";"Loiter";"";"TODO";"../src/FirmwarePlugin/APM/ArduPlaneFirmwarePlugin.h:78";"";"";"no"
"UI-0244";"qgc_source_uk_UA.ts";"APMPlaneMode";"Takeoff";"";"TODO";"../src/FirmwarePlugin/APM/ArduPlaneFirmwarePlugin.h:79";"";"";"no"
"UI-0245";"qgc_source_uk_UA.ts";"APMPlaneMode";"Avoid ADSB";"";"TODO";"../src/FirmwarePlugin/APM/ArduPlaneFirmwarePlugin.h:80";"";"";"no"
"UI-0246";"qgc_source_uk_UA.ts";"APMPlaneMode";"Guided";"";"TODO";"../src/FirmwarePlugin/APM/ArduPlaneFirmwarePlugin.h:81";"";"";"no"
"UI-0247";"qgc_source_uk_UA.ts";"APMPlaneMode";"Initializing";"";"TODO";"../src/FirmwarePlugin/APM/ArduPlaneFirmwarePlugin.h:82";"";"";"no"
"UI-0248";"qgc_source_uk_UA.ts";"APMPlaneMode";"QuadPlane Stabilize";"";"TODO";"../src/FirmwarePlugin/APM/ArduPlaneFirmwarePlugin.h:83";"";"";"no"
"UI-0249";"qgc_source_uk_UA.ts";"APMPlaneMode";"QuadPlane Hover";"";"TODO";"../src/FirmwarePlugin/APM/ArduPlaneFirmwarePlugin.h:84";"";"";"no"
"UI-0250";"qgc_source_uk_UA.ts";"APMPlaneMode";"QuadPlane Loiter";"";"TODO";"../src/FirmwarePlugin/APM/ArduPlaneFirmwarePlugin.h:85";"";"";"no"
"UI-0251";"qgc_source_uk_UA.ts";"APMPlaneMode";"QuadPlane Land";"";"TODO";"../src/FirmwarePlugin/APM/ArduPlaneFirmwarePlugin.h:86";"";"";"no"
"UI-0252";"qgc_source_uk_UA.ts";"APMPlaneMode";"QuadPlane RTL";"";"TODO";"../src/FirmwarePlugin/APM/ArduPlaneFirmwarePlugin.h:87";"";"";"no"
"UI-0253";"qgc_source_uk_UA.ts";"APMPlaneMode";"QuadPlane AutoTune";"";"TODO";"../src/FirmwarePlugin/APM/ArduPlaneFirmwarePlugin.h:88";"";"";"no"
"UI-0254";"qgc_source_uk_UA.ts";"APMPlaneMode";"QuadPlane Acro";"";"TODO";"../src/FirmwarePlugin/APM/ArduPlaneFirmwarePlugin.h:89";"";"";"no"
"UI-0255";"qgc_source_uk_UA.ts";"APMPlaneMode";"Thermal";"";"TODO";"../src/FirmwarePlugin/APM/ArduPlaneFirmwarePlugin.h:90";"";"";"no"
"UI-0256";"qgc_source_uk_UA.ts";"APMPlaneMode";"Loiter to QLand";"";"TODO";"../src/FirmwarePlugin/APM/ArduPlaneFirmwarePlugin.h:91";"";"";"no"
"UI-0257";"qgc_source_uk_UA.ts";"APMPlaneMode";"Autoland";"";"TODO";"../src/FirmwarePlugin/APM/ArduPlaneFirmwarePlugin.h:92";"";"";"no"
"UI-0258";"qgc_source_uk_UA.ts";"APMPowerComponent";"Requires vehicle reboot";"";"TODO";"../src/AutoPilotPlugins/APM/APMPowerComponent.qml:50";"";"";"no"
"UI-0259";"qgc_source_uk_UA.ts";"APMPowerComponent";"Battery 1";"";"TODO";"../src/AutoPilotPlugins/APM/APMPowerComponent.qml:60 | ../src/AutoPilotPlugins/APM/APMPowerComponent.qml:110";"";"";"no"
"UI-0260";"qgc_source_uk_UA.ts";"APMPowerComponent";"Battery1 monitor:";"";"TODO";"../src/AutoPilotPlugins/APM/APMPowerComponent.qml:80";"";"";"no"
"UI-0261";"qgc_source_uk_UA.ts";"APMPowerComponent";"Reboot vehicle";"";"TODO";"../src/AutoPilotPlugins/APM/APMPowerComponent.qml:95 | ../src/AutoPilotPlugins/APM/APMPowerComponent.qml:182";"";"";"no"
"UI-0262";"qgc_source_uk_UA.ts";"APMPowerComponent";"Battery 2";"";"TODO";"../src/AutoPilotPlugins/APM/APMPowerComponent.qml:147 | ../src/AutoPilotPlugins/APM/APMPowerComponent.qml:197";"";"";"no"
"UI-0263";"qgc_source_uk_UA.ts";"APMPowerComponent";"Battery2 monitor:";"";"TODO";"../src/AutoPilotPlugins/APM/APMPowerComponent.qml:167";"";"";"no"
"UI-0264";"qgc_source_uk_UA.ts";"APMPowerComponent";"ESC Calibration";"";"TODO";"../src/AutoPilotPlugins/APM/APMPowerComponent.qml:233";"";"";"no"
"UI-0265";"qgc_source_uk_UA.ts";"APMPowerComponent";"WARNING: Remove props prior to calibration!";"";"TODO";"../src/AutoPilotPlugins/APM/APMPowerComponent.qml:252";"";"";"no"
"UI-0266";"qgc_source_uk_UA.ts";"APMPowerComponent";"Calibrate";"";"TODO";"../src/AutoPilotPlugins/APM/APMPowerComponent.qml:260";"";"";"no"
"UI-0267";"qgc_source_uk_UA.ts";"APMPowerComponent";"Now perform these steps:";"";"TODO";"../src/AutoPilotPlugins/APM/APMPowerComponent.qml:267";"";"";"no"
"UI-0268";"qgc_source_uk_UA.ts";"APMPowerComponent";"Click Calibrate to start, then:";"";"TODO";"../src/AutoPilotPlugins/APM/APMPowerComponent.qml:267";"";"";"no"
"UI-0269";"qgc_source_uk_UA.ts";"APMPowerComponent";"- Disconnect USB and battery so flight controller powers down";"";"TODO";"../src/AutoPilotPlugins/APM/APMPowerComponent.qml:268";"";"";"no"
"UI-0270";"qgc_source_uk_UA.ts";"APMPowerComponent";"- Connect the battery";"";"TODO";"../src/AutoPilotPlugins/APM/APMPowerComponent.qml:269";"";"";"no"
"UI-0271";"qgc_source_uk_UA.ts";"APMPowerComponent";"- The arming tone will be played (if the vehicle has a buzzer attached)";"";"TODO";"../src/AutoPilotPlugins/APM/APMPowerComponent.qml:270";"";"";"no"
"UI-0272";"qgc_source_uk_UA.ts";"APMPowerComponent";"- If using a flight controller with a safety button press it until it displays solid red";"";"TODO";"../src/AutoPilotPlugins/APM/APMPowerComponent.qml:271";"";"";"no"
"UI-0273";"qgc_source_uk_UA.ts";"APMPowerComponent";"- You will hear a musical tone then two beeps";"";"TODO";"../src/AutoPilotPlugins/APM/APMPowerComponent.qml:272";"";"";"no"
"UI-0274";"qgc_source_uk_UA.ts";"APMPowerComponent";"- A few seconds later you should hear a number of beeps (one for each battery cell you're using)";"";"TODO";"../src/AutoPilotPlugins/APM/APMPowerComponent.qml:273";"";"";"no"
"UI-0275";"qgc_source_uk_UA.ts";"APMPowerComponent";"- And finally a single long beep indicating the end points have been set and the ESC is calibrated";"";"TODO";"../src/AutoPilotPlugins/APM/APMPowerComponent.qml:274";"";"";"no"
"UI-0276";"qgc_source_uk_UA.ts";"APMPowerComponent";"- Disconnect the battery and power up again normally";"";"TODO";"../src/AutoPilotPlugins/APM/APMPowerComponent.qml:275";"";"";"no"
"UI-0277";"qgc_source_uk_UA.ts";"APMPowerComponent";"Power Module 90A";"";"TODO";"../src/AutoPilotPlugins/APM/APMPowerComponent.qml:317";"";"";"no"
"UI-0278";"qgc_source_uk_UA.ts";"APMPowerComponent";"Power Module HV";"";"TODO";"../src/AutoPilotPlugins/APM/APMPowerComponent.qml:326";"";"";"no"
"UI-0279";"qgc_source_uk_UA.ts";"APMPowerComponent";"3DR Iris";"";"TODO";"../src/AutoPilotPlugins/APM/APMPowerComponent.qml:335";"";"";"no"
"UI-0280";"qgc_source_uk_UA.ts";"APMPowerComponent";"Other";"";"TODO";"../src/AutoPilotPlugins/APM/APMPowerComponent.qml:362";"";"";"no"
"UI-0281";"qgc_source_uk_UA.ts";"APMPowerComponent";"Battery monitor:";"";"TODO";"../src/AutoPilotPlugins/APM/APMPowerComponent.qml:372";"";"";"no"
"UI-0282";"qgc_source_uk_UA.ts";"APMPowerComponent";"Battery capacity:";"";"TODO";"../src/AutoPilotPlugins/APM/APMPowerComponent.qml:384";"";"";"no"
"UI-0283";"qgc_source_uk_UA.ts";"APMPowerComponent";"Minimum arming voltage:";"";"TODO";"../src/AutoPilotPlugins/APM/APMPowerComponent.qml:396";"";"";"no"
"UI-0284";"qgc_source_uk_UA.ts";"APMPowerComponent";"Power sensor:";"";"TODO";"../src/AutoPilotPlugins/APM/APMPowerComponent.qml:408";"";"";"no"
"UI-0285";"qgc_source_uk_UA.ts";"APMPowerComponent";"Current pin:";"";"TODO";"../src/AutoPilotPlugins/APM/APMPowerComponent.qml:433";"";"";"no"
"UI-0286";"qgc_source_uk_UA.ts";"APMPowerComponent";"Voltage pin:";"";"TODO";"../src/AutoPilotPlugins/APM/APMPowerComponent.qml:448";"";"";"no"
"UI-0287";"qgc_source_uk_UA.ts";"APMPowerComponent";"Voltage multiplier:";"";"TODO";"../src/AutoPilotPlugins/APM/APMPowerComponent.qml:463 | ../src/AutoPilotPlugins/APM/APMPowerComponent.qml:569";"";"";"no"
"UI-0288";"qgc_source_uk_UA.ts";"APMPowerComponent";"Calculate";"";"TODO";"../src/AutoPilotPlugins/APM/APMPowerComponent.qml:474 | ../src/AutoPilotPlugins/APM/APMPowerComponent.qml:500";"";"";"no"
"UI-0289";"qgc_source_uk_UA.ts";"APMPowerComponent";"Calculate Voltage Multiplier";"";"TODO";"../src/AutoPilotPlugins/APM/APMPowerComponent.qml:542";"";"";"no"
"UI-0290";"qgc_source_uk_UA.ts";"APMPowerComponent";"If the battery voltage reported by the vehicle is largely different than the voltage read externally using a voltmeter you can adjust the voltage multiplier value to correct this. Click the Calculate button for help with calculating a new value.";"";"TODO";"../src/AutoPilotPlugins/APM/APMPowerComponent.qml:484";"";"";"no"
"UI-0291";"qgc_source_uk_UA.ts";"APMPowerComponent";"Amps per volt:";"";"TODO";"../src/AutoPilotPlugins/APM/APMPowerComponent.qml:489 | ../src/AutoPilotPlugins/APM/APMPowerComponent.qml:622";"";"";"no"
"UI-0292";"qgc_source_uk_UA.ts";"APMPowerComponent";"Calculate Amps per Volt";"";"TODO";"../src/AutoPilotPlugins/APM/APMPowerComponent.qml:595";"";"";"no"
"UI-0293";"qgc_source_uk_UA.ts";"APMPowerComponent";"If the current draw reported by the vehicle is largely different than the current read externally using a current meter you can adjust the amps per volt value to correct this. Click the Calculate button for help with calculating a new value.";"";"TODO";"../src/AutoPilotPlugins/APM/APMPowerComponent.qml:510";"";"";"no"
"UI-0294";"qgc_source_uk_UA.ts";"APMPowerComponent";"Blue Robotics Power Sense Module";"";"TODO";"../src/AutoPilotPlugins/APM/APMPowerComponent.qml:344";"";"";"no"
"UI-0295";"qgc_source_uk_UA.ts";"APMPowerComponent";"Navigator w/ Blue Robotics Power Sense Module";"";"TODO";"../src/AutoPilotPlugins/APM/APMPowerComponent.qml:353";"";"";"no"
"UI-0296";"qgc_source_uk_UA.ts";"APMPowerComponent";"Amps Offset:";"";"TODO";"../src/AutoPilotPlugins/APM/APMPowerComponent.qml:515";"";"";"no"
"UI-0297";"qgc_source_uk_UA.ts";"APMPowerComponent";"If the vehicle reports a high current read when there is little or no current going through it, adjust the Amps Offset. It should be equal to the voltage reported by the sensor when the current is zero.";"";"TODO";"../src/AutoPilotPlugins/APM/APMPowerComponent.qml:530";"";"";"no"
"UI-0298";"qgc_source_uk_UA.ts";"APMPowerComponent";"Measure battery voltage using an external voltmeter and enter the value below. Click Calculate to set the new adjusted voltage multiplier.";"";"TODO";"../src/AutoPilotPlugins/APM/APMPowerComponent.qml:554";"";"";"no"
"UI-0299";"qgc_source_uk_UA.ts";"APMPowerComponent";"Measured voltage:";"";"TODO";"../src/AutoPilotPlugins/APM/APMPowerComponent.qml:562";"";"";"no"
"UI-0300";"qgc_source_uk_UA.ts";"APMPowerComponent";"Vehicle voltage:";"";"TODO";"../src/AutoPilotPlugins/APM/APMPowerComponent.qml:566";"";"";"no"
"UI-0301";"qgc_source_uk_UA.ts";"APMPowerComponent";"Calculate And Set";"";"TODO";"../src/AutoPilotPlugins/APM/APMPowerComponent.qml:574 | ../src/AutoPilotPlugins/APM/APMPowerComponent.qml:627";"";"";"no"
"UI-0302";"qgc_source_uk_UA.ts";"APMPowerComponent";"Measure current draw using an external current meter and enter the value below. Click Calculate to set the new amps per volt value.";"";"TODO";"../src/AutoPilotPlugins/APM/APMPowerComponent.qml:607";"";"";"no"
"UI-0303";"qgc_source_uk_UA.ts";"APMPowerComponent";"Measured current:";"";"TODO";"../src/AutoPilotPlugins/APM/APMPowerComponent.qml:615";"";"";"no"
"UI-0304";"qgc_source_uk_UA.ts";"APMPowerComponent";"Vehicle current:";"";"TODO";"../src/AutoPilotPlugins/APM/APMPowerComponent.qml:619";"";"";"no"
"UI-0305";"qgc_source_uk_UA.ts";"APMPowerComponent";"Power";"";"TODO";"../src/AutoPilotPlugins/APM/APMPowerComponent.h:33";"";"";"no"
"UI-0306";"qgc_source_uk_UA.ts";"APMPowerComponent";"The Power Component is used to setup battery parameters.";"";"TODO";"../src/AutoPilotPlugins/APM/APMPowerComponent.h:24";"";"";"no"
"UI-0307";"qgc_source_uk_UA.ts";"APMPowerComponentSummary";"Batt1 monitor";"";"TODO";"../src/AutoPilotPlugins/APM/APMPowerComponentSummary.qml:36";"";"";"no"
"UI-0308";"qgc_source_uk_UA.ts";"APMPowerComponentSummary";"Batt1 capacity";"";"TODO";"../src/AutoPilotPlugins/APM/APMPowerComponentSummary.qml:41";"";"";"no"
"UI-0309";"qgc_source_uk_UA.ts";"APMPowerComponentSummary";"Batt2 monitor";"";"TODO";"../src/AutoPilotPlugins/APM/APMPowerComponentSummary.qml:47";"";"";"no"
"UI-0310";"qgc_source_uk_UA.ts";"APMPowerComponentSummary";"Batt2 capacity";"";"TODO";"../src/AutoPilotPlugins/APM/APMPowerComponentSummary.qml:53";"";"";"no"
"UI-0311";"qgc_source_uk_UA.ts";"APMRadioComponent";"Radio";"";"TODO";"../src/AutoPilotPlugins/APM/APMRadioComponent.h:41";"";"";"no"
"UI-0312";"qgc_source_uk_UA.ts";"APMRadioComponent";"The Radio Component is used to setup which channels on your RC Transmitter you will use for each vehicle control such as Roll, Pitch, Yaw and Throttle. It also allows you to assign switches and dials to the various flight modes. Prior to flight you must also calibrate the extents for all of your channels.";"";"TODO";"../src/AutoPilotPlugins/APM/APMRadioComponent.h:26";"";"";"no"
"UI-0313";"qgc_source_uk_UA.ts";"APMRadioComponentSummary";"Roll";"";"TODO";"../src/AutoPilotPlugins/APM/APMRadioComponentSummary.qml:23";"";"";"no"
"UI-0314";"qgc_source_uk_UA.ts";"APMRadioComponentSummary";"Setup required";"";"TODO";"../src/AutoPilotPlugins/APM/APMRadioComponentSummary.qml:24 | ../src/AutoPilotPlugins/APM/APMRadioComponentSummary.qml:29 | ../src/AutoPilotPlugins/APM/APMRadioComponentSummary.qml:34 | ../src/AutoPilotPlugins/APM/APMRadioComponentSummary.qml:39";"";"";"no"
"UI-0315";"qgc_source_uk_UA.ts";"APMRadioComponentSummary";"Channel %1";"";"TODO";"../src/AutoPilotPlugins/APM/APMRadioComponentSummary.qml:24 | ../src/AutoPilotPlugins/APM/APMRadioComponentSummary.qml:29 | ../src/AutoPilotPlugins/APM/APMRadioComponentSummary.qml:34 | ../src/AutoPilotPlugins/APM/APMRadioComponentSummary.qml:39";"";"";"no"
"UI-0316";"qgc_source_uk_UA.ts";"APMRadioComponentSummary";"Pitch";"";"TODO";"../src/AutoPilotPlugins/APM/APMRadioComponentSummary.qml:28";"";"";"no"
"UI-0317";"qgc_source_uk_UA.ts";"APMRadioComponentSummary";"Yaw";"";"TODO";"../src/AutoPilotPlugins/APM/APMRadioComponentSummary.qml:33";"";"";"no"
"UI-0318";"qgc_source_uk_UA.ts";"APMRadioComponentSummary";"Throttle";"";"TODO";"../src/AutoPilotPlugins/APM/APMRadioComponentSummary.qml:38";"";"";"no"
"UI-0319";"qgc_source_uk_UA.ts";"APMRemoteSupportComponent";"Host name:";"";"TODO";"../src/AutoPilotPlugins/APM/APMRemoteSupportComponent.qml:46";"";"";"no"
"UI-0320";"qgc_source_uk_UA.ts";"APMRemoteSupportComponent";"Connect";"";"TODO";"../src/AutoPilotPlugins/APM/APMRemoteSupportComponent.qml:54";"";"";"no"
"UI-0321";"qgc_source_uk_UA.ts";"APMRemoteSupportComponent";"Forwarding traffic: Mavlink traffic will keep being forwarded until application restarts";"";"TODO";"../src/AutoPilotPlugins/APM/APMRemoteSupportComponent.qml:63";"";"";"no"
"UI-0322";"qgc_source_uk_UA.ts";"APMRemoteSupportComponent";"Remote Support";"";"TODO";"../src/AutoPilotPlugins/APM/APMRemoteSupportComponent.h:32";"";"";"no"
"UI-0323";"qgc_source_uk_UA.ts";"APMRemoteSupportComponent";"On this menu you can forward mavlink telemetry to an ardupilot support engineer.";"";"TODO";"../src/AutoPilotPlugins/APM/APMRemoteSupportComponent.h:24";"";"";"no"
"UI-0324";"qgc_source_uk_UA.ts";"APMRoverMode";"Manual";"";"TODO";"../src/FirmwarePlugin/APM/ArduRoverFirmwarePlugin.h:58";"";"";"no"
"UI-0325";"qgc_source_uk_UA.ts";"APMRoverMode";"Acro";"";"TODO";"../src/FirmwarePlugin/APM/ArduRoverFirmwarePlugin.h:59";"";"";"no"
"UI-0326";"qgc_source_uk_UA.ts";"APMRoverMode";"Learning";"";"TODO";"../src/FirmwarePlugin/APM/ArduRoverFirmwarePlugin.h:60";"";"";"no"
"UI-0327";"qgc_source_uk_UA.ts";"APMRoverMode";"Steering";"";"TODO";"../src/FirmwarePlugin/APM/ArduRoverFirmwarePlugin.h:61";"";"";"no"
"UI-0328";"qgc_source_uk_UA.ts";"APMRoverMode";"Hold";"";"TODO";"../src/FirmwarePlugin/APM/ArduRoverFirmwarePlugin.h:62";"";"";"no"
"UI-0329";"qgc_source_uk_UA.ts";"APMRoverMode";"Loiter";"";"TODO";"../src/FirmwarePlugin/APM/ArduRoverFirmwarePlugin.h:63";"";"";"no"
"UI-0330";"qgc_source_uk_UA.ts";"APMRoverMode";"Follow";"";"TODO";"../src/FirmwarePlugin/APM/ArduRoverFirmwarePlugin.h:64";"";"";"no"
"UI-0331";"qgc_source_uk_UA.ts";"APMRoverMode";"Simple";"";"TODO";"../src/FirmwarePlugin/APM/ArduRoverFirmwarePlugin.h:65";"";"";"no"
"UI-0332";"qgc_source_uk_UA.ts";"APMRoverMode";"Dock";"";"TODO";"../src/FirmwarePlugin/APM/ArduRoverFirmwarePlugin.h:66";"";"";"no"
"UI-0333";"qgc_source_uk_UA.ts";"APMRoverMode";"Circle";"";"TODO";"../src/FirmwarePlugin/APM/ArduRoverFirmwarePlugin.h:67";"";"";"no"
"UI-0334";"qgc_source_uk_UA.ts";"APMRoverMode";"Auto";"";"TODO";"../src/FirmwarePlugin/APM/ArduRoverFirmwarePlugin.h:68";"";"";"no"
"UI-0335";"qgc_source_uk_UA.ts";"APMRoverMode";"RTL";"";"TODO";"../src/FirmwarePlugin/APM/ArduRoverFirmwarePlugin.h:69";"";"";"no"
"UI-0336";"qgc_source_uk_UA.ts";"APMRoverMode";"Smart RTL";"";"TODO";"../src/FirmwarePlugin/APM/ArduRoverFirmwarePlugin.h:70";"";"";"no"
"UI-0337";"qgc_source_uk_UA.ts";"APMRoverMode";"Guided";"";"TODO";"../src/FirmwarePlugin/APM/ArduRoverFirmwarePlugin.h:71";"";"";"no"
"UI-0338";"qgc_source_uk_UA.ts";"APMRoverMode";"Initializing";"";"TODO";"../src/FirmwarePlugin/APM/ArduRoverFirmwarePlugin.h:72";"";"";"no"
"UI-0339";"qgc_source_uk_UA.ts";"APMSafetyComponent";"Requires vehicle reboot";"";"TODO";"../src/AutoPilotPlugins/APM/APMSafetyComponent.qml:65";"";"";"no"
"UI-0340";"qgc_source_uk_UA.ts";"APMSafetyComponent";"Low action:";"";"TODO";"../src/AutoPilotPlugins/APM/APMSafetyComponent.qml:78";"";"";"no"
"UI-0341";"qgc_source_uk_UA.ts";"APMSafetyComponent";"Critical action:";"";"TODO";"../src/AutoPilotPlugins/APM/APMSafetyComponent.qml:85";"";"";"no"
"UI-0342";"qgc_source_uk_UA.ts";"APMSafetyComponent";"Low voltage threshold:";"";"TODO";"../src/AutoPilotPlugins/APM/APMSafetyComponent.qml:92";"";"";"no"
"UI-0343";"qgc_source_uk_UA.ts";"APMSafetyComponent";"Critical voltage threshold:";"";"TODO";"../src/AutoPilotPlugins/APM/APMSafetyComponent.qml:100";"";"";"no"
"UI-0344";"qgc_source_uk_UA.ts";"APMSafetyComponent";"Low mAh threshold:";"";"TODO";"../src/AutoPilotPlugins/APM/APMSafetyComponent.qml:107";"";"";"no"
"UI-0345";"qgc_source_uk_UA.ts";"APMSafetyComponent";"Critical mAh threshold:";"";"TODO";"../src/AutoPilotPlugins/APM/APMSafetyComponent.qml:114";"";"";"no"
"UI-0346";"qgc_source_uk_UA.ts";"APMSafetyComponent";"Reboot vehicle";"";"TODO";"../src/AutoPilotPlugins/APM/APMSafetyComponent.qml:135";"";"";"no"
"UI-0347";"qgc_source_uk_UA.ts";"APMSafetyComponent";"Battery1 Failsafe Triggers";"";"TODO";"../src/AutoPilotPlugins/APM/APMSafetyComponent.qml:146";"";"";"no"
"UI-0348";"qgc_source_uk_UA.ts";"APMSafetyComponent";"Battery2 Failsafe Triggers";"";"TODO";"../src/AutoPilotPlugins/APM/APMSafetyComponent.qml:180";"";"";"no"
"UI-0349";"qgc_source_uk_UA.ts";"APMSafetyComponent";"Failsafe Triggers";"";"TODO";"../src/AutoPilotPlugins/APM/APMSafetyComponent.qml:219 | ../src/AutoPilotPlugins/APM/APMSafetyComponent.qml:278";"";"";"no"
"UI-0350";"qgc_source_uk_UA.ts";"APMSafetyComponent";"Throttle PWM threshold:";"";"TODO";"../src/AutoPilotPlugins/APM/APMSafetyComponent.qml:237";"";"";"no"
"UI-0351";"qgc_source_uk_UA.ts";"APMSafetyComponent";"GCS failsafe";"";"TODO";"../src/AutoPilotPlugins/APM/APMSafetyComponent.qml:251";"";"";"no"
"UI-0352";"qgc_source_uk_UA.ts";"APMSafetyComponent";"Ground Station failsafe:";"";"TODO";"../src/AutoPilotPlugins/APM/APMSafetyComponent.qml:295 | ../src/AutoPilotPlugins/APM/APMSafetyComponent.qml:365";"";"";"no"
"UI-0353";"qgc_source_uk_UA.ts";"APMSafetyComponent";"Throttle failsafe:";"";"TODO";"../src/AutoPilotPlugins/APM/APMSafetyComponent.qml:302 | ../src/AutoPilotPlugins/APM/APMSafetyComponent.qml:372";"";"";"no"
"UI-0354";"qgc_source_uk_UA.ts";"APMSafetyComponent";"PWM threshold:";"";"TODO";"../src/AutoPilotPlugins/APM/APMSafetyComponent.qml:309 | ../src/AutoPilotPlugins/APM/APMSafetyComponent.qml:382";"";"";"no"
"UI-0355";"qgc_source_uk_UA.ts";"APMSafetyComponent";"Failsafe Crash Check:";"";"TODO";"../src/AutoPilotPlugins/APM/APMSafetyComponent.qml:315";"";"";"no"
"UI-0356";"qgc_source_uk_UA.ts";"APMSafetyComponent";"General Failsafe Triggers";"";"TODO";"../src/AutoPilotPlugins/APM/APMSafetyComponent.qml:344";"";"";"no"
"UI-0357";"qgc_source_uk_UA.ts";"APMSafetyComponent";"Disabled";"";"TODO";"../src/AutoPilotPlugins/APM/APMSafetyComponent.qml:374";"";"";"no"
"UI-0358";"qgc_source_uk_UA.ts";"APMSafetyComponent";"Always RTL";"";"TODO";"../src/AutoPilotPlugins/APM/APMSafetyComponent.qml:374";"";"";"no"
"UI-0359";"qgc_source_uk_UA.ts";"APMSafetyComponent";"Continue with Mission in Auto Mode";"";"TODO";"../src/AutoPilotPlugins/APM/APMSafetyComponent.qml:375";"";"";"no"
"UI-0360";"qgc_source_uk_UA.ts";"APMSafetyComponent";"Always Land";"";"TODO";"../src/AutoPilotPlugins/APM/APMSafetyComponent.qml:375";"";"";"no"
"UI-0361";"qgc_source_uk_UA.ts";"APMSafetyComponent";"GeoFence";"";"TODO";"../src/AutoPilotPlugins/APM/APMSafetyComponent.qml:416";"";"";"no"
"UI-0362";"qgc_source_uk_UA.ts";"APMSafetyComponent";"Enabled";"";"TODO";"../src/AutoPilotPlugins/APM/APMSafetyComponent.qml:433";"";"";"no"
"UI-0363";"qgc_source_uk_UA.ts";"APMSafetyComponent";"Maximum Altitude";"";"TODO";"../src/AutoPilotPlugins/APM/APMSafetyComponent.qml:442";"";"";"no"
"UI-0364";"qgc_source_uk_UA.ts";"APMSafetyComponent";"Circle centered on Home";"";"TODO";"../src/AutoPilotPlugins/APM/APMSafetyComponent.qml:459";"";"";"no"
"UI-0365";"qgc_source_uk_UA.ts";"APMSafetyComponent";"Inclusion/Exclusion Circles+Polygons";"";"TODO";"../src/AutoPilotPlugins/APM/APMSafetyComponent.qml:477";"";"";"no"
"UI-0366";"qgc_source_uk_UA.ts";"APMSafetyComponent";"Breach action";"";"TODO";"../src/AutoPilotPlugins/APM/APMSafetyComponent.qml:505";"";"";"no"
"UI-0367";"qgc_source_uk_UA.ts";"APMSafetyComponent";"Fence margin";"";"TODO";"../src/AutoPilotPlugins/APM/APMSafetyComponent.qml:514";"";"";"no"
"UI-0368";"qgc_source_uk_UA.ts";"APMSafetyComponent";"Return to Launch";"";"TODO";"../src/AutoPilotPlugins/APM/APMSafetyComponent.qml:543 | ../src/AutoPilotPlugins/APM/APMSafetyComponent.qml:672";"";"";"no"
"UI-0369";"qgc_source_uk_UA.ts";"APMSafetyComponent";"Return at current altitude";"";"TODO";"../src/AutoPilotPlugins/APM/APMSafetyComponent.qml:573 | ../src/AutoPilotPlugins/APM/APMSafetyComponent.qml:686";"";"";"no"
"UI-0370";"qgc_source_uk_UA.ts";"APMSafetyComponent";"Return at specified altitude:";"";"TODO";"../src/AutoPilotPlugins/APM/APMSafetyComponent.qml:584 | ../src/AutoPilotPlugins/APM/APMSafetyComponent.qml:697";"";"";"no"
"UI-0371";"qgc_source_uk_UA.ts";"APMSafetyComponent";"Loiter above Home for:";"";"TODO";"../src/AutoPilotPlugins/APM/APMSafetyComponent.qml:605";"";"";"no"
"UI-0372";"qgc_source_uk_UA.ts";"APMSafetyComponent";"Final land stage altitude:";"";"TODO";"../src/AutoPilotPlugins/APM/APMSafetyComponent.qml:623";"";"";"no"
"UI-0373";"qgc_source_uk_UA.ts";"APMSafetyComponent";"Final land stage descent speed:";"";"TODO";"../src/AutoPilotPlugins/APM/APMSafetyComponent.qml:638";"";"";"no"
"UI-0374";"qgc_source_uk_UA.ts";"APMSafetyComponent";"Arming Checks";"";"TODO";"../src/AutoPilotPlugins/APM/APMSafetyComponent.qml:724";"";"";"no"
"UI-0375";"qgc_source_uk_UA.ts";"APMSafetyComponent";"Warning: Turning off arming checks can lead to loss of Vehicle control.";"";"TODO";"../src/AutoPilotPlugins/APM/APMSafetyComponent.qml:755";"";"";"no"
"UI-0376";"qgc_source_uk_UA.ts";"APMSafetyComponent";"Safety";"";"TODO";"../src/AutoPilotPlugins/APM/APMSafetyComponent.h:34";"";"";"no"
"UI-0377";"qgc_source_uk_UA.ts";"APMSafetyComponent";"Safety Setup is used to setup failsafe actions, leak detection, and arming checks.";"";"TODO";"../src/AutoPilotPlugins/APM/APMSafetyComponent.cc:24";"";"";"no"
"UI-0378";"qgc_source_uk_UA.ts";"APMSafetyComponent";"Safety Setup is used to setup triggers for Return to Land as well as the settings for Return to Land itself.";"";"TODO";"../src/AutoPilotPlugins/APM/APMSafetyComponent.cc:34";"";"";"no"
"UI-0379";"qgc_source_uk_UA.ts";"APMSafetyComponentCopter";"Battery1 Failsafe Triggers";"";"TODO";"../src/AutoPilotPlugins/APM/APMSafetyComponentCopter.qml:84";"";"";"no"
"UI-0380";"qgc_source_uk_UA.ts";"APMSafetyComponentCopter";"Battery low action:";"";"TODO";"../src/AutoPilotPlugins/APM/APMSafetyComponentCopter.qml:105 | ../src/AutoPilotPlugins/APM/APMSafetyComponentCopter.qml:177";"";"";"no"
"UI-0381";"qgc_source_uk_UA.ts";"APMSafetyComponentCopter";"Battery critical action:";"";"TODO";"../src/AutoPilotPlugins/APM/APMSafetyComponentCopter.qml:113 | ../src/AutoPilotPlugins/APM/APMSafetyComponentCopter.qml:185";"";"";"no"
"UI-0382";"qgc_source_uk_UA.ts";"APMSafetyComponentCopter";"Voltage threshold:";"";"TODO";"../src/AutoPilotPlugins/APM/APMSafetyComponentCopter.qml:124 | ../src/AutoPilotPlugins/APM/APMSafetyComponentCopter.qml:194";"";"";"no"
"UI-0383";"qgc_source_uk_UA.ts";"APMSafetyComponentCopter";"MAH threshold:";"";"TODO";"../src/AutoPilotPlugins/APM/APMSafetyComponentCopter.qml:135 | ../src/AutoPilotPlugins/APM/APMSafetyComponentCopter.qml:205";"";"";"no"
"UI-0384";"qgc_source_uk_UA.ts";"APMSafetyComponentCopter";"Battery2 Failsafe Triggers";"";"TODO";"../src/AutoPilotPlugins/APM/APMSafetyComponentCopter.qml:154";"";"";"no"
"UI-0385";"qgc_source_uk_UA.ts";"APMSafetyComponentCopter";"General Failsafe Triggers";"";"TODO";"../src/AutoPilotPlugins/APM/APMSafetyComponentCopter.qml:223";"";"";"no"
"UI-0386";"qgc_source_uk_UA.ts";"APMSafetyComponentCopter";"Ground Station failsafe:";"";"TODO";"../src/AutoPilotPlugins/APM/APMSafetyComponentCopter.qml:244";"";"";"no"
"UI-0387";"qgc_source_uk_UA.ts";"APMSafetyComponentCopter";"Throttle failsafe:";"";"TODO";"../src/AutoPilotPlugins/APM/APMSafetyComponentCopter.qml:251";"";"";"no"
"UI-0388";"qgc_source_uk_UA.ts";"APMSafetyComponentCopter";"Disabled";"";"TODO";"../src/AutoPilotPlugins/APM/APMSafetyComponentCopter.qml:253";"";"";"no"
"UI-0389";"qgc_source_uk_UA.ts";"APMSafetyComponentCopter";"Always RTL";"";"TODO";"../src/AutoPilotPlugins/APM/APMSafetyComponentCopter.qml:253";"";"";"no"
"UI-0390";"qgc_source_uk_UA.ts";"APMSafetyComponentCopter";"Continue with Mission in Auto Mode";"";"TODO";"../src/AutoPilotPlugins/APM/APMSafetyComponentCopter.qml:254";"";"";"no"
"UI-0391";"qgc_source_uk_UA.ts";"APMSafetyComponentCopter";"Always Land";"";"TODO";"../src/AutoPilotPlugins/APM/APMSafetyComponentCopter.qml:254";"";"";"no"
"UI-0392";"qgc_source_uk_UA.ts";"APMSafetyComponentCopter";"PWM threshold:";"";"TODO";"../src/AutoPilotPlugins/APM/APMSafetyComponentCopter.qml:261";"";"";"no"
"UI-0393";"qgc_source_uk_UA.ts";"APMSafetyComponentCopter";"GeoFence";"";"TODO";"../src/AutoPilotPlugins/APM/APMSafetyComponentCopter.qml:277";"";"";"no"
"UI-0394";"qgc_source_uk_UA.ts";"APMSafetyComponentCopter";"Circle GeoFence enabled";"";"TODO";"../src/AutoPilotPlugins/APM/APMSafetyComponentCopter.qml:292";"";"";"no"
"UI-0395";"qgc_source_uk_UA.ts";"APMSafetyComponentCopter";"Altitude GeoFence enabled";"";"TODO";"../src/AutoPilotPlugins/APM/APMSafetyComponentCopter.qml:317";"";"";"no"
"UI-0396";"qgc_source_uk_UA.ts";"APMSafetyComponentCopter";"Report only";"";"TODO";"../src/AutoPilotPlugins/APM/APMSafetyComponentCopter.qml:342";"";"";"no"
"UI-0397";"qgc_source_uk_UA.ts";"APMSafetyComponentCopter";"RTL or Land";"";"TODO";"../src/AutoPilotPlugins/APM/APMSafetyComponentCopter.qml:354";"";"";"no"
"UI-0398";"qgc_source_uk_UA.ts";"APMSafetyComponentCopter";"Max radius:";"";"TODO";"../src/AutoPilotPlugins/APM/APMSafetyComponentCopter.qml:365";"";"";"no"
"UI-0399";"qgc_source_uk_UA.ts";"APMSafetyComponentCopter";"Max altitude:";"";"TODO";"../src/AutoPilotPlugins/APM/APMSafetyComponentCopter.qml:381";"";"";"no"
"UI-0400";"qgc_source_uk_UA.ts";"APMSafetyComponentCopter";"Return to Launch";"";"TODO";"../src/AutoPilotPlugins/APM/APMSafetyComponentCopter.qml:401";"";"";"no"
"UI-0401";"qgc_source_uk_UA.ts";"APMSafetyComponentCopter";"Return at current altitude";"";"TODO";"../src/AutoPilotPlugins/APM/APMSafetyComponentCopter.qml:437";"";"";"no"
"UI-0402";"qgc_source_uk_UA.ts";"APMSafetyComponentCopter";"Return at specified altitude:";"";"TODO";"../src/AutoPilotPlugins/APM/APMSafetyComponentCopter.qml:449";"";"";"no"
"UI-0403";"qgc_source_uk_UA.ts";"APMSafetyComponentCopter";"Loiter above Home for:";"";"TODO";"../src/AutoPilotPlugins/APM/APMSafetyComponentCopter.qml:471";"";"";"no"
"UI-0404";"qgc_source_uk_UA.ts";"APMSafetyComponentCopter";"Land with descent speed:";"";"TODO";"../src/AutoPilotPlugins/APM/APMSafetyComponentCopter.qml:490";"";"";"no"
"UI-0405";"qgc_source_uk_UA.ts";"APMSafetyComponentCopter";"Final loiter altitude:";"";"TODO";"../src/AutoPilotPlugins/APM/APMSafetyComponentCopter.qml:511";"";"";"no"
"UI-0406";"qgc_source_uk_UA.ts";"APMSafetyComponentCopter";"Arming Checks";"";"TODO";"../src/AutoPilotPlugins/APM/APMSafetyComponentCopter.qml:533";"";"";"no"
"UI-0407";"qgc_source_uk_UA.ts";"APMSafetyComponentCopter";"Warning: Turning off arming checks can lead to loss of Vehicle control.";"";"TODO";"../src/AutoPilotPlugins/APM/APMSafetyComponentCopter.qml:564";"";"";"no"
"UI-0408";"qgc_source_uk_UA.ts";"APMSafetyComponentPlane";"Failsafe Triggers";"";"TODO";"../src/AutoPilotPlugins/APM/APMSafetyComponentPlane.qml:58";"";"";"no"
"UI-0409";"qgc_source_uk_UA.ts";"APMSafetyComponentPlane";"Throttle PWM threshold:";"";"TODO";"../src/AutoPilotPlugins/APM/APMSafetyComponentPlane.qml:72";"";"";"no"
"UI-0410";"qgc_source_uk_UA.ts";"APMSafetyComponentPlane";"Voltage threshold:";"";"TODO";"../src/AutoPilotPlugins/APM/APMSafetyComponentPlane.qml:93";"";"";"no"
"UI-0411";"qgc_source_uk_UA.ts";"APMSafetyComponentPlane";"MAH threshold:";"";"TODO";"../src/AutoPilotPlugins/APM/APMSafetyComponentPlane.qml:114";"";"";"no"
"UI-0412";"qgc_source_uk_UA.ts";"APMSafetyComponentPlane";"GCS failsafe";"";"TODO";"../src/AutoPilotPlugins/APM/APMSafetyComponentPlane.qml:135";"";"";"no"
"UI-0413";"qgc_source_uk_UA.ts";"APMSafetyComponentPlane";"Return to Launch";"";"TODO";"../src/AutoPilotPlugins/APM/APMSafetyComponentPlane.qml:147";"";"";"no"
"UI-0414";"qgc_source_uk_UA.ts";"APMSafetyComponentPlane";"Return at current altitude";"";"TODO";"../src/AutoPilotPlugins/APM/APMSafetyComponentPlane.qml:161";"";"";"no"
"UI-0415";"qgc_source_uk_UA.ts";"APMSafetyComponentPlane";"Return at specified altitude:";"";"TODO";"../src/AutoPilotPlugins/APM/APMSafetyComponentPlane.qml:173";"";"";"no"
"UI-0416";"qgc_source_uk_UA.ts";"APMSafetyComponentRover";"Failsafe Triggers";"";"TODO";"../src/AutoPilotPlugins/APM/APMSafetyComponentRover.qml:52";"";"";"no"
"UI-0417";"qgc_source_uk_UA.ts";"APMSafetyComponentRover";"Ground Station failsafe:";"";"TODO";"../src/AutoPilotPlugins/APM/APMSafetyComponentRover.qml:67";"";"";"no"
"UI-0418";"qgc_source_uk_UA.ts";"APMSafetyComponentRover";"Throttle failsafe:";"";"TODO";"../src/AutoPilotPlugins/APM/APMSafetyComponentRover.qml:86";"";"";"no"
"UI-0419";"qgc_source_uk_UA.ts";"APMSafetyComponentRover";"PWM threshold:";"";"TODO";"../src/AutoPilotPlugins/APM/APMSafetyComponentRover.qml:104";"";"";"no"
"UI-0420";"qgc_source_uk_UA.ts";"APMSafetyComponentRover";"Failsafe Crash Check:";"";"TODO";"../src/AutoPilotPlugins/APM/APMSafetyComponentRover.qml:121";"";"";"no"
"UI-0421";"qgc_source_uk_UA.ts";"APMSafetyComponentRover";"Disabled";"";"TODO";"../src/AutoPilotPlugins/APM/APMSafetyComponentRover.qml:130";"";"";"no"
"UI-0422";"qgc_source_uk_UA.ts";"APMSafetyComponentRover";"Hold";"";"TODO";"../src/AutoPilotPlugins/APM/APMSafetyComponentRover.qml:130";"";"";"no"
"UI-0423";"qgc_source_uk_UA.ts";"APMSafetyComponentRover";"Hold and Disarm";"";"TODO";"../src/AutoPilotPlugins/APM/APMSafetyComponentRover.qml:130";"";"";"no"
"UI-0424";"qgc_source_uk_UA.ts";"APMSafetyComponentRover";"Arming Checks";"";"TODO";"../src/AutoPilotPlugins/APM/APMSafetyComponentRover.qml:142";"";"";"no"
"UI-0425";"qgc_source_uk_UA.ts";"APMSafetyComponentRover";"Warning: Turning off arming checks can lead to loss of Vehicle control.";"";"TODO";"../src/AutoPilotPlugins/APM/APMSafetyComponentRover.qml:173";"";"";"no"
"UI-0426";"qgc_source_uk_UA.ts";"APMSafetyComponentSub";"Failsafe Actions";"";"TODO";"../src/AutoPilotPlugins/APM/APMSafetyComponentSub.qml:69";"";"";"no"
"UI-0427";"qgc_source_uk_UA.ts";"APMSafetyComponentSub";"GCS Heartbeat:";"";"TODO";"../src/AutoPilotPlugins/APM/APMSafetyComponentSub.qml:95";"";"";"no"
"UI-0428";"qgc_source_uk_UA.ts";"APMSafetyComponentSub";"Leak:";"";"TODO";"../src/AutoPilotPlugins/APM/APMSafetyComponentSub.qml:114";"";"";"no"
"UI-0429";"qgc_source_uk_UA.ts";"APMSafetyComponentSub";"Detector Pin:";"";"TODO";"../src/AutoPilotPlugins/APM/APMSafetyComponentSub.qml:126";"";"";"no"
"UI-0430";"qgc_source_uk_UA.ts";"APMSafetyComponentSub";"Logic when Dry:";"";"TODO";"../src/AutoPilotPlugins/APM/APMSafetyComponentSub.qml:141";"";"";"no"
"UI-0431";"qgc_source_uk_UA.ts";"APMSafetyComponentSub";"Battery:";"";"TODO";"../src/AutoPilotPlugins/APM/APMSafetyComponentSub.qml:164";"";"";"no"
"UI-0432";"qgc_source_uk_UA.ts";"APMSafetyComponentSub";"Power module not set up";"";"TODO";"../src/AutoPilotPlugins/APM/APMSafetyComponentSub.qml:177";"";"";"no"
"UI-0433";"qgc_source_uk_UA.ts";"APMSafetyComponentSub";"Voltage:";"";"TODO";"../src/AutoPilotPlugins/APM/APMSafetyComponentSub.qml:185";"";"";"no"
"UI-0434";"qgc_source_uk_UA.ts";"APMSafetyComponentSub";"Remaining Capacity:";"";"TODO";"../src/AutoPilotPlugins/APM/APMSafetyComponentSub.qml:199";"";"";"no"
"UI-0435";"qgc_source_uk_UA.ts";"APMSafetyComponentSub";"EKF:";"";"TODO";"../src/AutoPilotPlugins/APM/APMSafetyComponentSub.qml:221";"";"";"no"
"UI-0436";"qgc_source_uk_UA.ts";"APMSafetyComponentSub";"Pilot Input:";"";"TODO";"../src/AutoPilotPlugins/APM/APMSafetyComponentSub.qml:255";"";"";"no"
"UI-0437";"qgc_source_uk_UA.ts";"APMSafetyComponentSub";"Timeout:";"";"TODO";"../src/AutoPilotPlugins/APM/APMSafetyComponentSub.qml:267";"";"";"no"
"UI-0438";"qgc_source_uk_UA.ts";"APMSafetyComponentSub";"Internal Temperature:";"";"TODO";"../src/AutoPilotPlugins/APM/APMSafetyComponentSub.qml:290";"";"";"no"
"UI-0439";"qgc_source_uk_UA.ts";"APMSafetyComponentSub";"Internal Pressure:";"";"TODO";"../src/AutoPilotPlugins/APM/APMSafetyComponentSub.qml:323";"";"";"no"
"UI-0440";"qgc_source_uk_UA.ts";"APMSafetyComponentSub";"Threshold:";"";"TODO";"../src/AutoPilotPlugins/APM/APMSafetyComponentSub.qml:302 | ../src/AutoPilotPlugins/APM/APMSafetyComponentSub.qml:335";"";"";"no"
"UI-0441";"qgc_source_uk_UA.ts";"APMSafetyComponentSub";"Arming Checks";"";"TODO";"../src/AutoPilotPlugins/APM/APMSafetyComponentSub.qml:356";"";"";"no"
"UI-0442";"qgc_source_uk_UA.ts";"APMSafetyComponentSub";"Warning: Turning off arming checks can lead to loss of Vehicle control.";"";"TODO";"../src/AutoPilotPlugins/APM/APMSafetyComponentSub.qml:387";"";"";"no"
"UI-0443";"qgc_source_uk_UA.ts";"APMSafetyComponentSummary";"Arming Checks:";"";"TODO";"../src/AutoPilotPlugins/APM/APMSafetyComponentSummary.qml:37";"";"";"no"
"UI-0444";"qgc_source_uk_UA.ts";"APMSafetyComponentSummary";"Enabled";"";"TODO";"../src/AutoPilotPlugins/APM/APMSafetyComponentSummary.qml:38";"";"";"no"
"UI-0445";"qgc_source_uk_UA.ts";"APMSafetyComponentSummary";"Some disabled";"";"TODO";"../src/AutoPilotPlugins/APM/APMSafetyComponentSummary.qml:38";"";"";"no"
"UI-0446";"qgc_source_uk_UA.ts";"APMSafetyComponentSummary";"Throttle failsafe:";"";"TODO";"../src/AutoPilotPlugins/APM/APMSafetyComponentSummary.qml:44 | ../src/AutoPilotPlugins/APM/APMSafetyComponentSummary.qml:52 | ../src/AutoPilotPlugins/APM/APMSafetyComponentSummary.qml:60";"";"";"no"
"UI-0447";"qgc_source_uk_UA.ts";"APMSafetyComponentSummary";"Failsafe Action:";"";"TODO";"../src/AutoPilotPlugins/APM/APMSafetyComponentSummary.qml:68";"";"";"no"
"UI-0448";"qgc_source_uk_UA.ts";"APMSafetyComponentSummary";"Failsafe Crash Check:";"";"TODO";"../src/AutoPilotPlugins/APM/APMSafetyComponentSummary.qml:76";"";"";"no"
"UI-0449";"qgc_source_uk_UA.ts";"APMSafetyComponentSummary";"Batt1 low failsafe:";"";"TODO";"../src/AutoPilotPlugins/APM/APMSafetyComponentSummary.qml:84";"";"";"no"
"UI-0450";"qgc_source_uk_UA.ts";"APMSafetyComponentSummary";"Batt1 critical failsafe:";"";"TODO";"../src/AutoPilotPlugins/APM/APMSafetyComponentSummary.qml:90";"";"";"no"
"UI-0451";"qgc_source_uk_UA.ts";"APMSafetyComponentSummary";"Batt2 low failsafe:";"";"TODO";"../src/AutoPilotPlugins/APM/APMSafetyComponentSummary.qml:96";"";"";"no"
"UI-0452";"qgc_source_uk_UA.ts";"APMSafetyComponentSummary";"Batt2 critical failsafe:";"";"TODO";"../src/AutoPilotPlugins/APM/APMSafetyComponentSummary.qml:102";"";"";"no"
"UI-0453";"qgc_source_uk_UA.ts";"APMSafetyComponentSummary";"GeoFence:";"";"TODO";"../src/AutoPilotPlugins/APM/APMSafetyComponentSummary.qml:108 | ../src/AutoPilotPlugins/APM/APMSafetyComponentSummary.qml:129";"";"";"no"
"UI-0454";"qgc_source_uk_UA.ts";"APMSafetyComponentSummary";"Disabled";"";"TODO";"../src/AutoPilotPlugins/APM/APMSafetyComponentSummary.qml:112";"";"";"no"
"UI-0455";"qgc_source_uk_UA.ts";"APMSafetyComponentSummary";"Altitude";"";"TODO";"../src/AutoPilotPlugins/APM/APMSafetyComponentSummary.qml:115";"";"";"no"
"UI-0456";"qgc_source_uk_UA.ts";"APMSafetyComponentSummary";"Circle";"";"TODO";"../src/AutoPilotPlugins/APM/APMSafetyComponentSummary.qml:118";"";"";"no"
"UI-0457";"qgc_source_uk_UA.ts";"APMSafetyComponentSummary";"Altitude,Circle";"";"TODO";"../src/AutoPilotPlugins/APM/APMSafetyComponentSummary.qml:120";"";"";"no"
"UI-0458";"qgc_source_uk_UA.ts";"APMSafetyComponentSummary";"Report only";"";"TODO";"../src/AutoPilotPlugins/APM/APMSafetyComponentSummary.qml:131";"";"";"no"
"UI-0459";"qgc_source_uk_UA.ts";"APMSafetyComponentSummary";"RTL or Land";"";"TODO";"../src/AutoPilotPlugins/APM/APMSafetyComponentSummary.qml:132";"";"";"no"
"UI-0460";"qgc_source_uk_UA.ts";"APMSafetyComponentSummary";"Unknown";"";"TODO";"../src/AutoPilotPlugins/APM/APMSafetyComponentSummary.qml:132";"";"";"no"
"UI-0461";"qgc_source_uk_UA.ts";"APMSafetyComponentSummary";"RTL min alt:";"";"TODO";"../src/AutoPilotPlugins/APM/APMSafetyComponentSummary.qml:137 | ../src/AutoPilotPlugins/APM/APMSafetyComponentSummary.qml:145";"";"";"no"
"UI-0462";"qgc_source_uk_UA.ts";"APMSafetyComponentSummary";"current";"";"TODO";"../src/AutoPilotPlugins/APM/APMSafetyComponentSummary.qml:138 | ../src/AutoPilotPlugins/APM/APMSafetyComponentSummary.qml:146";"";"";"no"
"UI-0463";"qgc_source_uk_UA.ts";"APMSafetyComponentSummaryCopter";"Arming Checks:";"";"TODO";"../src/AutoPilotPlugins/APM/APMSafetyComponentSummaryCopter.qml:41";"";"";"no"
"UI-0464";"qgc_source_uk_UA.ts";"APMSafetyComponentSummaryCopter";"Enabled";"";"TODO";"../src/AutoPilotPlugins/APM/APMSafetyComponentSummaryCopter.qml:42";"";"";"no"
"UI-0465";"qgc_source_uk_UA.ts";"APMSafetyComponentSummaryCopter";"Some disabled";"";"TODO";"../src/AutoPilotPlugins/APM/APMSafetyComponentSummaryCopter.qml:42";"";"";"no"
"UI-0466";"qgc_source_uk_UA.ts";"APMSafetyComponentSummaryCopter";"Throttle failsafe:";"";"TODO";"../src/AutoPilotPlugins/APM/APMSafetyComponentSummaryCopter.qml:46";"";"";"no"
"UI-0467";"qgc_source_uk_UA.ts";"APMSafetyComponentSummaryCopter";"Batt1 low failsafe:";"";"TODO";"../src/AutoPilotPlugins/APM/APMSafetyComponentSummaryCopter.qml:51";"";"";"no"
"UI-0468";"qgc_source_uk_UA.ts";"APMSafetyComponentSummaryCopter";"Batt1 critical failsafe:";"";"TODO";"../src/AutoPilotPlugins/APM/APMSafetyComponentSummaryCopter.qml:57";"";"";"no"
"UI-0469";"qgc_source_uk_UA.ts";"APMSafetyComponentSummaryCopter";"Batt2 low failsafe:";"";"TODO";"../src/AutoPilotPlugins/APM/APMSafetyComponentSummaryCopter.qml:63";"";"";"no"
"UI-0470";"qgc_source_uk_UA.ts";"APMSafetyComponentSummaryCopter";"Batt2 critical failsafe:";"";"TODO";"../src/AutoPilotPlugins/APM/APMSafetyComponentSummaryCopter.qml:69";"";"";"no"
"UI-0471";"qgc_source_uk_UA.ts";"APMSafetyComponentSummaryCopter";"GeoFence:";"";"TODO";"../src/AutoPilotPlugins/APM/APMSafetyComponentSummaryCopter.qml:75 | ../src/AutoPilotPlugins/APM/APMSafetyComponentSummaryCopter.qml:84";"";"";"no"
"UI-0472";"qgc_source_uk_UA.ts";"APMSafetyComponentSummaryCopter";"Disabled";"";"TODO";"../src/AutoPilotPlugins/APM/APMSafetyComponentSummaryCopter.qml:77";"";"";"no"
"UI-0473";"qgc_source_uk_UA.ts";"APMSafetyComponentSummaryCopter";"Altitude";"";"TODO";"../src/AutoPilotPlugins/APM/APMSafetyComponentSummaryCopter.qml:79";"";"";"no"
"UI-0474";"qgc_source_uk_UA.ts";"APMSafetyComponentSummaryCopter";"Circle";"";"TODO";"../src/AutoPilotPlugins/APM/APMSafetyComponentSummaryCopter.qml:80";"";"";"no"
"UI-0475";"qgc_source_uk_UA.ts";"APMSafetyComponentSummaryCopter";"Altitude,Circle";"";"TODO";"../src/AutoPilotPlugins/APM/APMSafetyComponentSummaryCopter.qml:80";"";"";"no"
"UI-0476";"qgc_source_uk_UA.ts";"APMSafetyComponentSummaryCopter";"Report only";"";"TODO";"../src/AutoPilotPlugins/APM/APMSafetyComponentSummaryCopter.qml:86";"";"";"no"
"UI-0477";"qgc_source_uk_UA.ts";"APMSafetyComponentSummaryCopter";"RTL or Land";"";"TODO";"../src/AutoPilotPlugins/APM/APMSafetyComponentSummaryCopter.qml:87";"";"";"no"
"UI-0478";"qgc_source_uk_UA.ts";"APMSafetyComponentSummaryCopter";"Unknown";"";"TODO";"../src/AutoPilotPlugins/APM/APMSafetyComponentSummaryCopter.qml:87";"";"";"no"
"UI-0479";"qgc_source_uk_UA.ts";"APMSafetyComponentSummaryCopter";"RTL min alt:";"";"TODO";"../src/AutoPilotPlugins/APM/APMSafetyComponentSummaryCopter.qml:92";"";"";"no"
"UI-0480";"qgc_source_uk_UA.ts";"APMSafetyComponentSummaryCopter";"current";"";"TODO";"../src/AutoPilotPlugins/APM/APMSafetyComponentSummaryCopter.qml:93";"";"";"no"
"UI-0481";"qgc_source_uk_UA.ts";"APMSafetyComponentSummaryPlane";"Throttle failsafe:";"";"TODO";"../src/AutoPilotPlugins/APM/APMSafetyComponentSummaryPlane.qml:33";"";"";"no"
"UI-0482";"qgc_source_uk_UA.ts";"APMSafetyComponentSummaryPlane";"Disabled";"";"TODO";"../src/AutoPilotPlugins/APM/APMSafetyComponentSummaryPlane.qml:34 | ../src/AutoPilotPlugins/APM/APMSafetyComponentSummaryPlane.qml:39 | ../src/AutoPilotPlugins/APM/APMSafetyComponentSummaryPlane.qml:44";"";"";"no"
"UI-0483";"qgc_source_uk_UA.ts";"APMSafetyComponentSummaryPlane";"Voltage failsafe:";"";"TODO";"../src/AutoPilotPlugins/APM/APMSafetyComponentSummaryPlane.qml:38";"";"";"no"
"UI-0484";"qgc_source_uk_UA.ts";"APMSafetyComponentSummaryPlane";"mAh failsafe:";"";"TODO";"../src/AutoPilotPlugins/APM/APMSafetyComponentSummaryPlane.qml:43";"";"";"no"
"UI-0485";"qgc_source_uk_UA.ts";"APMSafetyComponentSummaryPlane";"RTL min alt:";"";"TODO";"../src/AutoPilotPlugins/APM/APMSafetyComponentSummaryPlane.qml:48";"";"";"no"
"UI-0486";"qgc_source_uk_UA.ts";"APMSafetyComponentSummaryPlane";"current";"";"TODO";"../src/AutoPilotPlugins/APM/APMSafetyComponentSummaryPlane.qml:49";"";"";"no"
"UI-0487";"qgc_source_uk_UA.ts";"APMSafetyComponentSummaryRover";"Disabled";"";"TODO";"../src/AutoPilotPlugins/APM/APMSafetyComponentSummaryRover.qml:54 | ../src/AutoPilotPlugins/APM/APMSafetyComponentSummaryRover.qml:70 | ../src/AutoPilotPlugins/APM/APMSafetyComponentSummaryRover.qml:93";"";"";"no"
"UI-0488";"qgc_source_uk_UA.ts";"APMSafetyComponentSummaryRover";"Always RTL";"";"TODO";"../src/AutoPilotPlugins/APM/APMSafetyComponentSummaryRover.qml:57";"";"";"no"
"UI-0489";"qgc_source_uk_UA.ts";"APMSafetyComponentSummaryRover";"Always Hold";"";"TODO";"../src/AutoPilotPlugins/APM/APMSafetyComponentSummaryRover.qml:60";"";"";"no"
"UI-0490";"qgc_source_uk_UA.ts";"APMSafetyComponentSummaryRover";"Unknown";"";"TODO";"../src/AutoPilotPlugins/APM/APMSafetyComponentSummaryRover.qml:63 | ../src/AutoPilotPlugins/APM/APMSafetyComponentSummaryRover.qml:79";"";"";"no"
"UI-0491";"qgc_source_uk_UA.ts";"APMSafetyComponentSummaryRover";"Hold";"";"TODO";"../src/AutoPilotPlugins/APM/APMSafetyComponentSummaryRover.qml:73";"";"";"no"
"UI-0492";"qgc_source_uk_UA.ts";"APMSafetyComponentSummaryRover";"Hold and Disarm";"";"TODO";"../src/AutoPilotPlugins/APM/APMSafetyComponentSummaryRover.qml:76";"";"";"no"
"UI-0493";"qgc_source_uk_UA.ts";"APMSafetyComponentSummaryRover";"Arming Checks:";"";"TODO";"../src/AutoPilotPlugins/APM/APMSafetyComponentSummaryRover.qml:87";"";"";"no"
"UI-0494";"qgc_source_uk_UA.ts";"APMSafetyComponentSummaryRover";"Enabled";"";"TODO";"../src/AutoPilotPlugins/APM/APMSafetyComponentSummaryRover.qml:88";"";"";"no"
"UI-0495";"qgc_source_uk_UA.ts";"APMSafetyComponentSummaryRover";"Some disabled";"";"TODO";"../src/AutoPilotPlugins/APM/APMSafetyComponentSummaryRover.qml:88";"";"";"no"
"UI-0496";"qgc_source_uk_UA.ts";"APMSafetyComponentSummaryRover";"Throttle failsafe:";"";"TODO";"../src/AutoPilotPlugins/APM/APMSafetyComponentSummaryRover.qml:92";"";"";"no"
"UI-0497";"qgc_source_uk_UA.ts";"APMSafetyComponentSummaryRover";"Failsafe Action:";"";"TODO";"../src/AutoPilotPlugins/APM/APMSafetyComponentSummaryRover.qml:97";"";"";"no"
"UI-0498";"qgc_source_uk_UA.ts";"APMSafetyComponentSummaryRover";"Failsafe Crash Check:";"";"TODO";"../src/AutoPilotPlugins/APM/APMSafetyComponentSummaryRover.qml:102";"";"";"no"
"UI-0499";"qgc_source_uk_UA.ts";"APMSafetyComponentSummarySub";"Arming Checks:";"";"TODO";"../src/AutoPilotPlugins/APM/APMSafetyComponentSummarySub.qml:42";"";"";"no"
"UI-0500";"qgc_source_uk_UA.ts";"APMSafetyComponentSummarySub";"Enabled";"";"TODO";"../src/AutoPilotPlugins/APM/APMSafetyComponentSummarySub.qml:43";"";"";"no"
"UI-0501";"qgc_source_uk_UA.ts";"APMSafetyComponentSummarySub";"Some disabled";"";"TODO";"../src/AutoPilotPlugins/APM/APMSafetyComponentSummarySub.qml:43";"";"";"no"
"UI-0502";"qgc_source_uk_UA.ts";"APMSafetyComponentSummarySub";"GCS failsafe:";"";"TODO";"../src/AutoPilotPlugins/APM/APMSafetyComponentSummarySub.qml:46";"";"";"no"
"UI-0503";"qgc_source_uk_UA.ts";"APMSafetyComponentSummarySub";"Leak failsafe:";"";"TODO";"../src/AutoPilotPlugins/APM/APMSafetyComponentSummarySub.qml:50";"";"";"no"
"UI-0504";"qgc_source_uk_UA.ts";"APMSafetyComponentSummarySub";"Battery failsafe:";"";"TODO";"../src/AutoPilotPlugins/APM/APMSafetyComponentSummarySub.qml:55";"";"";"no"
"UI-0505";"qgc_source_uk_UA.ts";"APMSafetyComponentSummarySub";"EKF failsafe:";"";"TODO";"../src/AutoPilotPlugins/APM/APMSafetyComponentSummarySub.qml:70";"";"";"no"
"UI-0506";"qgc_source_uk_UA.ts";"APMSafetyComponentSummarySub";"Pilot Input failsafe:";"";"TODO";"../src/AutoPilotPlugins/APM/APMSafetyComponentSummarySub.qml:75";"";"";"no"
"UI-0507";"qgc_source_uk_UA.ts";"APMSafetyComponentSummarySub";"Int. Temperature failsafe:";"";"TODO";"../src/AutoPilotPlugins/APM/APMSafetyComponentSummarySub.qml:79";"";"";"no"
"UI-0508";"qgc_source_uk_UA.ts";"APMSafetyComponentSummarySub";"Int. Pressure failsafe:";"";"TODO";"../src/AutoPilotPlugins/APM/APMSafetyComponentSummarySub.qml:83";"";"";"no"
"UI-0509";"qgc_source_uk_UA.ts";"APMSensorsComponent";"If mounted in the direction of flight, select None.";"";"TODO";"../src/AutoPilotPlugins/APM/APMSensorsComponent.qml:40";"";"";"no"
"UI-0510";"qgc_source_uk_UA.ts";"APMSensorsComponent";"Before calibrating make sure rotation settings are correct. ";"";"TODO";"../src/AutoPilotPlugins/APM/APMSensorsComponent.qml:41";"";"";"no"
"UI-0511";"qgc_source_uk_UA.ts";"APMSensorsComponent";"If the compass or GPS module is mounted in flight direction, leave the default value (None)";"";"TODO";"../src/AutoPilotPlugins/APM/APMSensorsComponent.qml:42";"";"";"no"
"UI-0512";"qgc_source_uk_UA.ts";"APMSensorsComponent";"For Compass calibration you will need to rotate your vehicle through a number of positions.";"";"TODO";"../src/AutoPilotPlugins/APM/APMSensorsComponent.qml:44";"";"";"no"
"UI-0513";"qgc_source_uk_UA.ts";"APMSensorsComponent";"For Gyroscope calibration you will need to place your vehicle on a surface and leave it still.";"";"TODO";"../src/AutoPilotPlugins/APM/APMSensorsComponent.qml:45";"";"";"no"
"UI-0514";"qgc_source_uk_UA.ts";"APMSensorsComponent";"For Accelerometer calibration you will need to place your vehicle on all six sides on a perfectly level surface and hold it still in each orientation for a few seconds.";"";"TODO";"../src/AutoPilotPlugins/APM/APMSensorsComponent.qml:46";"";"";"no"
"UI-0515";"qgc_source_uk_UA.ts";"APMSensorsComponent";"To level the horizon you need to place the vehicle in its level flight position and press OK.";"";"TODO";"../src/AutoPilotPlugins/APM/APMSensorsComponent.qml:47";"";"";"no"
"UI-0516";"qgc_source_uk_UA.ts";"APMSensorsComponent";"Start the individual calibration steps by clicking one of the buttons to the left.";"";"TODO";"../src/AutoPilotPlugins/APM/APMSensorsComponent.qml:49";"";"";"no"
"UI-0517";"qgc_source_uk_UA.ts";"APMSensorsComponent";"The calibration for Compass %1 appears to be poor. ";"";"TODO";"../src/AutoPilotPlugins/APM/APMSensorsComponent.qml:57";"";"";"no"
"UI-0518";"qgc_source_uk_UA.ts";"APMSensorsComponent";"Check the compass position within your vehicle and re-do the calibration.";"";"TODO";"../src/AutoPilotPlugins/APM/APMSensorsComponent.qml:58";"";"";"no"
"UI-0519";"qgc_source_uk_UA.ts";"APMSensorsComponent";"Calibrate Compass";"";"TODO";"../src/AutoPilotPlugins/APM/APMSensorsComponent.qml:99 | ../src/AutoPilotPlugins/APM/APMSensorsComponent.qml:682";"";"";"no"
"UI-0520";"qgc_source_uk_UA.ts";"APMSensorsComponent";"Calibrate Accelerometer";"";"TODO";"../src/AutoPilotPlugins/APM/APMSensorsComponent.qml:105";"";"";"no"
"UI-0521";"qgc_source_uk_UA.ts";"APMSensorsComponent";"Sensor Settings";"";"TODO";"../src/AutoPilotPlugins/APM/APMSensorsComponent.qml:111 | ../src/AutoPilotPlugins/APM/APMSensorsComponent.qml:739";"";"";"no"
"UI-0522";"qgc_source_uk_UA.ts";"APMSensorsComponent";"Calibration Cancel";"";"TODO";"../src/AutoPilotPlugins/APM/APMSensorsComponent.qml:188";"";"";"no"
"UI-0523";"qgc_source_uk_UA.ts";"APMSensorsComponent";"Calibration complete";"";"TODO";"../src/AutoPilotPlugins/APM/APMSensorsComponent.qml:272 | ../src/AutoPilotPlugins/APM/APMSensorsComponent.qml:311";"";"";"no"
"UI-0524";"qgc_source_uk_UA.ts";"APMSensorsComponent";"Waiting for Vehicle to response to Cancel. This may take a few seconds.";"";"TODO";"../src/AutoPilotPlugins/APM/APMSensorsComponent.qml:189";"";"";"no"
"UI-0525";"qgc_source_uk_UA.ts";"APMSensorsComponent";"(primary";"";"TODO";"../src/AutoPilotPlugins/APM/APMSensorsComponent.qml:127";"";"";"no"
"UI-0526";"qgc_source_uk_UA.ts";"APMSensorsComponent";"(secondary";"";"TODO";"../src/AutoPilotPlugins/APM/APMSensorsComponent.qml:127";"";"";"no"
"UI-0527";"qgc_source_uk_UA.ts";"APMSensorsComponent";"Use Compass";"";"TODO";"../src/AutoPilotPlugins/APM/APMSensorsComponent.qml:360";"";"";"no"
"UI-0528";"qgc_source_uk_UA.ts";"APMSensorsComponent";"Shown in the indicator bars is the quality of the calibration for each compass.

";"";"TODO";"../src/AutoPilotPlugins/APM/APMSensorsComponent.qml:288";"";"";"no"
"UI-0529";"qgc_source_uk_UA.ts";"APMSensorsComponent";"Compass %1 ";"";"TODO";"../src/AutoPilotPlugins/APM/APMSensorsComponent.qml:123";"";"";"no"
"UI-0530";"qgc_source_uk_UA.ts";"APMSensorsComponent";", ";"";"TODO";"../src/AutoPilotPlugins/APM/APMSensorsComponent.qml:136";"";"";"no"
"UI-0531";"qgc_source_uk_UA.ts";"APMSensorsComponent";"external";"";"TODO";"../src/AutoPilotPlugins/APM/APMSensorsComponent.qml:138";"";"";"no"
"UI-0532";"qgc_source_uk_UA.ts";"APMSensorsComponent";"internal";"";"TODO";"../src/AutoPilotPlugins/APM/APMSensorsComponent.qml:138";"";"";"no"
"UI-0533";"qgc_source_uk_UA.ts";"APMSensorsComponent";"- Green indicates a well functioning compass.
";"";"TODO";"../src/AutoPilotPlugins/APM/APMSensorsComponent.qml:289";"";"";"no"
"UI-0534";"qgc_source_uk_UA.ts";"APMSensorsComponent";"- Yellow indicates a questionable compass or calibration.
";"";"TODO";"../src/AutoPilotPlugins/APM/APMSensorsComponent.qml:290";"";"";"no"
"UI-0535";"qgc_source_uk_UA.ts";"APMSensorsComponent";"- Red indicates a compass which should not be used.

";"";"TODO";"../src/AutoPilotPlugins/APM/APMSensorsComponent.qml:291";"";"";"no"
"UI-0536";"qgc_source_uk_UA.ts";"APMSensorsComponent";"YOU MUST REBOOT YOUR VEHICLE AFTER EACH CALIBRATION.";"";"TODO";"../src/AutoPilotPlugins/APM/APMSensorsComponent.qml:292 | ../src/AutoPilotPlugins/APM/APMSensorsComponent.qml:321";"";"";"no"
"UI-0537";"qgc_source_uk_UA.ts";"APMSensorsComponent";"Reboot Vehicle";"";"TODO";"../src/AutoPilotPlugins/APM/APMSensorsComponent.qml:296 | ../src/AutoPilotPlugins/APM/APMSensorsComponent.qml:325";"";"";"no"
"UI-0538";"qgc_source_uk_UA.ts";"APMSensorsComponent";"Priority 1";"";"TODO";"../src/AutoPilotPlugins/APM/APMSensorsComponent.qml:366";"";"";"no"
"UI-0539";"qgc_source_uk_UA.ts";"APMSensorsComponent";"Priority 2";"";"TODO";"../src/AutoPilotPlugins/APM/APMSensorsComponent.qml:366";"";"";"no"
"UI-0540";"qgc_source_uk_UA.ts";"APMSensorsComponent";"Priority 3";"";"TODO";"../src/AutoPilotPlugins/APM/APMSensorsComponent.qml:366";"";"";"no"
"UI-0541";"qgc_source_uk_UA.ts";"APMSensorsComponent";"Not Set";"";"TODO";"../src/AutoPilotPlugins/APM/APMSensorsComponent.qml:366";"";"";"no"
"UI-0542";"qgc_source_uk_UA.ts";"APMSensorsComponent";"Orientation:";"";"TODO";"../src/AutoPilotPlugins/APM/APMSensorsComponent.qml:399";"";"";"no"
"UI-0543";"qgc_source_uk_UA.ts";"APMSensorsComponent";"Autopilot Rotation:";"";"TODO";"../src/AutoPilotPlugins/APM/APMSensorsComponent.qml:459";"";"";"no"
"UI-0544";"qgc_source_uk_UA.ts";"APMSensorsComponent";"Simple accelerometer calibration is less precise but allows calibrating without rotating the vehicle. Check this if you have a large/heavy vehicle.";"";"TODO";"../src/AutoPilotPlugins/APM/APMSensorsComponent.qml:476";"";"";"no"
"UI-0545";"qgc_source_uk_UA.ts";"APMSensorsComponent";"Magnetic Declination";"";"TODO";"../src/AutoPilotPlugins/APM/APMSensorsComponent.qml:494";"";"";"no"
"UI-0546";"qgc_source_uk_UA.ts";"APMSensorsComponent";"Manual Magnetic Declination";"";"TODO";"../src/AutoPilotPlugins/APM/APMSensorsComponent.qml:506";"";"";"no"
"UI-0547";"qgc_source_uk_UA.ts";"APMSensorsComponent";"Fast compass calibration given vehicle position and yaw. This ";"";"TODO";"../src/AutoPilotPlugins/APM/APMSensorsComponent.qml:528";"";"";"no"
"UI-0548";"qgc_source_uk_UA.ts";"APMSensorsComponent";"results in zero diagonal and off-diagonal elements, so is only ";"";"TODO";"../src/AutoPilotPlugins/APM/APMSensorsComponent.qml:529";"";"";"no"
"UI-0549";"qgc_source_uk_UA.ts";"APMSensorsComponent";"suitable for vehicles where the field is close to spherical. It is ";"";"TODO";"../src/AutoPilotPlugins/APM/APMSensorsComponent.qml:530";"";"";"no"
"UI-0550";"qgc_source_uk_UA.ts";"APMSensorsComponent";"useful for large vehicles where moving the vehicle to calibrate it ";"";"TODO";"../src/AutoPilotPlugins/APM/APMSensorsComponent.qml:531";"";"";"no"
"UI-0551";"qgc_source_uk_UA.ts";"APMSensorsComponent";"is difficult. Point the vehicle North before using it.";"";"TODO";"../src/AutoPilotPlugins/APM/APMSensorsComponent.qml:532";"";"";"no"
"UI-0552";"qgc_source_uk_UA.ts";"APMSensorsComponent";"Fast Calibration";"";"TODO";"../src/AutoPilotPlugins/APM/APMSensorsComponent.qml:545";"";"";"no"
"UI-0553";"qgc_source_uk_UA.ts";"APMSensorsComponent";"Vehicle has no Valid positon, please provide it";"";"TODO";"../src/AutoPilotPlugins/APM/APMSensorsComponent.qml:553";"";"";"no"
"UI-0554";"qgc_source_uk_UA.ts";"APMSensorsComponent";"Use GCS position instead";"";"TODO";"../src/AutoPilotPlugins/APM/APMSensorsComponent.qml:559";"";"";"no"
"UI-0555";"qgc_source_uk_UA.ts";"APMSensorsComponent";"Use current map position instead";"";"TODO";"../src/AutoPilotPlugins/APM/APMSensorsComponent.qml:565";"";"";"no"
"UI-0556";"qgc_source_uk_UA.ts";"APMSensorsComponent";"Lat: ";"";"TODO";"../src/AutoPilotPlugins/APM/APMSensorsComponent.qml:572";"";"";"no"
"UI-0557";"qgc_source_uk_UA.ts";"APMSensorsComponent";"Compass Motor Interference Calibration";"";"TODO";"../src/AutoPilotPlugins/APM/APMSensorsComponent.qml:599";"";"";"no"
"UI-0558";"qgc_source_uk_UA.ts";"APMSensorsComponent";"This is recommended for vehicles that have only an internal compass and on vehicles where there is significant interference on the compass from the motors, power wires, etc. ";"";"TODO";"../src/AutoPilotPlugins/APM/APMSensorsComponent.qml:612";"";"";"no"
"UI-0559";"qgc_source_uk_UA.ts";"APMSensorsComponent";"CompassMot only works well if you have a battery current monitor because the magnetic interference is linear with current drawn. ";"";"TODO";"../src/AutoPilotPlugins/APM/APMSensorsComponent.qml:613";"";"";"no"
"UI-0560";"qgc_source_uk_UA.ts";"APMSensorsComponent";"It is technically possible to set-up CompassMot using throttle but this is not recommended.";"";"TODO";"../src/AutoPilotPlugins/APM/APMSensorsComponent.qml:614";"";"";"no"
"UI-0561";"qgc_source_uk_UA.ts";"APMSensorsComponent";"Disconnect your props, flip them over and rotate them one position around the frame. ";"";"TODO";"../src/AutoPilotPlugins/APM/APMSensorsComponent.qml:621";"";"";"no"
"UI-0562";"qgc_source_uk_UA.ts";"APMSensorsComponent";"In this configuration they should push the copter down into the ground when the throttle is raised.";"";"TODO";"../src/AutoPilotPlugins/APM/APMSensorsComponent.qml:622";"";"";"no"
"UI-0563";"qgc_source_uk_UA.ts";"APMSensorsComponent";"Secure the copter (perhaps with tape) so that it does not move.";"";"TODO";"../src/AutoPilotPlugins/APM/APMSensorsComponent.qml:629";"";"";"no"
"UI-0564";"qgc_source_uk_UA.ts";"APMSensorsComponent";"Turn on your transmitter and keep throttle at zero.";"";"TODO";"../src/AutoPilotPlugins/APM/APMSensorsComponent.qml:636";"";"";"no"
"UI-0565";"qgc_source_uk_UA.ts";"APMSensorsComponent";"Click Ok to start CompassMot calibration.";"";"TODO";"../src/AutoPilotPlugins/APM/APMSensorsComponent.qml:643";"";"";"no"
"UI-0566";"qgc_source_uk_UA.ts";"APMSensorsComponent";"To level the horizon you need to place the vehicle in its level flight position and press Ok.";"";"TODO";"../src/AutoPilotPlugins/APM/APMSensorsComponent.qml:700";"";"";"no"
"UI-0567";"qgc_source_uk_UA.ts";"APMSensorsComponent";"depth";"";"TODO";"../src/AutoPilotPlugins/APM/APMSensorsComponent.qml:725";"";"";"no"
"UI-0568";"qgc_source_uk_UA.ts";"APMSensorsComponent";"altitude";"";"TODO";"../src/AutoPilotPlugins/APM/APMSensorsComponent.qml:725";"";"";"no"
"UI-0569";"qgc_source_uk_UA.ts";"APMSensorsComponent";"Pressure calibration will set the %1 to zero at the current pressure reading. %2";"";"TODO";"../src/AutoPilotPlugins/APM/APMSensorsComponent.qml:721";"";"";"no"
"UI-0570";"qgc_source_uk_UA.ts";"APMSensorsComponent";"To calibrate the airspeed sensor shield it from the wind. Do not touch the sensor or obstruct any holes during the calibration.";"";"TODO";"../src/AutoPilotPlugins/APM/APMSensorsComponent.qml:726";"";"";"no"
"UI-0571";"qgc_source_uk_UA.ts";"APMSensorsComponent";"For Gyroscope calibration you will need to place your vehicle on a surface and leave it still.

Click Ok to start calibration.";"";"TODO";"../src/AutoPilotPlugins/APM/APMSensorsComponent.qml:712";"";"";"no"
"UI-0572";"qgc_source_uk_UA.ts";"APMSensorsComponent";"Accelerometer";"";"TODO";"../src/AutoPilotPlugins/APM/APMSensorsComponent.qml:666";"";"";"no"
"UI-0573";"qgc_source_uk_UA.ts";"APMSensorsComponent";"Compass";"";"TODO";"../src/AutoPilotPlugins/APM/APMSensorsComponent.qml:677";"";"";"no"
"UI-0574";"qgc_source_uk_UA.ts";"APMSensorsComponent";"Accelerometer must be calibrated prior to Compass.";"";"TODO";"../src/AutoPilotPlugins/APM/APMSensorsComponent.qml:682";"";"";"no"
"UI-0575";"qgc_source_uk_UA.ts";"APMSensorsComponent";"Level Horizon";"";"TODO";"../src/AutoPilotPlugins/APM/APMSensorsComponent.qml:693";"";"";"no"
"UI-0576";"qgc_source_uk_UA.ts";"APMSensorsComponent";"Accelerometer must be calibrated prior to Level Horizon.";"";"TODO";"../src/AutoPilotPlugins/APM/APMSensorsComponent.qml:697";"";"";"no"
"UI-0577";"qgc_source_uk_UA.ts";"APMSensorsComponent";"Gyro";"";"TODO";"../src/AutoPilotPlugins/APM/APMSensorsComponent.qml:709";"";"";"no"
"UI-0578";"qgc_source_uk_UA.ts";"APMSensorsComponent";"Calibrate Gyro";"";"TODO";"../src/AutoPilotPlugins/APM/APMSensorsComponent.qml:711";"";"";"no"
"UI-0579";"qgc_source_uk_UA.ts";"APMSensorsComponent";"Baro/Airspeed";"";"TODO";"../src/AutoPilotPlugins/APM/APMSensorsComponent.qml:727";"";"";"no"
"UI-0580";"qgc_source_uk_UA.ts";"APMSensorsComponent";"Pressure";"";"TODO";"../src/AutoPilotPlugins/APM/APMSensorsComponent.qml:727";"";"";"no"
"UI-0581";"qgc_source_uk_UA.ts";"APMSensorsComponent";"CompassMot";"";"TODO";"../src/AutoPilotPlugins/APM/APMSensorsComponent.qml:732";"";"";"no"
"UI-0582";"qgc_source_uk_UA.ts";"APMSensorsComponent";"Next";"";"TODO";"../src/AutoPilotPlugins/APM/APMSensorsComponent.qml:754";"";"";"no"
"UI-0583";"qgc_source_uk_UA.ts";"APMSensorsComponent";"Cancel";"";"TODO";"../src/AutoPilotPlugins/APM/APMSensorsComponent.qml:762";"";"";"no"
"UI-0584";"qgc_source_uk_UA.ts";"APMSensorsComponent";"Rotate";"";"TODO";"../src/AutoPilotPlugins/APM/APMSensorsComponent.qml:832 | ../src/AutoPilotPlugins/APM/APMSensorsComponent.qml:841 | ../src/AutoPilotPlugins/APM/APMSensorsComponent.qml:850 | ../src/AutoPilotPlugins/APM/APMSensorsComponent.qml:859 | ../src/AutoPilotPlugins/APM/APMSensorsComponent.qml:868 | ../src/AutoPilotPlugins/APM/APMSensorsComponent.qml:877";"";"";"no"
"UI-0585";"qgc_source_uk_UA.ts";"APMSensorsComponent";"Hold Still";"";"TODO";"../src/AutoPilotPlugins/APM/APMSensorsComponent.qml:832 | ../src/AutoPilotPlugins/APM/APMSensorsComponent.qml:841 | ../src/AutoPilotPlugins/APM/APMSensorsComponent.qml:850 | ../src/AutoPilotPlugins/APM/APMSensorsComponent.qml:859 | ../src/AutoPilotPlugins/APM/APMSensorsComponent.qml:868 | ../src/AutoPilotPlugins/APM/APMSensorsComponent.qml:877";"";"";"no"
"UI-0586";"qgc_source_uk_UA.ts";"APMSensorsComponent";"Sensors";"";"TODO";"../src/AutoPilotPlugins/APM/APMSensorsComponent.h:35";"";"";"no"
"UI-0587";"qgc_source_uk_UA.ts";"APMSensorsComponent";"Sensors Setup is used to calibrate the sensors within your vehicle.";"";"TODO";"../src/AutoPilotPlugins/APM/APMSensorsComponent.h:27";"";"";"no"
"UI-0588";"qgc_source_uk_UA.ts";"APMSensorsComponentController";"Calibration complete";"";"TODO";"../src/AutoPilotPlugins/APM/APMSensorsComponentController.cc:144";"";"";"no"
"UI-0589";"qgc_source_uk_UA.ts";"APMSensorsComponentController";"Calibration failed. Calibration log will be displayed.";"";"TODO";"../src/AutoPilotPlugins/APM/APMSensorsComponentController.cc:158";"";"";"no"
"UI-0590";"qgc_source_uk_UA.ts";"APMSensorsComponentController";"Rotate the vehicle randomly around all axes until the progress bar fills all the way to the right .";"";"TODO";"../src/AutoPilotPlugins/APM/APMSensorsComponentController.cc:222";"";"";"no"
"UI-0591";"qgc_source_uk_UA.ts";"APMSensorsComponentController";"Raise the throttle slowly to between 50% ~ 75% (the props will spin!) for 5 ~ 10 seconds.";"";"TODO";"../src/AutoPilotPlugins/APM/APMSensorsComponentController.cc:329";"";"";"no"
"UI-0592";"qgc_source_uk_UA.ts";"APMSensorsComponentController";"Quickly bring the throttle back down to zero";"";"TODO";"../src/AutoPilotPlugins/APM/APMSensorsComponentController.cc:330";"";"";"no"
"UI-0593";"qgc_source_uk_UA.ts";"APMSensorsComponentController";"Press the Next button to complete the calibration";"";"TODO";"../src/AutoPilotPlugins/APM/APMSensorsComponentController.cc:331";"";"";"no"
"UI-0594";"qgc_source_uk_UA.ts";"APMSensorsComponentController";"Hold the vehicle in its level flight position.";"";"TODO";"../src/AutoPilotPlugins/APM/APMSensorsComponentController.cc:340";"";"";"no"
"UI-0595";"qgc_source_uk_UA.ts";"APMSensorsComponentController";"Requesting pressure calibration...";"";"TODO";"../src/AutoPilotPlugins/APM/APMSensorsComponentController.cc:349";"";"";"no"
"UI-0596";"qgc_source_uk_UA.ts";"APMSensorsComponentController";"Requesting gyro calibration...";"";"TODO";"../src/AutoPilotPlugins/APM/APMSensorsComponentController.cc:358";"";"";"no"
"UI-0597";"qgc_source_uk_UA.ts";"APMSensorsComponentController";"Successfully completed";"";"TODO";"../src/AutoPilotPlugins/APM/APMSensorsComponentController.cc:243 | ../src/AutoPilotPlugins/APM/APMSensorsComponentController.cc:486";"";"";"no"
"UI-0598";"qgc_source_uk_UA.ts";"APMSensorsComponentController";"Failed";"";"TODO";"../src/AutoPilotPlugins/APM/APMSensorsComponentController.cc:246 | ../src/AutoPilotPlugins/APM/APMSensorsComponentController.cc:490";"";"";"no"
"UI-0599";"qgc_source_uk_UA.ts";"APMSensorsComponentController";"Hold still in the current orientation and press Next when ready";"";"TODO";"../src/AutoPilotPlugins/APM/APMSensorsComponentController.cc:284";"";"";"no"
"UI-0600";"qgc_source_uk_UA.ts";"APMSensorsComponentController";"In progress";"";"TODO";"../src/AutoPilotPlugins/APM/APMSensorsComponentController.cc:483";"";"";"no"
"UI-0601";"qgc_source_uk_UA.ts";"APMSensorsComponentController";"Compass %1 calibration complete";"";"TODO";"../src/AutoPilotPlugins/APM/APMSensorsComponentController.cc:545";"";"";"no"
"UI-0602";"qgc_source_uk_UA.ts";"APMSensorsComponentController";"Compass %1 calibration below quality threshold";"";"TODO";"../src/AutoPilotPlugins/APM/APMSensorsComponentController.cc:547";"";"";"no"
"UI-0603";"qgc_source_uk_UA.ts";"APMSensorsComponentController";"All compasses calibrated successfully";"";"TODO";"../src/AutoPilotPlugins/APM/APMSensorsComponentController.cc:566";"";"";"no"
"UI-0604";"qgc_source_uk_UA.ts";"APMSensorsComponentController";"YOU MUST REBOOT YOUR VEHICLE NOW FOR NEW SETTINGS TO TAKE AFFECT";"";"TODO";"../src/AutoPilotPlugins/APM/APMSensorsComponentController.cc:567";"";"";"no"
"UI-0605";"qgc_source_uk_UA.ts";"APMSensorsComponentController";"Compass calibration failed";"";"TODO";"../src/AutoPilotPlugins/APM/APMSensorsComponentController.cc:570";"";"";"no"
"UI-0606";"qgc_source_uk_UA.ts";"APMSensorsComponentController";"YOU MUST REBOOT YOUR VEHICLE NOW AND RETRY COMPASS CALIBRATION PRIOR TO FLIGHT";"";"TODO";"../src/AutoPilotPlugins/APM/APMSensorsComponentController.cc:571";"";"";"no"
"UI-0607";"qgc_source_uk_UA.ts";"APMSensorsComponentController";"Continue rotating...";"";"TODO";"../src/AutoPilotPlugins/APM/APMSensorsComponentController.cc:575";"";"";"no"
"UI-0608";"qgc_source_uk_UA.ts";"APMSensorsComponentSummary";"Compasses:";"";"TODO";"../src/AutoPilotPlugins/APM/APMSensorsComponentSummary.qml:28";"";"";"no"
"UI-0609";"qgc_source_uk_UA.ts";"APMSensorsComponentSummary";"Setup required";"";"TODO";"../src/AutoPilotPlugins/APM/APMSensorsComponentSummary.qml:46 | ../src/AutoPilotPlugins/APM/APMSensorsComponentSummary.qml:74";"";"";"no"
"UI-0610";"qgc_source_uk_UA.ts";"APMSensorsComponentSummary";"Not installed";"";"TODO";"../src/AutoPilotPlugins/APM/APMSensorsComponentSummary.qml:47";"";"";"no"
"UI-0611";"qgc_source_uk_UA.ts";"APMSensorsComponentSummary";"Accelerometer(s):";"";"TODO";"../src/AutoPilotPlugins/APM/APMSensorsComponentSummary.qml:73";"";"";"no"
"UI-0612";"qgc_source_uk_UA.ts";"APMSensorsComponentSummary";"Barometer(s):";"";"TODO";"../src/AutoPilotPlugins/APM/APMSensorsComponentSummary.qml:86";"";"";"no"
"UI-0613";"qgc_source_uk_UA.ts";"APMSensorsComponentSummary";"Not Supported(Over APM 4.1)";"";"TODO";"../src/AutoPilotPlugins/APM/APMSensorsComponentSummary.qml:87";"";"";"no"
"UI-0614";"qgc_source_uk_UA.ts";"APMSensorsComponentSummary";"Ready";"";"TODO";"../src/AutoPilotPlugins/APM/APMSensorsComponentSummary.qml:74";"";"";"no"
"UI-0615";"qgc_source_uk_UA.ts";"APMSubFrameComponent";"Frame";"";"TODO";"../src/AutoPilotPlugins/APM/APMSubFrameComponent.h:35";"";"";"no"
"UI-0616";"qgc_source_uk_UA.ts";"APMSubFrameComponent";"Frame setup allows you to choose your vehicle's motor configuration. Install <b>clockwise</b><br>propellers on the <b>green thrusters</b> and <b>counter-clockwise</b> propellers on the <b>blue thrusters</b><br>(or vice-versa). The flight controller will need to be rebooted to apply changes.<br>When selecting a frame, you can choose to load the default parameter set for that frame configuration if available.";"";"TODO";"../src/AutoPilotPlugins/APM/APMSubFrameComponent.h:24";"";"";"no"
"UI-0617";"qgc_source_uk_UA.ts";"APMSubFrameComponent";"Frame selection";"";"TODO";"../src/AutoPilotPlugins/APM/APMSubFrameComponent.qml:202";"";"";"no"
"UI-0618";"qgc_source_uk_UA.ts";"APMSubFrameComponent";"Would you like to load the default parameters for the frame?";"";"TODO";"../src/AutoPilotPlugins/APM/APMSubFrameComponent.qml:211";"";"";"no"
"UI-0619";"qgc_source_uk_UA.ts";"APMSubFrameComponent";"Would you like to set the desired frame?";"";"TODO";"../src/AutoPilotPlugins/APM/APMSubFrameComponent.qml:212";"";"";"no"
"UI-0620";"qgc_source_uk_UA.ts";"APMSubFrameComponent";"Yes, Load default parameter set for %1";"";"TODO";"../src/AutoPilotPlugins/APM/APMSubFrameComponent.qml:218";"";"";"no"
"UI-0621";"qgc_source_uk_UA.ts";"APMSubFrameComponent";"No, set frame only";"";"TODO";"../src/AutoPilotPlugins/APM/APMSubFrameComponent.qml:231";"";"";"no"
"UI-0622";"qgc_source_uk_UA.ts";"APMSubFrameComponent";"Confirm frame %1";"";"TODO";"../src/AutoPilotPlugins/APM/APMSubFrameComponent.qml:232";"";"";"no"
"UI-0623";"qgc_source_uk_UA.ts";"APMSubFrameComponentSummary";"Frame Type";"";"TODO";"../src/AutoPilotPlugins/APM/APMSubFrameComponentSummary.qml:44";"";"";"no"
"UI-0624";"qgc_source_uk_UA.ts";"APMSubFrameComponentSummary";"Firmware Version";"";"TODO";"../src/AutoPilotPlugins/APM/APMSubFrameComponentSummary.qml:49";"";"";"no"
"UI-0625";"qgc_source_uk_UA.ts";"APMSubFrameComponentSummary";"Unknown";"";"TODO";"../src/AutoPilotPlugins/APM/APMSubFrameComponentSummary.qml:50 | ../src/AutoPilotPlugins/APM/APMSubFrameComponentSummary.qml:55";"";"";"no"
"UI-0626";"qgc_source_uk_UA.ts";"APMSubFrameComponentSummary";"Git Revision";"";"TODO";"../src/AutoPilotPlugins/APM/APMSubFrameComponentSummary.qml:54";"";"";"no"
"UI-0627";"qgc_source_uk_UA.ts";"APMSubMode";"Manual";"";"TODO";"../src/FirmwarePlugin/APM/ArduSubFirmwarePlugin.h:125";"";"";"no"
"UI-0628";"qgc_source_uk_UA.ts";"APMSubMode";"Stabilize";"";"TODO";"../src/FirmwarePlugin/APM/ArduSubFirmwarePlugin.h:126";"";"";"no"
"UI-0629";"qgc_source_uk_UA.ts";"APMSubMode";"Acro";"";"TODO";"../src/FirmwarePlugin/APM/ArduSubFirmwarePlugin.h:127";"";"";"no"
"UI-0630";"qgc_source_uk_UA.ts";"APMSubMode";"Depth Hold";"";"TODO";"../src/FirmwarePlugin/APM/ArduSubFirmwarePlugin.h:128";"";"";"no"
"UI-0631";"qgc_source_uk_UA.ts";"APMSubMode";"Auto";"";"TODO";"../src/FirmwarePlugin/APM/ArduSubFirmwarePlugin.h:129";"";"";"no"
"UI-0632";"qgc_source_uk_UA.ts";"APMSubMode";"Guided";"";"TODO";"../src/FirmwarePlugin/APM/ArduSubFirmwarePlugin.h:130";"";"";"no"
"UI-0633";"qgc_source_uk_UA.ts";"APMSubMode";"Circle";"";"TODO";"../src/FirmwarePlugin/APM/ArduSubFirmwarePlugin.h:131";"";"";"no"
"UI-0634";"qgc_source_uk_UA.ts";"APMSubMode";"Surface";"";"TODO";"../src/FirmwarePlugin/APM/ArduSubFirmwarePlugin.h:132";"";"";"no"
"UI-0635";"qgc_source_uk_UA.ts";"APMSubMode";"Position Hold";"";"TODO";"../src/FirmwarePlugin/APM/ArduSubFirmwarePlugin.h:133";"";"";"no"
"UI-0636";"qgc_source_uk_UA.ts";"APMSubMode";"Motor Detection";"";"TODO";"../src/FirmwarePlugin/APM/ArduSubFirmwarePlugin.h:134";"";"";"no"
"UI-0637";"qgc_source_uk_UA.ts";"APMSubMode";"Surftrak";"";"TODO";"../src/FirmwarePlugin/APM/ArduSubFirmwarePlugin.h:135";"";"";"no"
"UI-0638";"qgc_source_uk_UA.ts";"APMSubMotorComponent";"Reverse Motor Direction";"";"TODO";"../src/AutoPilotPlugins/APM/APMSubMotorComponent.qml:116";"";"";"no"
"UI-0639";"qgc_source_uk_UA.ts";"APMSubMotorComponent";"Moving the sliders will cause the motors to spin. Make sure the motors and propellers are clear from obstructions! The direction of the motor rotation is dependent on how the three phases of the motor are physically connected to the ESCs (if any two wires are swapped, the direction of rotation will flip). Because we cannot guarantee what order the phases are connected, the motor directions must be configured in software. When a slider is moved DOWN, the thruster should push air/water TOWARD the cable entering the housing. Click the checkbox to reverse the direction of the corresponding thruster.

Blue Robotics thrusters are lubricated by water and are not designed to be run in air. Testing the thrusters in air is ok at low speeds for short periods of time. Extended operation of Blue Robotics in air may lead to overheating and permanent damage. Without water lubrication, Blue Robotics thrusters may also make some unpleasant noises when operated in air; this is normal.";"";"TODO";"../src/AutoPilotPlugins/APM/APMSubMotorComponent.qml:163";"";"";"no"
"UI-0640";"qgc_source_uk_UA.ts";"APMSubMotorComponent";"A 10 second coooldown is required before testing again, please stand by...";"";"TODO";"../src/AutoPilotPlugins/APM/APMSubMotorComponent.qml:206";"";"";"no"
"UI-0641";"qgc_source_uk_UA.ts";"APMSubMotorComponent";"Slide this switch to arm the vehicle and enable the motor test (CAUTION!)";"";"TODO";"../src/AutoPilotPlugins/APM/APMSubMotorComponent.qml:207";"";"";"no"
"UI-0642";"qgc_source_uk_UA.ts";"APMSubMotorComponent";"Automatic Motor Direction Detection";"";"TODO";"../src/AutoPilotPlugins/APM/APMSubMotorComponent.qml:217";"";"";"no"
"UI-0643";"qgc_source_uk_UA.ts";"APMSubMotorComponent";"This will attempt to automatically detect the direction (normal/reversed) of your thrusters.
Please place your vehicle in water, click the button, and wait. Note that the thrusters still need to be connected to the correct outputs (thrusters 2 and 3 can't be swapped, for example).";"";"TODO";"../src/AutoPilotPlugins/APM/APMSubMotorComponent.qml:225";"";"";"no"
"UI-0644";"qgc_source_uk_UA.ts";"APMSupportForwardingIndicator";"Mavlink traffic is being forwarded to a support server";"";"TODO";"../src/UI/toolbar/APMSupportForwardingIndicator.qml:33";"";"";"no"
"UI-0645";"qgc_source_uk_UA.ts";"APMSupportForwardingIndicator";"Server name:";"";"TODO";"../src/UI/toolbar/APMSupportForwardingIndicator.qml:36";"";"";"no"
"UI-0646";"qgc_source_uk_UA.ts";"APMTuningComponent";"Tuning";"";"TODO";"../src/AutoPilotPlugins/APM/APMTuningComponent.h:33";"";"";"no"
"UI-0647";"qgc_source_uk_UA.ts";"APMTuningComponent";"Tuning Setup is used to tune the flight characteristics of the Vehicle.";"";"TODO";"../src/AutoPilotPlugins/APM/APMTuningComponent.h:24";"";"";"no"
"UI-0648";"qgc_source_uk_UA.ts";"APMTuningComponentCopter";"Basic Tuning";"";"TODO";"../src/AutoPilotPlugins/APM/APMTuningComponentCopter.qml:127";"";"";"no"
"UI-0649";"qgc_source_uk_UA.ts";"APMTuningComponentCopter";"Roll/Pitch Sensitivity";"";"TODO";"../src/AutoPilotPlugins/APM/APMTuningComponentCopter.qml:151";"";"";"no"
"UI-0650";"qgc_source_uk_UA.ts";"APMTuningComponentCopter";"Slide to the right if the copter is sluggish or slide to the left if the copter is twitchy";"";"TODO";"../src/AutoPilotPlugins/APM/APMTuningComponentCopter.qml:156";"";"";"no"
"UI-0651";"qgc_source_uk_UA.ts";"APMTuningComponentCopter";"Climb Sensitivity";"";"TODO";"../src/AutoPilotPlugins/APM/APMTuningComponentCopter.qml:184";"";"";"no"
"UI-0652";"qgc_source_uk_UA.ts";"APMTuningComponentCopter";"Slide to the right to climb more aggressively or slide to the left to climb more gently";"";"TODO";"../src/AutoPilotPlugins/APM/APMTuningComponentCopter.qml:189";"";"";"no"
"UI-0653";"qgc_source_uk_UA.ts";"APMTuningComponentCopter";"RC Roll/Pitch Feel";"";"TODO";"../src/AutoPilotPlugins/APM/APMTuningComponentCopter.qml:217";"";"";"no"
"UI-0654";"qgc_source_uk_UA.ts";"APMTuningComponentCopter";"Slide to the left for soft control, slide to the right for crisp control";"";"TODO";"../src/AutoPilotPlugins/APM/APMTuningComponentCopter.qml:222";"";"";"no"
"UI-0655";"qgc_source_uk_UA.ts";"APMTuningComponentCopter";"Spin While Armed";"";"TODO";"../src/AutoPilotPlugins/APM/APMTuningComponentCopter.qml:247";"";"";"no"
"UI-0656";"qgc_source_uk_UA.ts";"APMTuningComponentCopter";"Adjust the amount the motors spin to indicate armed";"";"TODO";"../src/AutoPilotPlugins/APM/APMTuningComponentCopter.qml:252";"";"";"no"
"UI-0657";"qgc_source_uk_UA.ts";"APMTuningComponentCopter";"Minimum Thrust";"";"TODO";"../src/AutoPilotPlugins/APM/APMTuningComponentCopter.qml:277";"";"";"no"
"UI-0658";"qgc_source_uk_UA.ts";"APMTuningComponentCopter";"Adjust the minimum amount of thrust require for the vehicle to move";"";"TODO";"../src/AutoPilotPlugins/APM/APMTuningComponentCopter.qml:282";"";"";"no"
"UI-0659";"qgc_source_uk_UA.ts";"APMTuningComponentCopter";"Warning: This setting should be higher than 'Spin While Armed'";"";"TODO";"../src/AutoPilotPlugins/APM/APMTuningComponentCopter.qml:286";"";"";"no"
"UI-0660";"qgc_source_uk_UA.ts";"APMTuningComponentCopter";"AutoTune";"";"TODO";"../src/AutoPilotPlugins/APM/APMTuningComponentCopter.qml:322";"";"";"no"
"UI-0661";"qgc_source_uk_UA.ts";"APMTuningComponentCopter";"Axes to AutoTune:";"";"TODO";"../src/AutoPilotPlugins/APM/APMTuningComponentCopter.qml:343";"";"";"no"
"UI-0662";"qgc_source_uk_UA.ts";"APMTuningComponentCopter";"Channel for AutoTune switch:";"";"TODO";"../src/AutoPilotPlugins/APM/APMTuningComponentCopter.qml:352";"";"";"no"
"UI-0663";"qgc_source_uk_UA.ts";"APMTuningComponentCopter";"None";"";"TODO";"../src/AutoPilotPlugins/APM/APMTuningComponentCopter.qml:358";"";"";"no"
"UI-0664";"qgc_source_uk_UA.ts";"APMTuningComponentCopter";"Channel 7";"";"TODO";"../src/AutoPilotPlugins/APM/APMTuningComponentCopter.qml:358";"";"";"no"
"UI-0665";"qgc_source_uk_UA.ts";"APMTuningComponentCopter";"Channel 8";"";"TODO";"../src/AutoPilotPlugins/APM/APMTuningComponentCopter.qml:358";"";"";"no"
"UI-0666";"qgc_source_uk_UA.ts";"APMTuningComponentCopter";"Channel 9";"";"TODO";"../src/AutoPilotPlugins/APM/APMTuningComponentCopter.qml:358";"";"";"no"
"UI-0667";"qgc_source_uk_UA.ts";"APMTuningComponentCopter";"Channel 10";"";"TODO";"../src/AutoPilotPlugins/APM/APMTuningComponentCopter.qml:358";"";"";"no"
"UI-0668";"qgc_source_uk_UA.ts";"APMTuningComponentCopter";"Channel 11";"";"TODO";"../src/AutoPilotPlugins/APM/APMTuningComponentCopter.qml:358";"";"";"no"
"UI-0669";"qgc_source_uk_UA.ts";"APMTuningComponentCopter";"Channel 12";"";"TODO";"../src/AutoPilotPlugins/APM/APMTuningComponentCopter.qml:358";"";"";"no"
"UI-0670";"qgc_source_uk_UA.ts";"APMTuningComponentCopter";"In Flight Tuning";"";"TODO";"../src/AutoPilotPlugins/APM/APMTuningComponentCopter.qml:382";"";"";"no"
"UI-0671";"qgc_source_uk_UA.ts";"APMTuningComponentCopter";"RC Channel 6 Option (Tuning):";"";"TODO";"../src/AutoPilotPlugins/APM/APMTuningComponentCopter.qml:406";"";"";"no"
"UI-0672";"qgc_source_uk_UA.ts";"APMTuningComponentCopter";"Min:";"";"TODO";"../src/AutoPilotPlugins/APM/APMTuningComponentCopter.qml:424";"";"";"no"
"UI-0673";"qgc_source_uk_UA.ts";"APMTuningComponentCopter";"Max:";"";"TODO";"../src/AutoPilotPlugins/APM/APMTuningComponentCopter.qml:436";"";"";"no"
"UI-0674";"qgc_source_uk_UA.ts";"APMTuningComponentCopter";"Roll";"";"TODO";"../src/AutoPilotPlugins/APM/APMTuningComponentCopter.qml:467";"";"";"no"
"UI-0675";"qgc_source_uk_UA.ts";"APMTuningComponentCopter";"Roll axis angle controller P gain";"";"TODO";"../src/AutoPilotPlugins/APM/APMTuningComponentCopter.qml:474";"";"";"no"
"UI-0676";"qgc_source_uk_UA.ts";"APMTuningComponentCopter";"Roll axis rate controller P gain";"";"TODO";"../src/AutoPilotPlugins/APM/APMTuningComponentCopter.qml:482";"";"";"no"
"UI-0677";"qgc_source_uk_UA.ts";"APMTuningComponentCopter";"Roll axis rate controller I gain";"";"TODO";"../src/AutoPilotPlugins/APM/APMTuningComponentCopter.qml:490";"";"";"no"
"UI-0678";"qgc_source_uk_UA.ts";"APMTuningComponentCopter";"Roll axis rate controller D gain";"";"TODO";"../src/AutoPilotPlugins/APM/APMTuningComponentCopter.qml:498";"";"";"no"
"UI-0679";"qgc_source_uk_UA.ts";"APMTuningComponentCopter";"Pitch";"";"TODO";"../src/AutoPilotPlugins/APM/APMTuningComponentCopter.qml:508";"";"";"no"
"UI-0680";"qgc_source_uk_UA.ts";"APMTuningComponentCopter";"Pitch axis angle controller P gain";"";"TODO";"../src/AutoPilotPlugins/APM/APMTuningComponentCopter.qml:515";"";"";"no"
"UI-0681";"qgc_source_uk_UA.ts";"APMTuningComponentCopter";"Pitch axis rate controller P gain";"";"TODO";"../src/AutoPilotPlugins/APM/APMTuningComponentCopter.qml:523";"";"";"no"
"UI-0682";"qgc_source_uk_UA.ts";"APMTuningComponentCopter";"Pitch axis rate controller I gain";"";"TODO";"../src/AutoPilotPlugins/APM/APMTuningComponentCopter.qml:531";"";"";"no"
"UI-0683";"qgc_source_uk_UA.ts";"APMTuningComponentCopter";"Pitch axis rate controller D gain";"";"TODO";"../src/AutoPilotPlugins/APM/APMTuningComponentCopter.qml:539";"";"";"no"
"UI-0684";"qgc_source_uk_UA.ts";"APMTuningComponentCopter";"Yaw";"";"TODO";"../src/AutoPilotPlugins/APM/APMTuningComponentCopter.qml:549";"";"";"no"
"UI-0685";"qgc_source_uk_UA.ts";"APMTuningComponentCopter";"Yaw axis angle controller P gain";"";"TODO";"../src/AutoPilotPlugins/APM/APMTuningComponentCopter.qml:556";"";"";"no"
"UI-0686";"qgc_source_uk_UA.ts";"APMTuningComponentCopter";"Yaw axis rate controller P gain";"";"TODO";"../src/AutoPilotPlugins/APM/APMTuningComponentCopter.qml:564";"";"";"no"
"UI-0687";"qgc_source_uk_UA.ts";"APMTuningComponentCopter";"Yaw axis rate controller I gain";"";"TODO";"../src/AutoPilotPlugins/APM/APMTuningComponentCopter.qml:572";"";"";"no"
"UI-0688";"qgc_source_uk_UA.ts";"APMTuningComponentSub";"Attitude Controller Parameters";"";"TODO";"../src/AutoPilotPlugins/APM/APMTuningComponentSub.qml:41";"";"";"no"
"UI-0689";"qgc_source_uk_UA.ts";"APMTuningComponentSub";"Position Controller Parameters";"";"TODO";"../src/AutoPilotPlugins/APM/APMTuningComponentSub.qml:49";"";"";"no"
"UI-0690";"qgc_source_uk_UA.ts";"APMTuningComponentSub";"Waypoint navigation parameters";"";"TODO";"../src/AutoPilotPlugins/APM/APMTuningComponentSub.qml:56";"";"";"no"
"UI-0691";"qgc_source_uk_UA.ts";"ActuatorAction";"Beep";"";"TODO";"../src/Vehicle/Actuators/ActuatorActions.cc:18";"";"";"no"
"UI-0692";"qgc_source_uk_UA.ts";"ActuatorAction";"3D mode: On";"";"TODO";"../src/Vehicle/Actuators/ActuatorActions.cc:19";"";"";"no"
"UI-0693";"qgc_source_uk_UA.ts";"ActuatorAction";"3D mode: Off";"";"TODO";"../src/Vehicle/Actuators/ActuatorActions.cc:20";"";"";"no"
"UI-0694";"qgc_source_uk_UA.ts";"ActuatorAction";"Set Spin Direction 1";"";"TODO";"../src/Vehicle/Actuators/ActuatorActions.cc:21";"";"";"no"
"UI-0695";"qgc_source_uk_UA.ts";"ActuatorAction";"Set Spin Direction 2";"";"TODO";"../src/Vehicle/Actuators/ActuatorActions.cc:22";"";"";"no"
"UI-0696";"qgc_source_uk_UA.ts";"ActuatorActions::Action";"Actuator action command failed";"";"TODO";"../src/Vehicle/Actuators/ActuatorActions.cc:54";"";"";"no"
"UI-0697";"qgc_source_uk_UA.ts";"ActuatorComponent";"Geometry";"";"TODO";"../src/AutoPilotPlugins/PX4/ActuatorComponent.qml:39";"";"";"no"
"UI-0698";"qgc_source_uk_UA.ts";"ActuatorComponent";"Actuator Testing";"";"TODO";"../src/AutoPilotPlugins/PX4/ActuatorComponent.qml:177";"";"";"no"
"UI-0699";"qgc_source_uk_UA.ts";"ActuatorComponent";"Configure some outputs in order to test them.";"";"TODO";"../src/AutoPilotPlugins/PX4/ActuatorComponent.qml:196";"";"";"no"
"UI-0700";"qgc_source_uk_UA.ts";"ActuatorComponent";"Careful: Actuator sliders are enabled";"";"TODO";"../src/AutoPilotPlugins/PX4/ActuatorComponent.qml:233";"";"";"no"
"UI-0701";"qgc_source_uk_UA.ts";"ActuatorComponent";"Propellers are removed - Enable sliders";"";"TODO";"../src/AutoPilotPlugins/PX4/ActuatorComponent.qml:233";"";"";"no"
"UI-0702";"qgc_source_uk_UA.ts";"ActuatorComponent";"Actuator Outputs";"";"TODO";"../src/AutoPilotPlugins/PX4/ActuatorComponent.qml:322";"";"";"no"
"UI-0703";"qgc_source_uk_UA.ts";"ActuatorComponent";"One or more actuator still needs to be assigned to an output.";"";"TODO";"../src/AutoPilotPlugins/PX4/ActuatorComponent.qml:327";"";"";"no"
"UI-0704";"qgc_source_uk_UA.ts";"ActuatorComponent";"Identify & Assign Motors";"";"TODO";"../src/AutoPilotPlugins/PX4/ActuatorComponent.qml:369";"";"";"no"
"UI-0705";"qgc_source_uk_UA.ts";"ActuatorComponent";"Motor Order Identification and Assignment";"";"TODO";"../src/AutoPilotPlugins/PX4/ActuatorComponent.qml:385";"";"";"no"
"UI-0706";"qgc_source_uk_UA.ts";"ActuatorComponent";"Error";"";"TODO";"../src/AutoPilotPlugins/PX4/ActuatorComponent.qml:401";"";"";"no"
"UI-0707";"qgc_source_uk_UA.ts";"ActuatorComponent";"Spin Motor Again";"";"TODO";"../src/AutoPilotPlugins/PX4/ActuatorComponent.qml:406";"";"";"no"
"UI-0708";"qgc_source_uk_UA.ts";"ActuatorComponent";"Abort";"";"TODO";"../src/AutoPilotPlugins/PX4/ActuatorComponent.qml:413";"";"";"no"
"UI-0709";"qgc_source_uk_UA.ts";"ActuatorComponent";"Actuators";"";"TODO";"../src/AutoPilotPlugins/PX4/ActuatorComponent.cc:21";"";"";"no"
"UI-0710";"qgc_source_uk_UA.ts";"ActuatorFact";"(Param not available)";"";"TODO";"../src/AutoPilotPlugins/PX4/ActuatorFact.qml:46";"";"";"no"
"UI-0711";"qgc_source_uk_UA.ts";"ActuatorTesting::ActuatorTest";"All Motors";"";"TODO";"../src/Vehicle/Actuators/ActuatorTesting.cc:49";"";"";"no"
"UI-0712";"qgc_source_uk_UA.ts";"ActuatorTesting::ActuatorTest";"Actuator test command temporarily rejected";"";"TODO";"../src/Vehicle/Actuators/ActuatorTesting.cc:148";"";"";"no"
"UI-0713";"qgc_source_uk_UA.ts";"ActuatorTesting::ActuatorTest";"Actuator test command denied";"";"TODO";"../src/Vehicle/Actuators/ActuatorTesting.cc:150";"";"";"no"
"UI-0714";"qgc_source_uk_UA.ts";"ActuatorTesting::ActuatorTest";"Actuator test command not supported";"";"TODO";"../src/Vehicle/Actuators/ActuatorTesting.cc:152";"";"";"no"
"UI-0715";"qgc_source_uk_UA.ts";"ActuatorTesting::ActuatorTest";"Actuator test command failed";"";"TODO";"../src/Vehicle/Actuators/ActuatorTesting.cc:154";"";"";"no"
"UI-0716";"qgc_source_uk_UA.ts";"AirLinkConfiguration";"AirLink Link Settings";"";"TODO";"../src/Comms/AirLink/AirLinkLink.h:37";"";"";"no"
"UI-0717";"qgc_source_uk_UA.ts";"AirLinkSettings";"Login:";"";"TODO";"../src/Comms/AirLink/AirLinkSettings.qml:42";"";"";"no"
"UI-0718";"qgc_source_uk_UA.ts";"AirLinkSettings";"Password:";"";"TODO";"../src/Comms/AirLink/AirLinkSettings.qml:51";"";"";"no"
"UI-0719";"qgc_source_uk_UA.ts";"AirLinkSettings";"Don't have an account?";"";"TODO";"../src/Comms/AirLink/AirLinkSettings.qml:79";"";"";"no"
"UI-0720";"qgc_source_uk_UA.ts";"AirLinkSettings";"Register";"";"TODO";"../src/Comms/AirLink/AirLinkSettings.qml:85";"";"";"no"
"UI-0721";"qgc_source_uk_UA.ts";"AirLinkSettings";"List of available devices";"";"TODO";"../src/Comms/AirLink/AirLinkSettings.qml:95";"";"";"no"
"UI-0722";"qgc_source_uk_UA.ts";"AirLinkSettings";"Refresh";"";"TODO";"../src/Comms/AirLink/AirLinkSettings.qml:119";"";"";"no"
"UI-0723";"qgc_source_uk_UA.ts";"AirLinkSettings";"Click ""Refresh"" to authorize";"";"TODO";"../src/Comms/AirLink/AirLinkSettings.qml:133";"";"";"no"
"UI-0724";"qgc_source_uk_UA.ts";"AirframeComponent";"Your vehicle is using a custom airframe configuration. ";"";"TODO";"../src/AutoPilotPlugins/PX4/AirframeComponent.qml:44";"";"";"no"
"UI-0725";"qgc_source_uk_UA.ts";"AirframeComponent";"This configuration can only be modified through the Parameter Editor.

";"";"TODO";"../src/AutoPilotPlugins/PX4/AirframeComponent.qml:45";"";"";"no"
"UI-0726";"qgc_source_uk_UA.ts";"AirframeComponent";"If you want to reset your airframe configuration and select a standard configuration, click 'Reset' below.";"";"TODO";"../src/AutoPilotPlugins/PX4/AirframeComponent.qml:46";"";"";"no"
"UI-0727";"qgc_source_uk_UA.ts";"AirframeComponent";"Reset";"";"TODO";"../src/AutoPilotPlugins/PX4/AirframeComponent.qml:49";"";"";"no"
"UI-0728";"qgc_source_uk_UA.ts";"AirframeComponent";"Clicking 'Apply' will save the changes you have made to your airframe configuration.<br><br>                                                                        All vehicle parameters other than Radio Calibration will be reset.<br><br>                                                                        Your vehicle will also be restarted in order to complete the process.";"";"TODO";"../src/AutoPilotPlugins/PX4/AirframeComponent.qml:121";"";"";"no"
"UI-0729";"qgc_source_uk_UA.ts";"AirframeComponent";"To change this configuration, select the desired airframe below then click 'Apply and Restart'.";"";"TODO";"../src/AutoPilotPlugins/PX4/AirframeComponent.qml:111";"";"";"no"
"UI-0730";"qgc_source_uk_UA.ts";"AirframeComponent";"You've connected a %1.";"";"TODO";"../src/AutoPilotPlugins/PX4/AirframeComponent.qml:109";"";"";"no"
"UI-0731";"qgc_source_uk_UA.ts";"AirframeComponent";"Airframe is not set.";"";"TODO";"../src/AutoPilotPlugins/PX4/AirframeComponent.qml:110";"";"";"no"
"UI-0732";"qgc_source_uk_UA.ts";"AirframeComponent";"Apply and Restart";"";"TODO";"../src/AutoPilotPlugins/PX4/AirframeComponent.qml:119 | ../src/AutoPilotPlugins/PX4/AirframeComponent.qml:120";"";"";"no"
"UI-0733";"qgc_source_uk_UA.ts";"AirframeComponent";"Airframe";"";"TODO";"../src/AutoPilotPlugins/PX4/AirframeComponent.cc:20";"";"";"no"
"UI-0734";"qgc_source_uk_UA.ts";"AirframeComponent";"Airframe Setup is used to select the airframe that matches your vehicle. This will in turn set up the various tuning values for flight parameters.";"";"TODO";"../src/AutoPilotPlugins/PX4/AirframeComponent.cc:32";"";"";"no"
"UI-0735";"qgc_source_uk_UA.ts";"AirframeComponentController";"You cannot change airframe configuration while connected to multiple vehicles.";"";"TODO";"../src/AutoPilotPlugins/PX4/AirframeComponentController.cc:89";"";"";"no"
"UI-0736";"qgc_source_uk_UA.ts";"AirframeComponentSummary";"System ID";"";"TODO";"../src/AutoPilotPlugins/PX4/AirframeComponentSummary.qml:23";"";"";"no"
"UI-0737";"qgc_source_uk_UA.ts";"AirframeComponentSummary";"Airframe type";"";"TODO";"../src/AutoPilotPlugins/PX4/AirframeComponentSummary.qml:27";"";"";"no"
"UI-0738";"qgc_source_uk_UA.ts";"AirframeComponentSummary";"Setup required";"";"TODO";"../src/AutoPilotPlugins/PX4/AirframeComponentSummary.qml:28 | ../src/AutoPilotPlugins/PX4/AirframeComponentSummary.qml:32";"";"";"no"
"UI-0739";"qgc_source_uk_UA.ts";"AirframeComponentSummary";"Vehicle";"";"TODO";"../src/AutoPilotPlugins/PX4/AirframeComponentSummary.qml:31";"";"";"no"
"UI-0740";"qgc_source_uk_UA.ts";"AirframeComponentSummary";"Firmware Version";"";"TODO";"../src/AutoPilotPlugins/PX4/AirframeComponentSummary.qml:36";"";"";"no"
"UI-0741";"qgc_source_uk_UA.ts";"AirframeComponentSummary";"Unknown";"";"TODO";"../src/AutoPilotPlugins/PX4/AirframeComponentSummary.qml:37";"";"";"no"
"UI-0742";"qgc_source_uk_UA.ts";"AirframeComponentSummary";"Custom Fw. Ver.";"";"TODO";"../src/AutoPilotPlugins/PX4/AirframeComponentSummary.qml:41";"";"";"no"
"UI-0743";"qgc_source_uk_UA.ts";"AltModeDialog";"Select Altitude Mode";"";"TODO";"../src/QmlControls/AltModeDialog.qml:20";"";"";"no"
"UI-0744";"qgc_source_uk_UA.ts";"AltModeDialog";"Relative To Launch";"";"TODO";"../src/QmlControls/AltModeDialog.qml:51";"";"";"no"
"UI-0745";"qgc_source_uk_UA.ts";"AltModeDialog";"Specified altitudes are relative to launch position height.";"";"TODO";"../src/QmlControls/AltModeDialog.qml:52";"";"";"no"
"UI-0746";"qgc_source_uk_UA.ts";"AltModeDialog";"AMSL";"";"TODO";"../src/QmlControls/AltModeDialog.qml:56";"";"";"no"
"UI-0747";"qgc_source_uk_UA.ts";"AltModeDialog";"Specified altitudes are Above Mean Sea Level.";"";"TODO";"../src/QmlControls/AltModeDialog.qml:57";"";"";"no"
"UI-0748";"qgc_source_uk_UA.ts";"AltModeDialog";"Calculated Above Terrain";"";"TODO";"../src/QmlControls/AltModeDialog.qml:61";"";"";"no"
"UI-0749";"qgc_source_uk_UA.ts";"AltModeDialog";"Specified altitudes are distance above terrain. Actual altitudes sent to vehicle are calculated from terrain data and sent as AMSL values.";"";"TODO";"../src/QmlControls/AltModeDialog.qml:62";"";"";"no"
"UI-0750";"qgc_source_uk_UA.ts";"AltModeDialog";"Terrain Frame";"";"TODO";"../src/QmlControls/AltModeDialog.qml:66";"";"";"no"
"UI-0751";"qgc_source_uk_UA.ts";"AltModeDialog";"Specified altitudes are distance above terrain. The actual altitude flown is controlled by the vehicle either from terrain height maps being sent to vehicle or a distance sensor.";"";"TODO";"../src/QmlControls/AltModeDialog.qml:67";"";"";"no"
"UI-0752";"qgc_source_uk_UA.ts";"AltModeDialog";"Mixed Modes";"";"TODO";"../src/QmlControls/AltModeDialog.qml:71";"";"";"no"
"UI-0753";"qgc_source_uk_UA.ts";"AltModeDialog";"The altitude mode can differ for each individual item.";"";"TODO";"../src/QmlControls/AltModeDialog.qml:72";"";"";"no"
"UI-0754";"qgc_source_uk_UA.ts";"AppMessages";"GStreamer Debug Level";"";"TODO";"../src/QmlControls/AppMessages.qml:115";"";"";"no"
"UI-0755";"qgc_source_uk_UA.ts";"AppMessages";"Logging categories";"";"TODO";"../src/QmlControls/AppMessages.qml:159";"";"";"no"
"UI-0756";"qgc_source_uk_UA.ts";"AppMessages";"Search:";"";"TODO";"../src/QmlControls/AppMessages.qml:197";"";"";"no"
"UI-0757";"qgc_source_uk_UA.ts";"AppMessages";"Clear";"";"TODO";"../src/QmlControls/AppMessages.qml:208";"";"";"no"
"UI-0758";"qgc_source_uk_UA.ts";"AppMessages";"Clear All";"";"TODO";"../src/QmlControls/AppMessages.qml:231";"";"";"no"
"UI-0759";"qgc_source_uk_UA.ts";"AppMessages";"Log files (*.txt)";"";"TODO";"../src/QmlControls/AppMessages.qml:88";"";"";"no"
"UI-0760";"qgc_source_uk_UA.ts";"AppMessages";"All Files (*)";"";"TODO";"../src/QmlControls/AppMessages.qml:88";"";"";"no"
"UI-0761";"qgc_source_uk_UA.ts";"AppMessages";"Select log save file";"";"TODO";"../src/QmlControls/AppMessages.qml:89";"";"";"no"
"UI-0762";"qgc_source_uk_UA.ts";"AppMessages";"Save App Log";"";"TODO";"../src/QmlControls/AppMessages.qml:107";"";"";"no"
"UI-0763";"qgc_source_uk_UA.ts";"AppMessages";"Show Latest";"";"TODO";"../src/QmlControls/AppMessages.qml:134";"";"";"no"
"UI-0764";"qgc_source_uk_UA.ts";"AppMessages";"Set Logging";"";"TODO";"../src/QmlControls/AppMessages.qml:149";"";"";"no"
"UI-0765";"qgc_source_uk_UA.ts";"AppSettings";"Parameters";"";"TODO";"../src/Settings/AppSettings.h:107";"";"";"no"
"UI-0766";"qgc_source_uk_UA.ts";"AppSettings";"Telemetry";"";"TODO";"../src/Settings/AppSettings.h:108";"";"";"no"
"UI-0767";"qgc_source_uk_UA.ts";"AppSettings";"Missions";"";"TODO";"../src/Settings/AppSettings.h:109";"";"";"no"
"UI-0768";"qgc_source_uk_UA.ts";"AppSettings";"Logs";"";"TODO";"../src/Settings/AppSettings.h:110";"";"";"no"
"UI-0769";"qgc_source_uk_UA.ts";"AppSettings";"Video";"";"TODO";"../src/Settings/AppSettings.h:111";"";"";"no"
"UI-0770";"qgc_source_uk_UA.ts";"AppSettings";"Photo";"";"TODO";"../src/Settings/AppSettings.h:112";"";"";"no"
"UI-0771";"qgc_source_uk_UA.ts";"AppSettings";"CrashLogs";"";"TODO";"../src/Settings/AppSettings.h:113";"";"";"no"
"UI-0772";"qgc_source_uk_UA.ts";"AppSettings";"MavlinkActions";"";"TODO";"../src/Settings/AppSettings.h:114";"";"";"no"
"UI-0773";"qgc_source_uk_UA.ts";"AppSettings";"Save to SD card specified for application data. But no SD card present. Using internal storage.";"";"TODO";"../src/Settings/AppSettings.cc:117";"";"";"no"
"UI-0774";"qgc_source_uk_UA.ts";"AppSettings";"Save to SD card specified for application data. But SD card is write protected. Using internal storage.";"";"TODO";"../src/Settings/AppSettings.cc:120";"";"";"no"
"UI-0775";"qgc_source_uk_UA.ts";"AppSettings";" (Partial)";"";"TODO";"../src/Settings/AppSettings.cc:204";"";"";"no"
"UI-0776";"qgc_source_uk_UA.ts";"AppSettings";" (Test Only)";"";"TODO";"../src/Settings/AppSettings.cc:212";"";"";"no"
"UI-0777";"qgc_source_uk_UA.ts";"ArmedIndicator";"Armed";"";"TODO";"../src/UI/toolbar/ArmedIndicator.qml:24";"";"";"no"
"UI-0778";"qgc_source_uk_UA.ts";"ArmedIndicator";"Disarmed";"";"TODO";"../src/UI/toolbar/ArmedIndicator.qml:24";"";"";"no"
"UI-0779";"qgc_source_uk_UA.ts";"ArmedIndicator";"Arm";"";"TODO";"../src/UI/toolbar/ArmedIndicator.qml:25";"";"";"no"
"UI-0780";"qgc_source_uk_UA.ts";"ArmedIndicator";"Disarm";"";"TODO";"../src/UI/toolbar/ArmedIndicator.qml:25";"";"";"no"
"UI-0781";"qgc_source_uk_UA.ts";"AudioOutput";"%1";"";"TODO";"../src/Utilities/Audio/AudioOutput.cc:159";"";"";"no"
"UI-0782";"qgc_source_uk_UA.ts";"AutoPilotPlugin";"One or more vehicle components require setup prior to flight.";"";"TODO";"../src/AutoPilotPlugins/AutoPilotPlugin.cc:74";"";"";"no"
"UI-0783";"qgc_source_uk_UA.ts";"Autotune";"Autotune: In progress";"";"TODO";"../src/Vehicle/Autotune.cpp:31";"";"";"no"
"UI-0784";"qgc_source_uk_UA.ts";"Autotune";"Autotune: initializing";"";"TODO";"../src/Vehicle/Autotune.cpp:85";"";"";"no"
"UI-0785";"qgc_source_uk_UA.ts";"Autotune";"Autotune: roll";"";"TODO";"../src/Vehicle/Autotune.cpp:88";"";"";"no"
"UI-0786";"qgc_source_uk_UA.ts";"Autotune";"Autotune: pitch";"";"TODO";"../src/Vehicle/Autotune.cpp:91";"";"";"no"
"UI-0787";"qgc_source_uk_UA.ts";"Autotune";"Autotune: yaw";"";"TODO";"../src/Vehicle/Autotune.cpp:94";"";"";"no"
"UI-0788";"qgc_source_uk_UA.ts";"Autotune";"Wait for disarm";"";"TODO";"../src/Vehicle/Autotune.cpp:97";"";"";"no"
"UI-0789";"qgc_source_uk_UA.ts";"Autotune";"Land and disarm the vehicle in order to apply the parameters.";"";"TODO";"../src/Vehicle/Autotune.cpp:100";"";"";"no"
"UI-0790";"qgc_source_uk_UA.ts";"Autotune";"Autotune: in progress";"";"TODO";"../src/Vehicle/Autotune.cpp:105";"";"";"no"
"UI-0791";"qgc_source_uk_UA.ts";"Autotune";"Autotune: Success";"";"TODO";"../src/Vehicle/Autotune.cpp:112";"";"";"no"
"UI-0792";"qgc_source_uk_UA.ts";"Autotune";"Autotune successful.";"";"TODO";"../src/Vehicle/Autotune.cpp:114";"";"";"no"
"UI-0793";"qgc_source_uk_UA.ts";"Autotune";"Autotune: Unknown error";"";"TODO";"../src/Vehicle/Autotune.cpp:117";"";"";"no"
"UI-0794";"qgc_source_uk_UA.ts";"Autotune";"Autotune: Failed";"";"TODO";"../src/Vehicle/Autotune.cpp:129";"";"";"no"
"UI-0795";"qgc_source_uk_UA.ts";"Autotune";"Autotune: Ack error %1";"";"TODO";"../src/Vehicle/Autotune.cpp:139";"";"";"no"
"UI-0796";"qgc_source_uk_UA.ts";"Autotune";"Autotune: Not performed";"";"TODO";"../src/Vehicle/Autotune.h:56";"";"";"no"
"UI-0797";"qgc_source_uk_UA.ts";"AutotuneUI";"Start AutoTune";"";"TODO";"../src/QmlControls/AutotuneUI.qml:31";"";"";"no"
"UI-0798";"qgc_source_uk_UA.ts";"AutotuneUI";"WARNING!        

The auto-tuning procedure should be executed with caution and requires the vehicle to fly stable enough before attempting the procedure!         

Before starting the auto-tuning process, make sure that:         
1. You have read the auto-tuning guide and have followed the preliminary steps         
2. The current control gains are good enough to stabilize the drone in presence of medium disturbances         
3. You are ready to abort the auto-tuning sequence by moving the RC sticks, if anything unexpected happens.         

Click Ok to start the auto-tuning process.
";"";"TODO";"../src/QmlControls/AutotuneUI.qml:35";"";"";"no"
"UI-0799";"qgc_source_uk_UA.ts";"AxisMonitor";"Not Mapped";"";"TODO";"../src/QmlControls/AxisMonitor.qml:69";"";"";"no"
"UI-0800";"qgc_source_uk_UA.ts";"BatteryIndicator";"100%";"";"TODO";"../src/QmlControls/BatteryIndicator.qml:142 | ../src/QmlControls/BatteryIndicator.qml:319";"";"";"no"
"UI-0801";"qgc_source_uk_UA.ts";"BatteryIndicator";"n/a";"";"TODO";"../src/QmlControls/BatteryIndicator.qml:151 | ../src/QmlControls/BatteryIndicator.qml:160";"";"";"no"
"UI-0802";"qgc_source_uk_UA.ts";"BatteryIndicator";"Battery %1";"";"TODO";"../src/QmlControls/BatteryIndicator.qml:224";"";"";"no"
"UI-0803";"qgc_source_uk_UA.ts";"BatteryIndicator";"Status";"";"TODO";"../src/QmlControls/BatteryIndicator.qml:224";"";"";"no"
"UI-0804";"qgc_source_uk_UA.ts";"BatteryIndicator";"Charge State";"";"TODO";"../src/QmlControls/BatteryIndicator.qml:238";"";"";"no"
"UI-0805";"qgc_source_uk_UA.ts";"BatteryIndicator";"Remaining";"";"TODO";"../src/QmlControls/BatteryIndicator.qml:244 | ../src/QmlControls/BatteryIndicator.qml:250";"";"";"no"
"UI-0806";"qgc_source_uk_UA.ts";"BatteryIndicator";"Voltage";"";"TODO";"../src/QmlControls/BatteryIndicator.qml:256";"";"";"no"
"UI-0807";"qgc_source_uk_UA.ts";"BatteryIndicator";"Consumed";"";"TODO";"../src/QmlControls/BatteryIndicator.qml:261";"";"";"no"
"UI-0808";"qgc_source_uk_UA.ts";"BatteryIndicator";"Temperature";"";"TODO";"../src/QmlControls/BatteryIndicator.qml:267";"";"";"no"
"UI-0809";"qgc_source_uk_UA.ts";"BatteryIndicator";"Function";"";"TODO";"../src/QmlControls/BatteryIndicator.qml:273";"";"";"no"
"UI-0810";"qgc_source_uk_UA.ts";"BatteryIndicator";"Battery Display";"";"TODO";"../src/QmlControls/BatteryIndicator.qml:291";"";"";"no"
"UI-0811";"qgc_source_uk_UA.ts";"BatteryIndicator";"Value";"";"TODO";"../src/QmlControls/BatteryIndicator.qml:296";"";"";"no"
"UI-0812";"qgc_source_uk_UA.ts";"BatteryIndicator";"Coloring";"";"TODO";"../src/QmlControls/BatteryIndicator.qml:304";"";"";"no"
"UI-0813";"qgc_source_uk_UA.ts";"BatteryIndicator";"Low";"";"TODO";"../src/QmlControls/BatteryIndicator.qml:377";"";"";"no"
"UI-0814";"qgc_source_uk_UA.ts";"BatteryIndicator";"Critical";"";"TODO";"../src/QmlControls/BatteryIndicator.qml:390";"";"";"no"
"UI-0815";"qgc_source_uk_UA.ts";"BatteryIndicator";"Vehicle Power";"";"TODO";"../src/QmlControls/BatteryIndicator.qml:406";"";"";"no"
"UI-0816";"qgc_source_uk_UA.ts";"BatteryIndicator";"Configure";"";"TODO";"../src/QmlControls/BatteryIndicator.qml:407";"";"";"no"
"UI-0817";"qgc_source_uk_UA.ts";"BlankPlanCreator";"Empty Plan";"";"TODO";"../src/MissionManager/BlankPlanCreator.cc:14";"";"";"no"
"UI-0818";"qgc_source_uk_UA.ts";"BluetoothConfiguration";"Bluetooth Link Settings";"";"TODO";"../src/Comms/BluetoothLink.cc:108";"";"";"no"
"UI-0819";"qgc_source_uk_UA.ts";"BluetoothConfiguration";"Bluetooth Not Available";"";"TODO";"../src/Comms/BluetoothLink.cc:111";"";"";"no"
"UI-0820";"qgc_source_uk_UA.ts";"BluetoothLink";"Bluetooth Link Error";"";"TODO";"../src/Comms/BluetoothLink.cc:431";"";"";"no"
"UI-0821";"qgc_source_uk_UA.ts";"BluetoothLink";"Link %1: (Device: %2) %3";"";"TODO";"../src/Comms/BluetoothLink.cc:431";"";"";"no"
"UI-0822";"qgc_source_uk_UA.ts";"BluetoothSettings";"Device";"";"TODO";"../src/UI/AppSettings/BluetoothSettings.qml:31";"";"";"no"
"UI-0823";"qgc_source_uk_UA.ts";"BluetoothSettings";"Address";"";"TODO";"../src/UI/AppSettings/BluetoothSettings.qml:37";"";"";"no"
"UI-0824";"qgc_source_uk_UA.ts";"BluetoothSettings";"Bluetooth Devices";"";"TODO";"../src/UI/AppSettings/BluetoothSettings.qml:44";"";"";"no"
"UI-0825";"qgc_source_uk_UA.ts";"BluetoothSettings";"Scan";"";"TODO";"../src/UI/AppSettings/BluetoothSettings.qml:67";"";"";"no"
"UI-0826";"qgc_source_uk_UA.ts";"BluetoothSettings";"Stop";"";"TODO";"../src/UI/AppSettings/BluetoothSettings.qml:73";"";"";"no"
"UI-0827";"qgc_source_uk_UA.ts";"BluetoothWorker";"Data to Send is Empty";"";"TODO";"../src/Comms/BluetoothLink.cc:265";"";"";"no"
"UI-0828";"qgc_source_uk_UA.ts";"BluetoothWorker";"Socket is not connected";"";"TODO";"../src/Comms/BluetoothLink.cc:270";"";"";"no"
"UI-0829";"qgc_source_uk_UA.ts";"BluetoothWorker";"Socket is not Writable";"";"TODO";"../src/Comms/BluetoothLink.cc:275";"";"";"no"
"UI-0830";"qgc_source_uk_UA.ts";"BluetoothWorker";"Could Not Send Data - Write Failed: %1";"";"TODO";"../src/Comms/BluetoothLink.cc:283";"";"";"no"
"UI-0831";"qgc_source_uk_UA.ts";"BluetoothWorker";"Could Not Send Data - Write Returned 0 Bytes";"";"TODO";"../src/Comms/BluetoothLink.cc:286";"";"";"no"
"UI-0832";"qgc_source_uk_UA.ts";"Bootloader";"Write failed: %1";"";"TODO";"../src/Vehicle/VehicleSetup/Bootloader.cc:226";"";"";"no"
"UI-0833";"qgc_source_uk_UA.ts";"Bootloader";"Incorrect number of bytes returned for write: actual(%1) expected(%2)";"";"TODO";"../src/Vehicle/VehicleSetup/Bootloader.cc:231";"";"";"no"
"UI-0834";"qgc_source_uk_UA.ts";"Bootloader";"Timeout waiting for bytes to be available";"";"TODO";"../src/Vehicle/VehicleSetup/Bootloader.cc:252";"";"";"no"
"UI-0835";"qgc_source_uk_UA.ts";"Bootloader";"Read failed: error: %1";"";"TODO";"../src/Vehicle/VehicleSetup/Bootloader.cc:262";"";"";"no"
"UI-0836";"qgc_source_uk_UA.ts";"Bootloader";"Get Command Response: ";"";"TODO";"../src/Vehicle/VehicleSetup/Bootloader.cc:276";"";"";"no"
"UI-0837";"qgc_source_uk_UA.ts";"Bootloader";"Invalid sync response: 0x%1 0x%2";"";"TODO";"../src/Vehicle/VehicleSetup/Bootloader.cc:282";"";"";"no"
"UI-0838";"qgc_source_uk_UA.ts";"Bootloader";"This board is using a microcontroller with faulty silicon and an incorrect configuration and should be put out of service.";"";"TODO";"../src/Vehicle/VehicleSetup/Bootloader.cc:285";"";"";"no"
"UI-0839";"qgc_source_uk_UA.ts";"Bootloader";"Unknown response code";"";"TODO";"../src/Vehicle/VehicleSetup/Bootloader.cc:288";"";"";"no"
"UI-0840";"qgc_source_uk_UA.ts";"Bootloader";"Command failed: 0x%1 (%2)";"";"TODO";"../src/Vehicle/VehicleSetup/Bootloader.cc:294";"";"";"no"
"UI-0841";"qgc_source_uk_UA.ts";"Bootloader";"Get Board Info: ";"";"TODO";"../src/Vehicle/VehicleSetup/Bootloader.cc:158";"";"";"no"
"UI-0842";"qgc_source_uk_UA.ts";"Bootloader";"Send Command: ";"";"TODO";"../src/Vehicle/VehicleSetup/Bootloader.cc:344";"";"";"no"
"UI-0843";"qgc_source_uk_UA.ts";"Bootloader";"Unable to open firmware file %1: %2";"";"TODO";"../src/Vehicle/VehicleSetup/Bootloader.cc:352 | ../src/Vehicle/VehicleSetup/Bootloader.cc:518";"";"";"no"
"UI-0844";"qgc_source_uk_UA.ts";"Bootloader";"Firmware file read failed: %1";"";"TODO";"../src/Vehicle/VehicleSetup/Bootloader.cc:373 | ../src/Vehicle/VehicleSetup/Bootloader.cc:543";"";"";"no"
"UI-0845";"qgc_source_uk_UA.ts";"Bootloader";"Flash failed: %1 at address 0x%2";"";"TODO";"../src/Vehicle/VehicleSetup/Bootloader.cc:389 | ../src/Vehicle/VehicleSetup/Bootloader.cc:472";"";"";"no"
"UI-0846";"qgc_source_uk_UA.ts";"Bootloader";"Unable to retrieve block from ihx: index %1";"";"TODO";"../src/Vehicle/VehicleSetup/Bootloader.cc:423 | ../src/Vehicle/VehicleSetup/Bootloader.cc:595";"";"";"no"
"UI-0847";"qgc_source_uk_UA.ts";"Bootloader";"Unable to set flash start address: 0x%2";"";"TODO";"../src/Vehicle/VehicleSetup/Bootloader.cc:443";"";"";"no"
"UI-0848";"qgc_source_uk_UA.ts";"Bootloader";"Read failed: %1 at address: 0x%2";"";"TODO";"../src/Vehicle/VehicleSetup/Bootloader.cc:561 | ../src/Vehicle/VehicleSetup/Bootloader.cc:646";"";"";"no"
"UI-0849";"qgc_source_uk_UA.ts";"Bootloader";"Compare failed: expected(0x%1) actual(0x%2) at address: 0x%3";"";"TODO";"../src/Vehicle/VehicleSetup/Bootloader.cc:567 | ../src/Vehicle/VehicleSetup/Bootloader.cc:654";"";"";"no"
"UI-0850";"qgc_source_uk_UA.ts";"Bootloader";"Unable to set read start address: 0x%2";"";"TODO";"../src/Vehicle/VehicleSetup/Bootloader.cc:615";"";"";"no"
"UI-0851";"qgc_source_uk_UA.ts";"Bootloader";"CRC mismatch: board(0x%1) file(0x%2)";"";"TODO";"../src/Vehicle/VehicleSetup/Bootloader.cc:691";"";"";"no"
"UI-0852";"qgc_source_uk_UA.ts";"Bootloader";"Open failed on port %1: %2";"";"TODO";"../src/Vehicle/VehicleSetup/Bootloader.cc:42";"";"";"no"
"UI-0853";"qgc_source_uk_UA.ts";"Bootloader";"Unable to put radio into command mode +++";"";"TODO";"../src/Vehicle/VehicleSetup/Bootloader.cc:94";"";"";"no"
"UI-0854";"qgc_source_uk_UA.ts";"Bootloader";"Radio did not respond to command mode";"";"TODO";"../src/Vehicle/VehicleSetup/Bootloader.cc:99";"";"";"no"
"UI-0855";"qgc_source_uk_UA.ts";"Bootloader";"Radio did not respond to ATI2 command";"";"TODO";"../src/Vehicle/VehicleSetup/Bootloader.cc:107";"";"";"no"
"UI-0856";"qgc_source_uk_UA.ts";"Bootloader";"Radio did not return board id";"";"TODO";"../src/Vehicle/VehicleSetup/Bootloader.cc:114";"";"";"no"
"UI-0857";"qgc_source_uk_UA.ts";"Bootloader";"Found unsupported bootloader version: %1";"";"TODO";"../src/Vehicle/VehicleSetup/Bootloader.cc:131";"";"";"no"
"UI-0858";"qgc_source_uk_UA.ts";"Bootloader";"Unable to reboot radio (ready read)";"";"TODO";"../src/Vehicle/VehicleSetup/Bootloader.cc:167";"";"";"no"
"UI-0859";"qgc_source_uk_UA.ts";"Bootloader";"Erase failed: %1";"";"TODO";"../src/Vehicle/VehicleSetup/Bootloader.cc:183";"";"";"no"
"UI-0860";"qgc_source_uk_UA.ts";"Bootloader";"Get Device: ";"";"TODO";"../src/Vehicle/VehicleSetup/Bootloader.cc:321";"";"";"no"
"UI-0861";"qgc_source_uk_UA.ts";"Bootloader";"Get Board Id: ";"";"TODO";"../src/Vehicle/VehicleSetup/Bootloader.cc:749";"";"";"no"
"UI-0862";"qgc_source_uk_UA.ts";"CameraCalc";"CameraCalc section version %1 not supported";"";"TODO";"../src/MissionManager/CameraCalc.cc:225";"";"";"no"
"UI-0863";"qgc_source_uk_UA.ts";"CameraCalc";"Custom Camera";"";"TODO";"../src/MissionManager/CameraCalc.cc:297";"";"";"no"
"UI-0864";"qgc_source_uk_UA.ts";"CameraCalc";"Manual (no camera specs)";"";"TODO";"../src/MissionManager/CameraCalc.cc:302";"";"";"no"
"UI-0865";"qgc_source_uk_UA.ts";"CameraCalcCamera";"Width";"";"TODO";"../src/QmlControls/CameraCalcCamera.qml:107";"";"";"no"
"UI-0866";"qgc_source_uk_UA.ts";"CameraCalcCamera";"Height";"";"TODO";"../src/QmlControls/CameraCalcCamera.qml:111";"";"";"no"
"UI-0867";"qgc_source_uk_UA.ts";"CameraCalcCamera";"Sensor";"";"TODO";"../src/QmlControls/CameraCalcCamera.qml:119";"";"";"no"
"UI-0868";"qgc_source_uk_UA.ts";"CameraCalcCamera";"Image";"";"TODO";"../src/QmlControls/CameraCalcCamera.qml:134";"";"";"no"
"UI-0869";"qgc_source_uk_UA.ts";"CameraCalcCamera";"Focal length";"";"TODO";"../src/QmlControls/CameraCalcCamera.qml:149";"";"";"no"
"UI-0870";"qgc_source_uk_UA.ts";"CameraCalcGrid";"Front Lap";"";"TODO";"../src/QmlControls/CameraCalcGrid.qml:45";"";"";"no"
"UI-0871";"qgc_source_uk_UA.ts";"CameraCalcGrid";"Side Lap";"";"TODO";"../src/QmlControls/CameraCalcGrid.qml:49";"";"";"no"
"UI-0872";"qgc_source_uk_UA.ts";"CameraCalcGrid";"Overlap";"";"TODO";"../src/QmlControls/CameraCalcGrid.qml:57";"";"";"no"
"UI-0873";"qgc_source_uk_UA.ts";"CameraCalcGrid";"Select one:";"";"TODO";"../src/QmlControls/CameraCalcGrid.qml:70";"";"";"no"
"UI-0874";"qgc_source_uk_UA.ts";"CameraCalcGrid";"Grnd Res";"";"TODO";"../src/QmlControls/CameraCalcGrid.qml:100";"";"";"no"
"UI-0875";"qgc_source_uk_UA.ts";"CameraSection";"Camera";"";"TODO";"../src/QmlControls/CameraSection.qml:29";"";"";"no"
"UI-0876";"qgc_source_uk_UA.ts";"CameraSection";"Time";"";"TODO";"../src/QmlControls/CameraSection.qml:54";"";"";"no"
"UI-0877";"qgc_source_uk_UA.ts";"CameraSection";"Distance";"";"TODO";"../src/QmlControls/CameraSection.qml:70";"";"";"no"
"UI-0878";"qgc_source_uk_UA.ts";"CameraSection";"Mode";"";"TODO";"../src/QmlControls/CameraSection.qml:87";"";"";"no"
"UI-0879";"qgc_source_uk_UA.ts";"CameraSection";"Pitch";"";"TODO";"../src/QmlControls/CameraSection.qml:107";"";"";"no"
"UI-0880";"qgc_source_uk_UA.ts";"CameraSection";"Yaw";"";"TODO";"../src/QmlControls/CameraSection.qml:108";"";"";"no"
"UI-0881";"qgc_source_uk_UA.ts";"CameraSection";"Gimbal";"";"TODO";"../src/QmlControls/CameraSection.qml:106";"";"";"no"
"UI-0882";"qgc_source_uk_UA.ts";"CenterMapDropButton";"Center map on:";"";"TODO";"../src/FlightMap/Widgets/CenterMapDropButton.qml:162";"";"";"no"
"UI-0883";"qgc_source_uk_UA.ts";"CenterMapDropButton";"Mission";"";"TODO";"../src/FlightMap/Widgets/CenterMapDropButton.qml:165";"";"";"no"
"UI-0884";"qgc_source_uk_UA.ts";"CenterMapDropButton";"All items";"";"TODO";"../src/FlightMap/Widgets/CenterMapDropButton.qml:177";"";"";"no"
"UI-0885";"qgc_source_uk_UA.ts";"CenterMapDropButton";"Launch";"";"TODO";"../src/FlightMap/Widgets/CenterMapDropButton.qml:189";"";"";"no"
"UI-0886";"qgc_source_uk_UA.ts";"CenterMapDropButton";"Current Location";"";"TODO";"../src/FlightMap/Widgets/CenterMapDropButton.qml:200";"";"";"no"
"UI-0887";"qgc_source_uk_UA.ts";"CenterMapDropButton";"Specified Location";"";"TODO";"../src/FlightMap/Widgets/CenterMapDropButton.qml:212";"";"";"no"
"UI-0888";"qgc_source_uk_UA.ts";"CenterMapDropButton";"Vehicle";"";"TODO";"../src/FlightMap/Widgets/CenterMapDropButton.qml:222";"";"";"no"
"UI-0889";"qgc_source_uk_UA.ts";"CenterMapDropButton";"Follow Vehicle";"";"TODO";"../src/FlightMap/Widgets/CenterMapDropButton.qml:234";"";"";"no"
"UI-0890";"qgc_source_uk_UA.ts";"CenterMapDropPanel";"Center map on:";"";"TODO";"../src/FlightMap/Widgets/CenterMapDropPanel.qml:29";"";"";"no"
"UI-0891";"qgc_source_uk_UA.ts";"CenterMapDropPanel";"Mission";"";"TODO";"../src/FlightMap/Widgets/CenterMapDropPanel.qml:32";"";"";"no"
"UI-0892";"qgc_source_uk_UA.ts";"CenterMapDropPanel";"All items";"";"TODO";"../src/FlightMap/Widgets/CenterMapDropPanel.qml:43";"";"";"no"
"UI-0893";"qgc_source_uk_UA.ts";"CenterMapDropPanel";"Launch";"";"TODO";"../src/FlightMap/Widgets/CenterMapDropPanel.qml:54";"";"";"no"
"UI-0894";"qgc_source_uk_UA.ts";"CenterMapDropPanel";"Vehicle";"";"TODO";"../src/FlightMap/Widgets/CenterMapDropPanel.qml:64";"";"";"no"
"UI-0895";"qgc_source_uk_UA.ts";"CenterMapDropPanel";"Current Location";"";"TODO";"../src/FlightMap/Widgets/CenterMapDropPanel.qml:75";"";"";"no"
"UI-0896";"qgc_source_uk_UA.ts";"CenterMapDropPanel";"Specified Location";"";"TODO";"../src/FlightMap/Widgets/CenterMapDropPanel.qml:86";"";"";"no"
"UI-0897";"qgc_source_uk_UA.ts";"CompInfoParam";"Component %1";"";"TODO";"../src/Vehicle/ComponentInformation/CompInfoParam.cc:135";"";"";"no"
"UI-0898";"qgc_source_uk_UA.ts";"CompInfoParam";"Internal Error: Parameter MetaData major must be 1";"";"TODO";"../src/Vehicle/ComponentInformation/CompInfoParam.cc:270";"";"";"no"
"UI-0899";"qgc_source_uk_UA.ts";"ComplexMissionItem";"This Pattern does not support Presets.";"";"TODO";"../src/MissionManager/ComplexMissionItem.cc:53 | ../src/MissionManager/ComplexMissionItem.cc:59";"";"";"no"
"UI-0900";"qgc_source_uk_UA.ts";"ComplexMissionItem";"'%1' is a built-in preset which cannot be deleted.";"";"TODO";"../src/MissionManager/ComplexMissionItem.cc:65";"";"";"no"
"UI-0901";"qgc_source_uk_UA.ts";"ComponentInformationTranslation";"File open failed: file:error %1 %2";"";"TODO";"../src/Vehicle/ComponentInformation/ComponentInformationTranslation.cc:209";"";"";"no"
"UI-0902";"qgc_source_uk_UA.ts";"CorridorScanComplexItem";"%1 does not support loading this complex mission item type: %2:%3";"";"TODO";"../src/MissionManager/CorridorScanComplexItem.cc:115";"";"";"no"
"UI-0903";"qgc_source_uk_UA.ts";"CorridorScanComplexItem";"%1 complex item version %2 not supported";"";"TODO";"../src/MissionManager/CorridorScanComplexItem.cc:122";"";"";"no"
"UI-0904";"qgc_source_uk_UA.ts";"CorridorScanComplexItem";"Corridor Scan";"";"TODO";"../src/MissionManager/CorridorScanComplexItem.cc:22 | ../src/MissionManager/CorridorScanComplexItem.h:51 | ../src/MissionManager/CorridorScanComplexItem.h:52";"";"";"no"
"UI-0905";"qgc_source_uk_UA.ts";"CorridorScanComplexItem";"C";"";"TODO";"../src/MissionManager/CorridorScanComplexItem.h:53";"";"";"no"
"UI-0906";"qgc_source_uk_UA.ts";"CorridorScanEditor";"Corridor";"";"TODO";"../src/QmlControls/CorridorScanEditor.qml:17";"";"";"no"
"UI-0907";"qgc_source_uk_UA.ts";"CorridorScanEditor";"Width";"";"TODO";"../src/QmlControls/CorridorScanEditor.qml:36";"";"";"no"
"UI-0908";"qgc_source_uk_UA.ts";"CorridorScanEditor";"Turnaround dist";"";"TODO";"../src/QmlControls/CorridorScanEditor.qml:43";"";"";"no"
"UI-0909";"qgc_source_uk_UA.ts";"CorridorScanEditor";"Use the Polyline Tools to create the polyline which defines the corridor.";"";"TODO";"../src/QmlControls/CorridorScanEditor.qml:16";"";"";"no"
"UI-0910";"qgc_source_uk_UA.ts";"CorridorScanEditor";"Images in turnarounds";"";"TODO";"../src/QmlControls/CorridorScanEditor.qml:54";"";"";"no"
"UI-0911";"qgc_source_uk_UA.ts";"DebugWindow";"Qt Platform:";"";"TODO";"../src/UI/AppSettings/DebugWindow.qml:37";"";"";"no"
"UI-0912";"qgc_source_uk_UA.ts";"DebugWindow";"Font Point Size 10";"";"TODO";"../src/UI/AppSettings/DebugWindow.qml:47";"";"";"no"
"UI-0913";"qgc_source_uk_UA.ts";"DebugWindow";"Default font width:";"";"TODO";"../src/UI/AppSettings/DebugWindow.qml:53";"";"";"no"
"UI-0914";"qgc_source_uk_UA.ts";"DebugWindow";"Font Point Size 10.5";"";"TODO";"../src/UI/AppSettings/DebugWindow.qml:63";"";"";"no"
"UI-0915";"qgc_source_uk_UA.ts";"DebugWindow";"Default font height:";"";"TODO";"../src/UI/AppSettings/DebugWindow.qml:69";"";"";"no"
"UI-0916";"qgc_source_uk_UA.ts";"DebugWindow";"Font Point Size 11";"";"TODO";"../src/UI/AppSettings/DebugWindow.qml:79";"";"";"no"
"UI-0917";"qgc_source_uk_UA.ts";"DebugWindow";"Default font pixel size:";"";"TODO";"../src/UI/AppSettings/DebugWindow.qml:85";"";"";"no"
"UI-0918";"qgc_source_uk_UA.ts";"DebugWindow";"Font Point Size 11.5";"";"TODO";"../src/UI/AppSettings/DebugWindow.qml:95";"";"";"no"
"UI-0919";"qgc_source_uk_UA.ts";"DebugWindow";"Default font point size:";"";"TODO";"../src/UI/AppSettings/DebugWindow.qml:101";"";"";"no"
"UI-0920";"qgc_source_uk_UA.ts";"DebugWindow";"Font Point Size 12";"";"TODO";"../src/UI/AppSettings/DebugWindow.qml:111";"";"";"no"
"UI-0921";"qgc_source_uk_UA.ts";"DebugWindow";"QML Screen Desktop:";"";"TODO";"../src/UI/AppSettings/DebugWindow.qml:117";"";"";"no"
"UI-0922";"qgc_source_uk_UA.ts";"DebugWindow";"Font Point Size 12.5";"";"TODO";"../src/UI/AppSettings/DebugWindow.qml:127";"";"";"no"
"UI-0923";"qgc_source_uk_UA.ts";"DebugWindow";"QML Screen Size:";"";"TODO";"../src/UI/AppSettings/DebugWindow.qml:133";"";"";"no"
"UI-0924";"qgc_source_uk_UA.ts";"DebugWindow";"Font Point Size 13";"";"TODO";"../src/UI/AppSettings/DebugWindow.qml:143";"";"";"no"
"UI-0925";"qgc_source_uk_UA.ts";"DebugWindow";"QML Pixel Density:";"";"TODO";"../src/UI/AppSettings/DebugWindow.qml:149";"";"";"no"
"UI-0926";"qgc_source_uk_UA.ts";"DebugWindow";"Font Point Size 13.5";"";"TODO";"../src/UI/AppSettings/DebugWindow.qml:159";"";"";"no"
"UI-0927";"qgc_source_uk_UA.ts";"DebugWindow";"QML Pixel Ratio:";"";"TODO";"../src/UI/AppSettings/DebugWindow.qml:165";"";"";"no"
"UI-0928";"qgc_source_uk_UA.ts";"DebugWindow";"Font Point Size 14";"";"TODO";"../src/UI/AppSettings/DebugWindow.qml:175";"";"";"no"
"UI-0929";"qgc_source_uk_UA.ts";"DebugWindow";"Default Point:";"";"TODO";"../src/UI/AppSettings/DebugWindow.qml:181";"";"";"no"
"UI-0930";"qgc_source_uk_UA.ts";"DebugWindow";"Font Point Size 14.5";"";"TODO";"../src/UI/AppSettings/DebugWindow.qml:191";"";"";"no"
"UI-0931";"qgc_source_uk_UA.ts";"DebugWindow";"Computed Font Height:";"";"TODO";"../src/UI/AppSettings/DebugWindow.qml:197";"";"";"no"
"UI-0932";"qgc_source_uk_UA.ts";"DebugWindow";"Font Point Size 15";"";"TODO";"../src/UI/AppSettings/DebugWindow.qml:207";"";"";"no"
"UI-0933";"qgc_source_uk_UA.ts";"DebugWindow";"Computed Screen Height:";"";"TODO";"../src/UI/AppSettings/DebugWindow.qml:213";"";"";"no"
"UI-0934";"qgc_source_uk_UA.ts";"DebugWindow";"Font Point Size 15.5";"";"TODO";"../src/UI/AppSettings/DebugWindow.qml:223";"";"";"no"
"UI-0935";"qgc_source_uk_UA.ts";"DebugWindow";"Computed Screen Width:";"";"TODO";"../src/UI/AppSettings/DebugWindow.qml:229";"";"";"no"
"UI-0936";"qgc_source_uk_UA.ts";"DebugWindow";"Font Point Size 16";"";"TODO";"../src/UI/AppSettings/DebugWindow.qml:239";"";"";"no"
"UI-0937";"qgc_source_uk_UA.ts";"DebugWindow";"Desktop Available Width:";"";"TODO";"../src/UI/AppSettings/DebugWindow.qml:245";"";"";"no"
"UI-0938";"qgc_source_uk_UA.ts";"DebugWindow";"Font Point Size 16.5";"";"TODO";"../src/UI/AppSettings/DebugWindow.qml:255";"";"";"no"
"UI-0939";"qgc_source_uk_UA.ts";"DebugWindow";"Desktop Available Height:";"";"TODO";"../src/UI/AppSettings/DebugWindow.qml:261";"";"";"no"
"UI-0940";"qgc_source_uk_UA.ts";"DebugWindow";"Font Point Size 17";"";"TODO";"../src/UI/AppSettings/DebugWindow.qml:271";"";"";"no"
"UI-0941";"qgc_source_uk_UA.ts";"DefaultChecklist";"Generic Initial checks";"";"TODO";"../src/FlightDisplay/DefaultChecklist.qml:25";"";"";"no"
"UI-0942";"qgc_source_uk_UA.ts";"DefaultChecklist";"Hardware";"";"TODO";"../src/FlightDisplay/DefaultChecklist.qml:28";"";"";"no"
"UI-0943";"qgc_source_uk_UA.ts";"DefaultChecklist";"Props mounted? Wings secured? Tail secured?";"";"TODO";"../src/FlightDisplay/DefaultChecklist.qml:29";"";"";"no"
"UI-0944";"qgc_source_uk_UA.ts";"DefaultChecklist";"Please arm the vehicle here";"";"TODO";"../src/FlightDisplay/DefaultChecklist.qml:50";"";"";"no"
"UI-0945";"qgc_source_uk_UA.ts";"DefaultChecklist";"Actuators";"";"TODO";"../src/FlightDisplay/DefaultChecklist.qml:53";"";"";"no"
"UI-0946";"qgc_source_uk_UA.ts";"DefaultChecklist";"Move all control surfaces. Did they work properly?";"";"TODO";"../src/FlightDisplay/DefaultChecklist.qml:54";"";"";"no"
"UI-0947";"qgc_source_uk_UA.ts";"DefaultChecklist";"Motors";"";"TODO";"../src/FlightDisplay/DefaultChecklist.qml:58";"";"";"no"
"UI-0948";"qgc_source_uk_UA.ts";"DefaultChecklist";"Propellers free? Then throttle up gently. Working properly?";"";"TODO";"../src/FlightDisplay/DefaultChecklist.qml:59";"";"";"no"
"UI-0949";"qgc_source_uk_UA.ts";"DefaultChecklist";"Mission";"";"TODO";"../src/FlightDisplay/DefaultChecklist.qml:63";"";"";"no"
"UI-0950";"qgc_source_uk_UA.ts";"DefaultChecklist";"Please confirm mission is valid (waypoints valid, no terrain collision).";"";"TODO";"../src/FlightDisplay/DefaultChecklist.qml:64";"";"";"no"
"UI-0951";"qgc_source_uk_UA.ts";"DefaultChecklist";"Last preparations before launch";"";"TODO";"../src/FlightDisplay/DefaultChecklist.qml:72";"";"";"no"
"UI-0952";"qgc_source_uk_UA.ts";"DefaultChecklist";"Payload";"";"TODO";"../src/FlightDisplay/DefaultChecklist.qml:76";"";"";"no"
"UI-0953";"qgc_source_uk_UA.ts";"DefaultChecklist";"Configured and started? Payload lid closed?";"";"TODO";"../src/FlightDisplay/DefaultChecklist.qml:77";"";"";"no"
"UI-0954";"qgc_source_uk_UA.ts";"DefaultChecklist";"Wind & weather";"";"TODO";"../src/FlightDisplay/DefaultChecklist.qml:81";"";"";"no"
"UI-0955";"qgc_source_uk_UA.ts";"DefaultChecklist";"OK for your platform? Lauching into the wind?";"";"TODO";"../src/FlightDisplay/DefaultChecklist.qml:82";"";"";"no"
"UI-0956";"qgc_source_uk_UA.ts";"DefaultChecklist";"Flight area";"";"TODO";"../src/FlightDisplay/DefaultChecklist.qml:86";"";"";"no"
"UI-0957";"qgc_source_uk_UA.ts";"DefaultChecklist";"Launch area and path free of obstacles/people?";"";"TODO";"../src/FlightDisplay/DefaultChecklist.qml:87";"";"";"no"
"UI-0958";"qgc_source_uk_UA.ts";"ESP8266Component";"controller WiFi Bridge";"";"TODO";"../src/AutoPilotPlugins/Common/ESP8266Component.qml:33";"";"";"no"
"UI-0959";"qgc_source_uk_UA.ts";"ESP8266Component";"Error fetching WiFi Bridge Status: %1";"";"TODO";"../src/AutoPilotPlugins/Common/ESP8266Component.qml:66";"";"";"no"
"UI-0960";"qgc_source_uk_UA.ts";"ESP8266Component";"ESP WiFi Bridge Settings";"";"TODO";"../src/AutoPilotPlugins/Common/ESP8266Component.qml:116";"";"";"no"
"UI-0961";"qgc_source_uk_UA.ts";"ESP8266Component";"WiFi Mode";"";"TODO";"../src/AutoPilotPlugins/Common/ESP8266Component.qml:143";"";"";"no"
"UI-0962";"qgc_source_uk_UA.ts";"ESP8266Component";"WiFi Channel";"";"TODO";"../src/AutoPilotPlugins/Common/ESP8266Component.qml:159";"";"";"no"
"UI-0963";"qgc_source_uk_UA.ts";"ESP8266Component";"WiFi AP SSID";"";"TODO";"../src/AutoPilotPlugins/Common/ESP8266Component.qml:176";"";"";"no"
"UI-0964";"qgc_source_uk_UA.ts";"ESP8266Component";"WiFi AP Password";"";"TODO";"../src/AutoPilotPlugins/Common/ESP8266Component.qml:192";"";"";"no"
"UI-0965";"qgc_source_uk_UA.ts";"ESP8266Component";"WiFi STA SSID";"";"TODO";"../src/AutoPilotPlugins/Common/ESP8266Component.qml:208";"";"";"no"
"UI-0966";"qgc_source_uk_UA.ts";"ESP8266Component";"WiFi STA Password";"";"TODO";"../src/AutoPilotPlugins/Common/ESP8266Component.qml:225";"";"";"no"
"UI-0967";"qgc_source_uk_UA.ts";"ESP8266Component";"UART Baud Rate";"";"TODO";"../src/AutoPilotPlugins/Common/ESP8266Component.qml:242";"";"";"no"
"UI-0968";"qgc_source_uk_UA.ts";"ESP8266Component";"QGC UDP Port";"";"TODO";"../src/AutoPilotPlugins/Common/ESP8266Component.qml:258";"";"";"no"
"UI-0969";"qgc_source_uk_UA.ts";"ESP8266Component";"ESP WiFi Bridge Status";"";"TODO";"../src/AutoPilotPlugins/Common/ESP8266Component.qml:277";"";"";"no"
"UI-0970";"qgc_source_uk_UA.ts";"ESP8266Component";"Bridge/Vehicle Link";"";"TODO";"../src/AutoPilotPlugins/Common/ESP8266Component.qml:290";"";"";"no"
"UI-0971";"qgc_source_uk_UA.ts";"ESP8266Component";"Bridge/QGC Link";"";"TODO";"../src/AutoPilotPlugins/Common/ESP8266Component.qml:294";"";"";"no"
"UI-0972";"qgc_source_uk_UA.ts";"ESP8266Component";"QGC/Bridge Link";"";"TODO";"../src/AutoPilotPlugins/Common/ESP8266Component.qml:298";"";"";"no"
"UI-0973";"qgc_source_uk_UA.ts";"ESP8266Component";"Messages Received";"";"TODO";"../src/AutoPilotPlugins/Common/ESP8266Component.qml:304 | ../src/AutoPilotPlugins/Common/ESP8266Component.qml:319 | ../src/AutoPilotPlugins/Common/ESP8266Component.qml:333";"";"";"no"
"UI-0974";"qgc_source_uk_UA.ts";"ESP8266Component";"Messages Lost";"";"TODO";"../src/AutoPilotPlugins/Common/ESP8266Component.qml:346 | ../src/AutoPilotPlugins/Common/ESP8266Component.qml:360 | ../src/AutoPilotPlugins/Common/ESP8266Component.qml:374";"";"";"no"
"UI-0975";"qgc_source_uk_UA.ts";"ESP8266Component";"Messages Sent";"";"TODO";"../src/AutoPilotPlugins/Common/ESP8266Component.qml:388 | ../src/AutoPilotPlugins/Common/ESP8266Component.qml:402 | ../src/AutoPilotPlugins/Common/ESP8266Component.qml:416";"";"";"no"
"UI-0976";"qgc_source_uk_UA.ts";"ESP8266Component";"Restore Defaults";"";"TODO";"../src/AutoPilotPlugins/Common/ESP8266Component.qml:433";"";"";"no"
"UI-0977";"qgc_source_uk_UA.ts";"ESP8266Component";"Restart WiFi Bridge";"";"TODO";"../src/AutoPilotPlugins/Common/ESP8266Component.qml:440";"";"";"no"
"UI-0978";"qgc_source_uk_UA.ts";"ESP8266Component";"Reboot WiFi Bridge";"";"TODO";"../src/AutoPilotPlugins/Common/ESP8266Component.qml:450";"";"";"no"
"UI-0979";"qgc_source_uk_UA.ts";"ESP8266Component";"This will restart the WiFi Bridge so the settings you've changed can take effect. Note that you may have to change your computer WiFi settings and QGroundControl link settings to match these changes. Are you sure you want to restart it?";"";"TODO";"../src/AutoPilotPlugins/Common/ESP8266Component.qml:451";"";"";"no"
"UI-0980";"qgc_source_uk_UA.ts";"ESP8266Component";"Reset Counters";"";"TODO";"../src/AutoPilotPlugins/Common/ESP8266Component.qml:466";"";"";"no"
"UI-0981";"qgc_source_uk_UA.ts";"ESP8266Component";"WiFi Bridge";"";"TODO";"../src/AutoPilotPlugins/Common/ESP8266Component.cc:14";"";"";"no"
"UI-0982";"qgc_source_uk_UA.ts";"ESP8266Component";"The ESP8266 WiFi Bridge Component is used to setup the WiFi link.";"";"TODO";"../src/AutoPilotPlugins/Common/ESP8266Component.h:23";"";"";"no"
"UI-0983";"qgc_source_uk_UA.ts";"ESP8266ComponentSummary";"Firmware Version";"";"TODO";"../src/AutoPilotPlugins/Common/ESP8266ComponentSummary.qml:29";"";"";"no"
"UI-0984";"qgc_source_uk_UA.ts";"ESP8266ComponentSummary";"WiFi Mode";"";"TODO";"../src/AutoPilotPlugins/Common/ESP8266ComponentSummary.qml:33";"";"";"no"
"UI-0985";"qgc_source_uk_UA.ts";"ESP8266ComponentSummary";"AP Mode";"";"TODO";"../src/AutoPilotPlugins/Common/ESP8266ComponentSummary.qml:34";"";"";"no"
"UI-0986";"qgc_source_uk_UA.ts";"ESP8266ComponentSummary";"Station Mode";"";"TODO";"../src/AutoPilotPlugins/Common/ESP8266ComponentSummary.qml:34";"";"";"no"
"UI-0987";"qgc_source_uk_UA.ts";"ESP8266ComponentSummary";"WiFi Channel";"";"TODO";"../src/AutoPilotPlugins/Common/ESP8266ComponentSummary.qml:37";"";"";"no"
"UI-0988";"qgc_source_uk_UA.ts";"ESP8266ComponentSummary";"WiFi AP SSID";"";"TODO";"../src/AutoPilotPlugins/Common/ESP8266ComponentSummary.qml:42";"";"";"no"
"UI-0989";"qgc_source_uk_UA.ts";"ESP8266ComponentSummary";"WiFi AP Password";"";"TODO";"../src/AutoPilotPlugins/Common/ESP8266ComponentSummary.qml:46";"";"";"no"
"UI-0990";"qgc_source_uk_UA.ts";"ESP8266ComponentSummary";"UART Baud Rate";"";"TODO";"../src/AutoPilotPlugins/Common/ESP8266ComponentSummary.qml:60";"";"";"no"
"UI-0991";"qgc_source_uk_UA.ts";"EditPositionDialog";"Edit Position";"";"TODO";"../src/QmlControls/EditPositionDialog.qml:24";"";"";"no"
"UI-0992";"qgc_source_uk_UA.ts";"EditPositionDialog";"Coordinate System";"";"TODO";"../src/QmlControls/EditPositionDialog.qml:49";"";"";"no"
"UI-0993";"qgc_source_uk_UA.ts";"EditPositionDialog";"Geographic";"";"TODO";"../src/QmlControls/EditPositionDialog.qml:51 | ../src/QmlControls/EditPositionDialog.qml:52";"";"";"no"
"UI-0994";"qgc_source_uk_UA.ts";"EditPositionDialog";"Universal Transverse Mercator";"";"TODO";"../src/QmlControls/EditPositionDialog.qml:51 | ../src/QmlControls/EditPositionDialog.qml:52";"";"";"no"
"UI-0995";"qgc_source_uk_UA.ts";"EditPositionDialog";"Military Grid Reference";"";"TODO";"../src/QmlControls/EditPositionDialog.qml:51 | ../src/QmlControls/EditPositionDialog.qml:52";"";"";"no"
"UI-0996";"qgc_source_uk_UA.ts";"EditPositionDialog";"Vehicle Position";"";"TODO";"../src/QmlControls/EditPositionDialog.qml:51";"";"";"no"
"UI-0997";"qgc_source_uk_UA.ts";"EditPositionDialog";"Latitude";"";"TODO";"../src/QmlControls/EditPositionDialog.qml:56";"";"";"no"
"UI-0998";"qgc_source_uk_UA.ts";"EditPositionDialog";"Longitude";"";"TODO";"../src/QmlControls/EditPositionDialog.qml:64";"";"";"no"
"UI-0999";"qgc_source_uk_UA.ts";"EditPositionDialog";"Set position";"";"TODO";"../src/QmlControls/EditPositionDialog.qml:72 | ../src/QmlControls/EditPositionDialog.qml:114 | ../src/QmlControls/EditPositionDialog.qml:132 | ../src/QmlControls/EditPositionDialog.qml:142";"";"";"no"
"UI-1000";"qgc_source_uk_UA.ts";"EditPositionDialog";"Move";"";"TODO";"../src/QmlControls/EditPositionDialog.qml:73 | ../src/QmlControls/EditPositionDialog.qml:115 | ../src/QmlControls/EditPositionDialog.qml:133 | ../src/QmlControls/EditPositionDialog.qml:143";"";"";"no"
"UI-1001";"qgc_source_uk_UA.ts";"EditPositionDialog";"Zone";"";"TODO";"../src/QmlControls/EditPositionDialog.qml:82";"";"";"no"
"UI-1002";"qgc_source_uk_UA.ts";"EditPositionDialog";"Hemisphere";"";"TODO";"../src/QmlControls/EditPositionDialog.qml:90";"";"";"no"
"UI-1003";"qgc_source_uk_UA.ts";"EditPositionDialog";"Easting";"";"TODO";"../src/QmlControls/EditPositionDialog.qml:98";"";"";"no"
"UI-1004";"qgc_source_uk_UA.ts";"EditPositionDialog";"Northing";"";"TODO";"../src/QmlControls/EditPositionDialog.qml:106";"";"";"no"
"UI-1005";"qgc_source_uk_UA.ts";"EditPositionDialog";"MGRS";"";"TODO";"../src/QmlControls/EditPositionDialog.qml:124";"";"";"no"
"UI-1006";"qgc_source_uk_UA.ts";"FTPManager";"Invalid Nak format";"";"TODO";"../src/Vehicle/FTPManager.cc:286";"";"";"no"
"UI-1007";"qgc_source_uk_UA.ts";"FTPManager";"errno %1";"";"TODO";"../src/Vehicle/FTPManager.cc:288";"";"";"no"
"UI-1008";"qgc_source_uk_UA.ts";"FTPManager";"List directory failed";"";"TODO";"../src/Vehicle/FTPManager.cc:547 | ../src/Vehicle/FTPManager.cc:556";"";"";"no"
"UI-1009";"qgc_source_uk_UA.ts";"FTPManager";"Download failed";"";"TODO";"../src/Vehicle/FTPManager.cc:164 | ../src/Vehicle/FTPManager.cc:310 | ../src/Vehicle/FTPManager.cc:332 | ../src/Vehicle/FTPManager.cc:345 | ../src/Vehicle/FTPManager.cc:349 | ../src/Vehicle/FTPManager.cc:458 | ../src/Vehicle/FTPManager.cc:467 | ../src/Vehicle/FTPManager.cc:594 | ../src/Vehicle/FTPManager.cc:629 | ../src/Vehicle/FTPManager.cc:675 | ../src/Vehicle/FTPManager.cc:683";"";"";"no"
"UI-1010";"qgc_source_uk_UA.ts";"FTPManager";"Download failed: Error saving file";"";"TODO";"../src/Vehicle/FTPManager.cc:420 | ../src/Vehicle/FTPManager.cc:642";"";"";"no"
"UI-1011";"qgc_source_uk_UA.ts";"FWLandingPatternEditor";"Set to vehicle heading";"";"TODO";"../src/QmlControls/FWLandingPatternEditor.qml:40";"";"";"no"
"UI-1012";"qgc_source_uk_UA.ts";"FWLandingPatternEditor";"Set to vehicle location";"";"TODO";"../src/QmlControls/FWLandingPatternEditor.qml:41";"";"";"no"
"UI-1013";"qgc_source_uk_UA.ts";"FWLandingPatternEditor";"Altitude";"";"TODO";"../src/QmlControls/FWLandingPatternEditor.qml:97 | ../src/QmlControls/FWLandingPatternEditor.qml:171";"";"";"no"
"UI-1014";"qgc_source_uk_UA.ts";"FWLandingPatternEditor";"Flight Speed";"";"TODO";"../src/QmlControls/FWLandingPatternEditor.qml:107";"";"";"no"
"UI-1015";"qgc_source_uk_UA.ts";"FWLandingPatternEditor";"Radius";"";"TODO";"../src/QmlControls/FWLandingPatternEditor.qml:118";"";"";"no"
"UI-1016";"qgc_source_uk_UA.ts";"FWLandingPatternEditor";"Loiter clockwise";"";"TODO";"../src/QmlControls/FWLandingPatternEditor.qml:132 | ../src/QmlControls/FWLandingPatternEditor.qml:355";"";"";"no"
"UI-1017";"qgc_source_uk_UA.ts";"FWLandingPatternEditor";"Landing point";"";"TODO";"../src/QmlControls/FWLandingPatternEditor.qml:148";"";"";"no"
"UI-1018";"qgc_source_uk_UA.ts";"FWLandingPatternEditor";"Heading";"";"TODO";"../src/QmlControls/FWLandingPatternEditor.qml:164";"";"";"no"
"UI-1019";"qgc_source_uk_UA.ts";"FWLandingPatternEditor";"Glide Slope";"";"TODO";"../src/QmlControls/FWLandingPatternEditor.qml:195";"";"";"no"
"UI-1020";"qgc_source_uk_UA.ts";"FWLandingPatternEditor";"Altitudes relative to launch";"";"TODO";"../src/QmlControls/FWLandingPatternEditor.qml:220";"";"";"no"
"UI-1021";"qgc_source_uk_UA.ts";"FWLandingPatternEditor";"Drag the loiter point to adjust landing direction for wind and obstacles.";"";"TODO";"../src/QmlControls/FWLandingPatternEditor.qml:351";"";"";"no"
"UI-1022";"qgc_source_uk_UA.ts";"FWLandingPatternEditor";"Done";"";"TODO";"../src/QmlControls/FWLandingPatternEditor.qml:361";"";"";"no"
"UI-1023";"qgc_source_uk_UA.ts";"FWLandingPatternEditor";"Camera";"";"TODO";"../src/QmlControls/FWLandingPatternEditor.qml:230";"";"";"no"
"UI-1024";"qgc_source_uk_UA.ts";"FWLandingPatternEditor";"Final approach";"";"TODO";"../src/QmlControls/FWLandingPatternEditor.qml:58";"";"";"no"
"UI-1025";"qgc_source_uk_UA.ts";"FWLandingPatternEditor";"Use loiter to altitude";"";"TODO";"../src/QmlControls/FWLandingPatternEditor.qml:70";"";"";"no"
"UI-1026";"qgc_source_uk_UA.ts";"FWLandingPatternEditor";"Distance";"";"TODO";"../src/QmlControls/FWLandingPatternEditor.qml:181";"";"";"no"
"UI-1027";"qgc_source_uk_UA.ts";"FWLandingPatternEditor";"* Approximate glide slope altitudes.";"";"TODO";"../src/QmlControls/FWLandingPatternEditor.qml:268";"";"";"no"
"UI-1028";"qgc_source_uk_UA.ts";"FWLandingPatternEditor";"* Actual flight path will vary.";"";"TODO";"../src/QmlControls/FWLandingPatternEditor.qml:277";"";"";"no"
"UI-1029";"qgc_source_uk_UA.ts";"FWLandingPatternEditor";"* Avoid tailwind on landing.";"";"TODO";"../src/QmlControls/FWLandingPatternEditor.qml:286";"";"";"no"
"UI-1030";"qgc_source_uk_UA.ts";"FWLandingPatternEditor";"Click in map to set landing point.";"";"TODO";"../src/QmlControls/FWLandingPatternEditor.qml:312";"";"";"no"
"UI-1031";"qgc_source_uk_UA.ts";"FWLandingPatternEditor";"- or -";"";"TODO";"../src/QmlControls/FWLandingPatternEditor.qml:319";"";"";"no"
"UI-1032";"qgc_source_uk_UA.ts";"FWLandingPatternMapVisual";"Loiter";"";"TODO";"../src/QmlControls/FWLandingPatternMapVisual.qml:278";"";"";"no"
"UI-1033";"qgc_source_uk_UA.ts";"FWLandingPatternMapVisual";"Approach";"";"TODO";"../src/QmlControls/FWLandingPatternMapVisual.qml:278";"";"";"no"
"UI-1034";"qgc_source_uk_UA.ts";"FWLandingPatternMapVisual";"Landing Area";"";"TODO";"../src/QmlControls/FWLandingPatternMapVisual.qml:332";"";"";"no"
"UI-1035";"qgc_source_uk_UA.ts";"FWLandingPatternMapVisual";"Glide Slope";"";"TODO";"../src/QmlControls/FWLandingPatternMapVisual.qml:370";"";"";"no"
"UI-1036";"qgc_source_uk_UA.ts";"Fact";"Unknown: %1";"";"TODO";"../src/FactSystem/Fact.cc:225";"";"";"no"
"UI-1037";"qgc_source_uk_UA.ts";"Fact";"true";"";"TODO";"../src/FactSystem/Fact.cc:339";"";"";"no"
"UI-1038";"qgc_source_uk_UA.ts";"Fact";"false";"";"TODO";"../src/FactSystem/Fact.cc:339";"";"";"no"
"UI-1039";"qgc_source_uk_UA.ts";"Fact";"Reboot vehicle for changes to take effect.";"";"TODO";"../src/FactSystem/Fact.cc:745";"";"";"no"
"UI-1040";"qgc_source_uk_UA.ts";"Fact";"Restart application for changes to take effect.";"";"TODO";"../src/FactSystem/Fact.cc:747";"";"";"no"
"UI-1041";"qgc_source_uk_UA.ts";"FactMetaData";"Other";"";"TODO";"../src/FactSystem/FactMetaData.h:224";"";"";"no"
"UI-1042";"qgc_source_uk_UA.ts";"FactMetaData";"Misc";"";"TODO";"../src/FactSystem/FactMetaData.h:225";"";"";"no"
"UI-1043";"qgc_source_uk_UA.ts";"FactMetaData";"Value must be within %1 and %2";"";"TODO";"../src/FactSystem/FactMetaData.cc:311 | ../src/FactSystem/FactMetaData.cc:319 | ../src/FactSystem/FactMetaData.cc:329 | ../src/FactSystem/FactMetaData.cc:337 | ../src/FactSystem/FactMetaData.cc:345 | ../src/FactSystem/FactMetaData.cc:354 | ../src/FactSystem/FactMetaData.cc:399 | ../src/FactSystem/FactMetaData.cc:407 | ../src/FactSystem/FactMetaData.cc:417 | ../src/FactSystem/FactMetaData.cc:425 | ../src/FactSystem/FactMetaData.cc:433 | ../src/FactSystem/FactMetaData.cc:442";"";"";"no"
"UI-1044";"qgc_source_uk_UA.ts";"FactMetaData";"Invalid number";"";"TODO";"../src/FactSystem/FactMetaData.cc:373 | ../src/FactSystem/FactMetaData.cc:461";"";"";"no"
"UI-1045";"qgc_source_uk_UA.ts";"FactTextField";"Value Details";"";"TODO";"../src/FactSystem/FactControls/FactTextField.qml:41";"";"";"no"
"UI-1046";"qgc_source_uk_UA.ts";"FactTextFieldSlider";"Value: ";"";"TODO";"../src/FactSystem/FactControls/FactTextFieldSlider.qml:64";"";"";"no"
"UI-1047";"qgc_source_uk_UA.ts";"FactValueGrid";"Default";"";"TODO";"../src/QmlControls/FactValueGrid.cc:24";"";"";"no"
"UI-1048";"qgc_source_uk_UA.ts";"FactValueGrid";"Small";"";"TODO";"../src/QmlControls/FactValueGrid.cc:25";"";"";"no"
"UI-1049";"qgc_source_uk_UA.ts";"FactValueGrid";"Medium";"";"TODO";"../src/QmlControls/FactValueGrid.cc:26";"";"";"no"
"UI-1050";"qgc_source_uk_UA.ts";"FactValueGrid";"Large";"";"TODO";"../src/QmlControls/FactValueGrid.cc:27";"";"";"no"
"UI-1051";"qgc_source_uk_UA.ts";"FactValueGrid";"Settings version %1 for %2 is not supported. Setup will be reset to defaults.";"";"TODO";"../src/QmlControls/FactValueGrid.cc:332";"";"";"no"
"UI-1052";"qgc_source_uk_UA.ts";"FactValueGrid";"Load Settings";"";"TODO";"../src/QmlControls/FactValueGrid.cc:332";"";"";"no"
"UI-1053";"qgc_source_uk_UA.ts";"FactValueSlider";"Value Details";"";"TODO";"../src/FactSystem/FactControls/FactValueSlider.qml:100";"";"";"no"
"UI-1054";"qgc_source_uk_UA.ts";"Firmware Class";"PX4 Pro";"";"TODO";"../src/MAVLink/QGCMAVLink.cc:127";"";"";"no"
"UI-1055";"qgc_source_uk_UA.ts";"Firmware Class";"ArduPilot";"";"TODO";"../src/MAVLink/QGCMAVLink.cc:129";"";"";"no"
"UI-1056";"qgc_source_uk_UA.ts";"Firmware Class";"Generic";"";"TODO";"../src/MAVLink/QGCMAVLink.cc:131";"";"";"no"
"UI-1057";"qgc_source_uk_UA.ts";"Firmware Class";"Unknown";"";"TODO";"../src/MAVLink/QGCMAVLink.cc:133";"";"";"no"
"UI-1058";"qgc_source_uk_UA.ts";"FirmwareImage";"Incorrectly formatted line in .ihx file, line too short";"";"TODO";"../src/Vehicle/VehicleSetup/FirmwareImage.cc:130";"";"";"no"
"UI-1059";"qgc_source_uk_UA.ts";"FirmwareImage";"Unsupported record type in file: %1";"";"TODO";"../src/Vehicle/VehicleSetup/FirmwareImage.cc:135";"";"";"no"
"UI-1060";"qgc_source_uk_UA.ts";"FirmwareImage";"Unable to open firmware file %1, error: %2";"";"TODO";"../src/Vehicle/VehicleSetup/FirmwareImage.cc:205";"";"";"no"
"UI-1061";"qgc_source_uk_UA.ts";"FirmwareImage";"Supplied file is not a valid JSON document";"";"TODO";"../src/Vehicle/VehicleSetup/FirmwareImage.cc:214";"";"";"no"
"UI-1062";"qgc_source_uk_UA.ts";"FirmwareImage";"Firmware file missing required key: %1";"";"TODO";"../src/Vehicle/VehicleSetup/FirmwareImage.cc:225";"";"";"no"
"UI-1063";"qgc_source_uk_UA.ts";"FirmwareImage";"Firmware file has invalid key: %1";"";"TODO";"../src/Vehicle/VehicleSetup/FirmwareImage.cc:235";"";"";"no"
"UI-1064";"qgc_source_uk_UA.ts";"FirmwareImage";"Downloaded firmware board id does not match hardware board id: %1 != %2";"";"TODO";"../src/Vehicle/VehicleSetup/FirmwareImage.cc:241";"";"";"no"
"UI-1065";"qgc_source_uk_UA.ts";"FirmwareImage";"Write failed for parameter meta data file, error: %1";"";"TODO";"../src/Vehicle/VehicleSetup/FirmwareImage.cc:263";"";"";"no"
"UI-1066";"qgc_source_uk_UA.ts";"FirmwareImage";"Unable to open parameter meta data file %1 for writing, error: %2";"";"TODO";"../src/Vehicle/VehicleSetup/FirmwareImage.cc:270";"";"";"no"
"UI-1067";"qgc_source_uk_UA.ts";"FirmwareImage";"Write failed for airframe meta data file, error: %1";"";"TODO";"../src/Vehicle/VehicleSetup/FirmwareImage.cc:292";"";"";"no"
"UI-1068";"qgc_source_uk_UA.ts";"FirmwareImage";"Unable to open airframe meta data file %1 for writing, error: %2";"";"TODO";"../src/Vehicle/VehicleSetup/FirmwareImage.cc:299";"";"";"no"
"UI-1069";"qgc_source_uk_UA.ts";"FirmwareImage";"Unable to open decompressed file %1 for writing, error: %2";"";"TODO";"../src/Vehicle/VehicleSetup/FirmwareImage.cc:325";"";"";"no"
"UI-1070";"qgc_source_uk_UA.ts";"FirmwareImage";"Write failed for decompressed image file, error: %1";"";"TODO";"../src/Vehicle/VehicleSetup/FirmwareImage.cc:331";"";"";"no"
"UI-1071";"qgc_source_uk_UA.ts";"FirmwareImage";"Firmware file has invalid decompressed size for %1";"";"TODO";"../src/Vehicle/VehicleSetup/FirmwareImage.cc:355";"";"";"no"
"UI-1072";"qgc_source_uk_UA.ts";"FirmwareImage";"Could not find compressed bytes for %1 in Firmware file";"";"TODO";"../src/Vehicle/VehicleSetup/FirmwareImage.cc:367";"";"";"no"
"UI-1073";"qgc_source_uk_UA.ts";"FirmwareImage";"Incorrectly formed compressed bytes section for %1 in Firmware file";"";"TODO";"../src/Vehicle/VehicleSetup/FirmwareImage.cc:372";"";"";"no"
"UI-1074";"qgc_source_uk_UA.ts";"FirmwareImage";"Firmware file has 0 length %1";"";"TODO";"../src/Vehicle/VehicleSetup/FirmwareImage.cc:388";"";"";"no"
"UI-1075";"qgc_source_uk_UA.ts";"FirmwareImage";"Size for decompressed %1 does not match stored size: Expected(%1) Actual(%2)";"";"TODO";"../src/Vehicle/VehicleSetup/FirmwareImage.cc:392";"";"";"no"
"UI-1076";"qgc_source_uk_UA.ts";"FirmwareImage";"Successfully decompressed %1";"";"TODO";"../src/Vehicle/VehicleSetup/FirmwareImage.cc:396";"";"";"no"
"UI-1077";"qgc_source_uk_UA.ts";"FirmwareImage";"Unabled to open firmware file %1, %2";"";"TODO";"../src/Vehicle/VehicleSetup/FirmwareImage.cc:424";"";"";"no"
"UI-1078";"qgc_source_uk_UA.ts";"FirmwarePlugin";"Vehicle is not running latest stable firmware! Running %1, latest stable is %2.";"";"TODO";"../src/FirmwarePlugin/FirmwarePlugin.cc:379";"";"";"no"
"UI-1079";"qgc_source_uk_UA.ts";"FirmwareUpgrade";"Firmware";"";"TODO";"../src/Vehicle/VehicleSetup/FirmwareUpgrade.qml:27";"";"";"no"
"UI-1080";"qgc_source_uk_UA.ts";"FirmwareUpgrade";"Firmware Setup";"";"TODO";"../src/Vehicle/VehicleSetup/FirmwareUpgrade.qml:43 | ../src/Vehicle/VehicleSetup/FirmwareUpgrade.qml:140";"";"";"no"
"UI-1081";"qgc_source_uk_UA.ts";"FirmwareUpgrade";"Update the autopilot firmware to the latest version";"";"TODO";"../src/Vehicle/VehicleSetup/FirmwareUpgrade.qml:47";"";"";"no"
"UI-1082";"qgc_source_uk_UA.ts";"FirmwareUpgrade";"All %1 connections to vehicles must be ";"";"TODO";"../src/Vehicle/VehicleSetup/FirmwareUpgrade.qml:51";"";"";"no"
"UI-1083";"qgc_source_uk_UA.ts";"FirmwareUpgrade";"Upgrade cancelled";"";"TODO";"../src/Vehicle/VehicleSetup/FirmwareUpgrade.qml:229";"";"";"no"
"UI-1084";"qgc_source_uk_UA.ts";"FirmwareUpgrade";"Select Firmware File";"";"TODO";"../src/Vehicle/VehicleSetup/FirmwareUpgrade.qml:75";"";"";"no"
"UI-1085";"qgc_source_uk_UA.ts";"FirmwareUpgrade";"%1 can upgrade the firmware on Pixhawk devices and SiK Radios.";"";"TODO";"../src/Vehicle/VehicleSetup/FirmwareUpgrade.qml:46";"";"";"no"
"UI-1086";"qgc_source_uk_UA.ts";"FirmwareUpgrade";"Plug in your device";"";"TODO";"../src/Vehicle/VehicleSetup/FirmwareUpgrade.qml:48";"";"";"no"
"UI-1087";"qgc_source_uk_UA.ts";"FirmwareUpgrade";" via USB to ";"";"TODO";"../src/Vehicle/VehicleSetup/FirmwareUpgrade.qml:48";"";"";"no"
"UI-1088";"qgc_source_uk_UA.ts";"FirmwareUpgrade";"start";"";"TODO";"../src/Vehicle/VehicleSetup/FirmwareUpgrade.qml:48";"";"";"no"
"UI-1089";"qgc_source_uk_UA.ts";"FirmwareUpgrade";" firmware upgrade.";"";"TODO";"../src/Vehicle/VehicleSetup/FirmwareUpgrade.qml:48";"";"";"no"
"UI-1090";"qgc_source_uk_UA.ts";"FirmwareUpgrade";"If upgrade failed, make sure to connect ";"";"TODO";"../src/Vehicle/VehicleSetup/FirmwareUpgrade.qml:49";"";"";"no"
"UI-1091";"qgc_source_uk_UA.ts";"FirmwareUpgrade";"directly";"";"TODO";"../src/Vehicle/VehicleSetup/FirmwareUpgrade.qml:49";"";"";"no"
"UI-1092";"qgc_source_uk_UA.ts";"FirmwareUpgrade";" to a powered USB port on your computer, not through a USB hub. ";"";"TODO";"../src/Vehicle/VehicleSetup/FirmwareUpgrade.qml:49";"";"";"no"
"UI-1093";"qgc_source_uk_UA.ts";"FirmwareUpgrade";"Also make sure you are only powered via USB ";"";"TODO";"../src/Vehicle/VehicleSetup/FirmwareUpgrade.qml:50";"";"";"no"
"UI-1094";"qgc_source_uk_UA.ts";"FirmwareUpgrade";"not battery";"";"TODO";"../src/Vehicle/VehicleSetup/FirmwareUpgrade.qml:50";"";"";"no"
"UI-1095";"qgc_source_uk_UA.ts";"FirmwareUpgrade";" disconnected ";"";"TODO";"../src/Vehicle/VehicleSetup/FirmwareUpgrade.qml:51";"";"";"no"
"UI-1096";"qgc_source_uk_UA.ts";"FirmwareUpgrade";"prior to firmware upgrade.";"";"TODO";"../src/Vehicle/VehicleSetup/FirmwareUpgrade.qml:51";"";"";"no"
"UI-1097";"qgc_source_uk_UA.ts";"FirmwareUpgrade";"Please unplug your Pixhawk and/or Radio from USB.";"";"TODO";"../src/Vehicle/VehicleSetup/FirmwareUpgrade.qml:52";"";"";"no"
"UI-1098";"qgc_source_uk_UA.ts";"FirmwareUpgrade";"Firmware Files (*.px4 *.apj *.bin *.ihx)";"";"TODO";"../src/Vehicle/VehicleSetup/FirmwareUpgrade.qml:76";"";"";"no"
"UI-1099";"qgc_source_uk_UA.ts";"FirmwareUpgrade";"All Files (*)";"";"TODO";"../src/Vehicle/VehicleSetup/FirmwareUpgrade.qml:76";"";"";"no"
"UI-1100";"qgc_source_uk_UA.ts";"FirmwareUpgrade";"Multiple devices detected! Remove all detected devices to perform the firmware upgrade.";"";"TODO";"../src/Vehicle/VehicleSetup/FirmwareUpgrade.qml:119";"";"";"no"
"UI-1101";"qgc_source_uk_UA.ts";"FirmwareUpgrade";"Detected [%1]: ";"";"TODO";"../src/Vehicle/VehicleSetup/FirmwareUpgrade.qml:120";"";"";"no"
"UI-1102";"qgc_source_uk_UA.ts";"FirmwareUpgrade";"Found device";"";"TODO";"../src/Vehicle/VehicleSetup/FirmwareUpgrade.qml:127";"";"";"no"
"UI-1103";"qgc_source_uk_UA.ts";"FirmwareUpgrade";"PX4 Pro ";"";"TODO";"../src/Vehicle/VehicleSetup/FirmwareUpgrade.qml:170 | ../src/Vehicle/VehicleSetup/FirmwareUpgrade.qml:297";"";"";"no"
"UI-1104";"qgc_source_uk_UA.ts";"FirmwareUpgrade";"Either firmware list is still downloading, or no firmware is available for current selection.";"";"TODO";"../src/Vehicle/VehicleSetup/FirmwareUpgrade.qml:199";"";"";"no"
"UI-1105";"qgc_source_uk_UA.ts";"FirmwareUpgrade";"You must choose a board type.";"";"TODO";"../src/Vehicle/VehicleSetup/FirmwareUpgrade.qml:204";"";"";"no"
"UI-1106";"qgc_source_uk_UA.ts";"FirmwareUpgrade";"No firmware was found for the current selection.";"";"TODO";"../src/Vehicle/VehicleSetup/FirmwareUpgrade.qml:211";"";"";"no"
"UI-1107";"qgc_source_uk_UA.ts";"FirmwareUpgrade";"Standard Version (stable)";"";"TODO";"../src/Vehicle/VehicleSetup/FirmwareUpgrade.qml:239";"";"";"no"
"UI-1108";"qgc_source_uk_UA.ts";"FirmwareUpgrade";"Beta Testing (beta)";"";"TODO";"../src/Vehicle/VehicleSetup/FirmwareUpgrade.qml:243";"";"";"no"
"UI-1109";"qgc_source_uk_UA.ts";"FirmwareUpgrade";"Developer Build (master)";"";"TODO";"../src/Vehicle/VehicleSetup/FirmwareUpgrade.qml:247";"";"";"no"
"UI-1110";"qgc_source_uk_UA.ts";"FirmwareUpgrade";"Custom firmware file...";"";"TODO";"../src/Vehicle/VehicleSetup/FirmwareUpgrade.qml:251 | ../src/Vehicle/VehicleSetup/FirmwareUpgrade.qml:264";"";"";"no"
"UI-1111";"qgc_source_uk_UA.ts";"FirmwareUpgrade";"ArduPilot";"";"TODO";"../src/Vehicle/VehicleSetup/FirmwareUpgrade.qml:309";"";"";"no"
"UI-1112";"qgc_source_uk_UA.ts";"FirmwareUpgrade";"Standard Version";"";"TODO";"../src/Vehicle/VehicleSetup/FirmwareUpgrade.qml:260";"";"";"no"
"UI-1113";"qgc_source_uk_UA.ts";"FirmwareUpgrade";"Detected Pixhawk board. You can select from the following flight stacks:";"";"TODO";"../src/Vehicle/VehicleSetup/FirmwareUpgrade.qml:278";"";"";"no"
"UI-1114";"qgc_source_uk_UA.ts";"FirmwareUpgrade";"Press Ok to upgrade your vehicle.";"";"TODO";"../src/Vehicle/VehicleSetup/FirmwareUpgrade.qml:279";"";"";"no"
"UI-1115";"qgc_source_uk_UA.ts";"FirmwareUpgrade";"Downloading list of available firmwares...";"";"TODO";"../src/Vehicle/VehicleSetup/FirmwareUpgrade.qml:346";"";"";"no"
"UI-1116";"qgc_source_uk_UA.ts";"FirmwareUpgrade";"No Firmware Available";"";"TODO";"../src/Vehicle/VehicleSetup/FirmwareUpgrade.qml:353";"";"";"no"
"UI-1117";"qgc_source_uk_UA.ts";"FirmwareUpgrade";"Advanced settings";"";"TODO";"../src/Vehicle/VehicleSetup/FirmwareUpgrade.qml:359";"";"";"no"
"UI-1118";"qgc_source_uk_UA.ts";"FirmwareUpgrade";"Select the standard version or one from the file system (previously downloaded):";"";"TODO";"../src/Vehicle/VehicleSetup/FirmwareUpgrade.qml:373";"";"";"no"
"UI-1119";"qgc_source_uk_UA.ts";"FirmwareUpgrade";"Select which version of the above flight stack you would like to install:";"";"TODO";"../src/Vehicle/VehicleSetup/FirmwareUpgrade.qml:374";"";"";"no"
"UI-1120";"qgc_source_uk_UA.ts";"FirmwareUpgrade";"WARNING: BETA FIRMWARE. ";"";"TODO";"../src/Vehicle/VehicleSetup/FirmwareUpgrade.qml:388";"";"";"no"
"UI-1121";"qgc_source_uk_UA.ts";"FirmwareUpgrade";"This firmware version is ONLY intended for beta testers. ";"";"TODO";"../src/Vehicle/VehicleSetup/FirmwareUpgrade.qml:389";"";"";"no"
"UI-1122";"qgc_source_uk_UA.ts";"FirmwareUpgrade";"Although it has received FLIGHT TESTING, it represents actively changed code. ";"";"TODO";"../src/Vehicle/VehicleSetup/FirmwareUpgrade.qml:390";"";"";"no"
"UI-1123";"qgc_source_uk_UA.ts";"FirmwareUpgrade";"Do NOT use for normal operation.";"";"TODO";"../src/Vehicle/VehicleSetup/FirmwareUpgrade.qml:391";"";"";"no"
"UI-1124";"qgc_source_uk_UA.ts";"FirmwareUpgrade";"WARNING: CONTINUOUS BUILD FIRMWARE. ";"";"TODO";"../src/Vehicle/VehicleSetup/FirmwareUpgrade.qml:394";"";"";"no"
"UI-1125";"qgc_source_uk_UA.ts";"FirmwareUpgrade";"This firmware has NOT BEEN FLIGHT TESTED. ";"";"TODO";"../src/Vehicle/VehicleSetup/FirmwareUpgrade.qml:395";"";"";"no"
"UI-1126";"qgc_source_uk_UA.ts";"FirmwareUpgrade";"It is only intended for DEVELOPERS. ";"";"TODO";"../src/Vehicle/VehicleSetup/FirmwareUpgrade.qml:396";"";"";"no"
"UI-1127";"qgc_source_uk_UA.ts";"FirmwareUpgrade";"Run bench tests without props first. ";"";"TODO";"../src/Vehicle/VehicleSetup/FirmwareUpgrade.qml:397";"";"";"no"
"UI-1128";"qgc_source_uk_UA.ts";"FirmwareUpgrade";"Do NOT fly this without additional safety precautions. ";"";"TODO";"../src/Vehicle/VehicleSetup/FirmwareUpgrade.qml:398";"";"";"no"
"UI-1129";"qgc_source_uk_UA.ts";"FirmwareUpgrade";"Follow the forums actively when using it.";"";"TODO";"../src/Vehicle/VehicleSetup/FirmwareUpgrade.qml:399";"";"";"no"
"UI-1130";"qgc_source_uk_UA.ts";"FirmwareUpgrade";"Flash ChibiOS Bootloader";"";"TODO";"../src/Vehicle/VehicleSetup/FirmwareUpgrade.qml:425";"";"";"no"
"UI-1131";"qgc_source_uk_UA.ts";"FirmwareUpgradeController";"Connect not allowed during Firmware Upgrade.";"";"TODO";"../src/Vehicle/VehicleSetup/FirmwareUpgradeController.cc:165";"";"";"no"
"UI-1132";"qgc_source_uk_UA.ts";"FirmwareUpgradeController";"Connected to bootloader:";"";"TODO";"../src/Vehicle/VehicleSetup/FirmwareUpgradeController.cc:283";"";"";"no"
"UI-1133";"qgc_source_uk_UA.ts";"FirmwareUpgradeController";"  Version: %1";"";"TODO";"../src/Vehicle/VehicleSetup/FirmwareUpgradeController.cc:284";"";"";"no"
"UI-1134";"qgc_source_uk_UA.ts";"FirmwareUpgradeController";"  Board ID: %1";"";"TODO";"../src/Vehicle/VehicleSetup/FirmwareUpgradeController.cc:285";"";"";"no"
"UI-1135";"qgc_source_uk_UA.ts";"FirmwareUpgradeController";"  Flash size: %1";"";"TODO";"../src/Vehicle/VehicleSetup/FirmwareUpgradeController.cc:286";"";"";"no"
"UI-1136";"qgc_source_uk_UA.ts";"FirmwareUpgradeController";"Custom firmware selected but no filename given.";"";"TODO";"../src/Vehicle/VehicleSetup/FirmwareUpgradeController.cc:341";"";"";"no"
"UI-1137";"qgc_source_uk_UA.ts";"FirmwareUpgradeController";"Unable to find specified firmware for board type";"";"TODO";"../src/Vehicle/VehicleSetup/FirmwareUpgradeController.cc:346";"";"";"no"
"UI-1138";"qgc_source_uk_UA.ts";"FirmwareUpgradeController";"No firmware file selected";"";"TODO";"../src/Vehicle/VehicleSetup/FirmwareUpgradeController.cc:352";"";"";"no"
"UI-1139";"qgc_source_uk_UA.ts";"FirmwareUpgradeController";"Downloading firmware...";"";"TODO";"../src/Vehicle/VehicleSetup/FirmwareUpgradeController.cc:363";"";"";"no"
"UI-1140";"qgc_source_uk_UA.ts";"FirmwareUpgradeController";" From: %1";"";"TODO";"../src/Vehicle/VehicleSetup/FirmwareUpgradeController.cc:364";"";"";"no"
"UI-1141";"qgc_source_uk_UA.ts";"FirmwareUpgradeController";"Download complete";"";"TODO";"../src/Vehicle/VehicleSetup/FirmwareUpgradeController.cc:385";"";"";"no"
"UI-1142";"qgc_source_uk_UA.ts";"FirmwareUpgradeController";"Image load failed";"";"TODO";"../src/Vehicle/VehicleSetup/FirmwareUpgradeController.cc:393";"";"";"no"
"UI-1143";"qgc_source_uk_UA.ts";"FirmwareUpgradeController";"Bootloader not found";"";"TODO";"../src/Vehicle/VehicleSetup/FirmwareUpgradeController.cc:399";"";"";"no"
"UI-1144";"qgc_source_uk_UA.ts";"FirmwareUpgradeController";"Image size of %1 is too large for board flash size %2";"";"TODO";"../src/Vehicle/VehicleSetup/FirmwareUpgradeController.cc:404";"";"";"no"
"UI-1145";"qgc_source_uk_UA.ts";"FirmwareUpgradeController";"Upgrade complete";"";"TODO";"../src/Vehicle/VehicleSetup/FirmwareUpgradeController.cc:436";"";"";"no"
"UI-1146";"qgc_source_uk_UA.ts";"FirmwareUpgradeController";"Upgrade cancelled";"";"TODO";"../src/Vehicle/VehicleSetup/FirmwareUpgradeController.cc:492";"";"";"no"
"UI-1147";"qgc_source_uk_UA.ts";"FirmwareUpgradeController";"Choose board type";"";"TODO";"../src/Vehicle/VehicleSetup/FirmwareUpgradeController.cc:564";"";"";"no"
"UI-1148";"qgc_source_uk_UA.ts";"FixedWingChecklist";"Fixed Wing Initial Checks";"";"TODO";"../src/FlightDisplay/FixedWingChecklist.qml:25";"";"";"no"
"UI-1149";"qgc_source_uk_UA.ts";"FixedWingChecklist";"Hardware";"";"TODO";"../src/FlightDisplay/FixedWingChecklist.qml:28";"";"";"no"
"UI-1150";"qgc_source_uk_UA.ts";"FixedWingChecklist";"Props mounted? Wings secured? Tail secured?";"";"TODO";"../src/FlightDisplay/FixedWingChecklist.qml:29";"";"";"no"
"UI-1151";"qgc_source_uk_UA.ts";"FixedWingChecklist";"Please arm the vehicle here";"";"TODO";"../src/FlightDisplay/FixedWingChecklist.qml:50";"";"";"no"
"UI-1152";"qgc_source_uk_UA.ts";"FixedWingChecklist";"Actuators";"";"TODO";"../src/FlightDisplay/FixedWingChecklist.qml:53";"";"";"no"
"UI-1153";"qgc_source_uk_UA.ts";"FixedWingChecklist";"Move all control surfaces. Did they work properly?";"";"TODO";"../src/FlightDisplay/FixedWingChecklist.qml:54";"";"";"no"
"UI-1154";"qgc_source_uk_UA.ts";"FixedWingChecklist";"Motors";"";"TODO";"../src/FlightDisplay/FixedWingChecklist.qml:58";"";"";"no"
"UI-1155";"qgc_source_uk_UA.ts";"FixedWingChecklist";"Propellers free? Then throttle up gently. Working properly?";"";"TODO";"../src/FlightDisplay/FixedWingChecklist.qml:59";"";"";"no"
"UI-1156";"qgc_source_uk_UA.ts";"FixedWingChecklist";"Mission";"";"TODO";"../src/FlightDisplay/FixedWingChecklist.qml:63";"";"";"no"
"UI-1157";"qgc_source_uk_UA.ts";"FixedWingChecklist";"Please confirm mission is valid (waypoints valid, no terrain collision).";"";"TODO";"../src/FlightDisplay/FixedWingChecklist.qml:64";"";"";"no"
"UI-1158";"qgc_source_uk_UA.ts";"FixedWingChecklist";"Last preparations before launch";"";"TODO";"../src/FlightDisplay/FixedWingChecklist.qml:72";"";"";"no"
"UI-1159";"qgc_source_uk_UA.ts";"FixedWingChecklist";"Payload";"";"TODO";"../src/FlightDisplay/FixedWingChecklist.qml:76";"";"";"no"
"UI-1160";"qgc_source_uk_UA.ts";"FixedWingChecklist";"Configured and started? Payload lid closed?";"";"TODO";"../src/FlightDisplay/FixedWingChecklist.qml:77";"";"";"no"
"UI-1161";"qgc_source_uk_UA.ts";"FixedWingChecklist";"Wind & weather";"";"TODO";"../src/FlightDisplay/FixedWingChecklist.qml:81";"";"";"no"
"UI-1162";"qgc_source_uk_UA.ts";"FixedWingChecklist";"OK for your platform? Lauching into the wind?";"";"TODO";"../src/FlightDisplay/FixedWingChecklist.qml:82";"";"";"no"
"UI-1163";"qgc_source_uk_UA.ts";"FixedWingChecklist";"Flight area";"";"TODO";"../src/FlightDisplay/FixedWingChecklist.qml:86";"";"";"no"
"UI-1164";"qgc_source_uk_UA.ts";"FixedWingChecklist";"Launch area and path free of obstacles/people?";"";"TODO";"../src/FlightDisplay/FixedWingChecklist.qml:87";"";"";"no"
"UI-1165";"qgc_source_uk_UA.ts";"FixedWingLandingComplexItem";"Fixed Wing Landing";"";"TODO";"../src/MissionManager/FixedWingLandingComplexItem.cc:22";"";"";"no"
"UI-1166";"qgc_source_uk_UA.ts";"FixedWingLandingComplexItem";"%1 complex item version %2 not supported";"";"TODO";"../src/MissionManager/FixedWingLandingComplexItem.cc:100";"";"";"no"
"UI-1167";"qgc_source_uk_UA.ts";"FlightDisplayViewVideo";"WAITING FOR VIDEO";"";"TODO";"../src/FlightDisplay/FlightDisplayViewVideo.qml:73";"";"";"no"
"UI-1168";"qgc_source_uk_UA.ts";"FlightDisplayViewVideo";"VIDEO DISABLED";"";"TODO";"../src/FlightDisplay/FlightDisplayViewVideo.qml:73";"";"";"no"
"UI-1169";"qgc_source_uk_UA.ts";"FlightMap";"Specify Position";"";"TODO";"../src/FlightMap/FlightMap.qml:74";"";"";"no"
"UI-1170";"qgc_source_uk_UA.ts";"FlightModeIndicator";"N/A";"";"TODO";"../src/QmlControls/FlightModeIndicator.qml:50";"No data to display";"";"no"
"UI-1171";"qgc_source_uk_UA.ts";"FlightModeIndicator";"Some Modes Hidden";"";"TODO";"../src/QmlControls/FlightModeIndicator.qml:176";"";"";"no"
"UI-1172";"qgc_source_uk_UA.ts";"FlightModeIndicator";"Edit Displayed Flight Modes";"";"TODO";"../src/QmlControls/FlightModeIndicator.qml:212";"";"";"no"
"UI-1173";"qgc_source_uk_UA.ts";"FlightModeIndicator";"Flight Modes";"";"TODO";"../src/QmlControls/FlightModeIndicator.qml:222";"";"";"no"
"UI-1174";"qgc_source_uk_UA.ts";"FlightModeIndicator";"Configure";"";"TODO";"../src/QmlControls/FlightModeIndicator.qml:223";"";"";"no"
"UI-1175";"qgc_source_uk_UA.ts";"FlightModeMenu";"N/A";"";"TODO";"../src/QmlControls/FlightModeMenu.qml:20";"No data to display";"";"no"
"UI-1176";"qgc_source_uk_UA.ts";"FlightModeMenuIndicator";"N/A";"";"TODO";"../src/QmlControls/FlightModeMenuIndicator.qml:59";"No data to display";"";"no"
"UI-1177";"qgc_source_uk_UA.ts";"FlightModeMenuIndicator";"RTL Altitude";"";"TODO";"../src/QmlControls/FlightModeMenuIndicator.qml:129";"";"";"no"
"UI-1178";"qgc_source_uk_UA.ts";"FlightModeMenuIndicator";"Land Descent Rate:";"";"TODO";"../src/QmlControls/FlightModeMenuIndicator.qml:140";"";"";"no"
"UI-1179";"qgc_source_uk_UA.ts";"FlightModeMenuIndicator";"Precision Landing";"";"TODO";"../src/QmlControls/FlightModeMenuIndicator.qml:151";"";"";"no"
"UI-1180";"qgc_source_uk_UA.ts";"FlightModesComponent";"Flight Modes";"";"TODO";"../src/AutoPilotPlugins/PX4/FlightModesComponent.cc:25";"";"";"no"
"UI-1181";"qgc_source_uk_UA.ts";"FlightModesComponent";"Flight Modes Setup is used to configure the transmitter switches associated with Flight Modes.";"";"TODO";"../src/AutoPilotPlugins/PX4/FlightModesComponent.cc:36";"";"";"no"
"UI-1182";"qgc_source_uk_UA.ts";"FlightModesComponentSummary";"Mode switch";"";"TODO";"../src/AutoPilotPlugins/PX4/FlightModesComponentSummary.qml:21";"";"";"no"
"UI-1183";"qgc_source_uk_UA.ts";"FlightModesComponentSummary";"Setup required";"";"TODO";"../src/AutoPilotPlugins/PX4/FlightModesComponentSummary.qml:22";"";"";"no"
"UI-1184";"qgc_source_uk_UA.ts";"FlightModesComponentSummary";"Flight Mode %1 ";"";"TODO";"../src/AutoPilotPlugins/PX4/FlightModesComponentSummary.qml:27";"";"";"no"
"UI-1185";"qgc_source_uk_UA.ts";"FlyViewAdditionalActionsButton";"Actions";"";"TODO";"../src/FlightDisplay/FlyViewAdditionalActionsButton.qml:21";"";"";"no"
"UI-1186";"qgc_source_uk_UA.ts";"FlyViewMap";"R";"";"TODO";"../src/FlightDisplay/FlyViewMap.qml:356";"rally point map item label";"";"no"
"UI-1187";"qgc_source_uk_UA.ts";"FlyViewMap";"Go here";"";"TODO";"../src/FlightDisplay/FlyViewMap.qml:452";"Go to location waypoint";"";"no"
"UI-1188";"qgc_source_uk_UA.ts";"FlyViewMap";"ROI here";"";"TODO";"../src/FlightDisplay/FlyViewMap.qml:592";"Make this a Region Of Interest";"";"no"
"UI-1189";"qgc_source_uk_UA.ts";"FlyViewMap";"Orbit";"";"TODO";"../src/FlightDisplay/FlyViewMap.qml:619";"Orbit waypoint";"";"no"
"UI-1190";"qgc_source_uk_UA.ts";"FlyViewMap";"Go to location";"";"TODO";"../src/FlightDisplay/FlyViewMap.qml:682";"";"";"no"
"UI-1191";"qgc_source_uk_UA.ts";"FlyViewMap";"Orbit at location";"";"TODO";"../src/FlightDisplay/FlyViewMap.qml:699";"";"";"no"
"UI-1192";"qgc_source_uk_UA.ts";"FlyViewMap";"ROI at location";"";"TODO";"../src/FlightDisplay/FlyViewMap.qml:710";"";"";"no"
"UI-1193";"qgc_source_uk_UA.ts";"FlyViewMap";"Set home here";"";"TODO";"../src/FlightDisplay/FlyViewMap.qml:720";"";"";"no"
"UI-1194";"qgc_source_uk_UA.ts";"FlyViewMap";"Set Estimator Origin";"";"TODO";"../src/FlightDisplay/FlyViewMap.qml:730";"";"";"no"
"UI-1195";"qgc_source_uk_UA.ts";"FlyViewMap";"Set Heading";"";"TODO";"../src/FlightDisplay/FlyViewMap.qml:740";"";"";"no"
"UI-1196";"qgc_source_uk_UA.ts";"FlyViewMap";"Lat: %1";"";"TODO";"../src/FlightDisplay/FlyViewMap.qml:750";"";"";"no"
"UI-1197";"qgc_source_uk_UA.ts";"FlyViewMap";"Lon: %1";"";"TODO";"../src/FlightDisplay/FlyViewMap.qml:751";"";"";"no"
"UI-1198";"qgc_source_uk_UA.ts";"FlyViewMap";"Edit ROI Position";"";"TODO";"../src/FlightDisplay/FlyViewMap.qml:627";"";"";"no"
"UI-1199";"qgc_source_uk_UA.ts";"FlyViewMap";"Cancel ROI";"";"TODO";"../src/FlightDisplay/FlyViewMap.qml:648";"";"";"no"
"UI-1200";"qgc_source_uk_UA.ts";"FlyViewMap";"Edit Position";"";"TODO";"../src/FlightDisplay/FlyViewMap.qml:657";"";"";"no"
"UI-1201";"qgc_source_uk_UA.ts";"FlyViewMissionCompleteDialog";"Flight Plan complete";"";"TODO";"../src/FlightDisplay/FlyViewMissionCompleteDialog.qml:62";"";"";"no"
"UI-1202";"qgc_source_uk_UA.ts";"FlyViewMissionCompleteDialog";"%1 Images Taken";"";"TODO";"../src/FlightDisplay/FlyViewMissionCompleteDialog.qml:78";"";"";"no"
"UI-1203";"qgc_source_uk_UA.ts";"FlyViewMissionCompleteDialog";"Remove plan from vehicle";"";"TODO";"../src/FlightDisplay/FlyViewMissionCompleteDialog.qml:85";"";"";"no"
"UI-1204";"qgc_source_uk_UA.ts";"FlyViewMissionCompleteDialog";"Leave plan on vehicle";"";"TODO";"../src/FlightDisplay/FlyViewMissionCompleteDialog.qml:96";"";"";"no"
"UI-1205";"qgc_source_uk_UA.ts";"FlyViewMissionCompleteDialog";"Resume Mission From Waypoint %1";"";"TODO";"../src/FlightDisplay/FlyViewMissionCompleteDialog.qml:115";"";"";"no"
"UI-1206";"qgc_source_uk_UA.ts";"FlyViewMissionCompleteDialog";"Resume Mission will rebuild the current mission from the last flown waypoint and upload it to the vehicle for the next flight.";"";"TODO";"../src/FlightDisplay/FlyViewMissionCompleteDialog.qml:126";"";"";"no"
"UI-1207";"qgc_source_uk_UA.ts";"FlyViewMissionCompleteDialog";"If you are changing batteries for Resume Mission do not disconnect from the vehicle.";"";"TODO";"../src/FlightDisplay/FlyViewMissionCompleteDialog.qml:134";"";"";"no"
"UI-1208";"qgc_source_uk_UA.ts";"FlyViewPreFlightChecklistPopup";"Pre-Flight Checklist";"";"TODO";"../src/FlightDisplay/FlyViewPreFlightChecklistPopup.qml:21";"";"";"no"
"UI-1209";"qgc_source_uk_UA.ts";"FlyViewSettings";"<None>";"";"TODO";"../src/UI/AppSettings/FlyViewSettings.qml:50";"";"";"no"
"UI-1210";"qgc_source_uk_UA.ts";"FlyViewSettings";"General";"";"TODO";"../src/UI/AppSettings/FlyViewSettings.qml:56";"";"";"no"
"UI-1211";"qgc_source_uk_UA.ts";"FlyViewSettings";"Use Preflight Checklist";"";"TODO";"../src/UI/AppSettings/FlyViewSettings.qml:61";"";"";"no"
"UI-1212";"qgc_source_uk_UA.ts";"FlyViewSettings";"Enforce Preflight Checklist";"";"TODO";"../src/UI/AppSettings/FlyViewSettings.qml:69";"";"";"no"
"UI-1213";"qgc_source_uk_UA.ts";"FlyViewSettings";"Enable Multi-Vehicle Panel";"";"TODO";"../src/UI/AppSettings/FlyViewSettings.qml:78";"";"";"no"
"UI-1214";"qgc_source_uk_UA.ts";"FlyViewSettings";"Keep Map Centered On Vehicle";"";"TODO";"../src/UI/AppSettings/FlyViewSettings.qml:85";"";"";"no"
"UI-1215";"qgc_source_uk_UA.ts";"FlyViewSettings";"Show Telemetry Log Replay Status Bar";"";"TODO";"../src/UI/AppSettings/FlyViewSettings.qml:93";"";"";"no"
"UI-1216";"qgc_source_uk_UA.ts";"FlyViewSettings";"Show simple camera controls (DIGICAM_CONTROL)";"";"TODO";"../src/UI/AppSettings/FlyViewSettings.qml:101";"";"";"no"
"UI-1217";"qgc_source_uk_UA.ts";"FlyViewSettings";"Update return to home position based on device location.";"";"TODO";"../src/UI/AppSettings/FlyViewSettings.qml:110";"";"";"no"
"UI-1218";"qgc_source_uk_UA.ts";"FlyViewSettings";"Guided Commands";"";"TODO";"../src/UI/AppSettings/FlyViewSettings.qml:119";"";"";"no"
"UI-1219";"qgc_source_uk_UA.ts";"FlyViewSettings";"Minimum Altitude";"";"TODO";"../src/UI/AppSettings/FlyViewSettings.qml:126";"";"";"no"
"UI-1220";"qgc_source_uk_UA.ts";"FlyViewSettings";"Maximum Altitude";"";"TODO";"../src/UI/AppSettings/FlyViewSettings.qml:133";"";"";"no"
"UI-1221";"qgc_source_uk_UA.ts";"FlyViewSettings";"Go To Location Max Distance";"";"TODO";"../src/UI/AppSettings/FlyViewSettings.qml:140";"";"";"no"
"UI-1222";"qgc_source_uk_UA.ts";"FlyViewSettings";"Loiter Radius in Forward Flight Guided Mode";"";"TODO";"../src/UI/AppSettings/FlyViewSettings.qml:147";"";"";"no"
"UI-1223";"qgc_source_uk_UA.ts";"FlyViewSettings";"Require Confirmation for Go To Location in Guided Mode";"";"TODO";"../src/UI/AppSettings/FlyViewSettings.qml:154";"";"";"no"
"UI-1224";"qgc_source_uk_UA.ts";"FlyViewSettings";"MAVLink Actions";"";"TODO";"../src/UI/AppSettings/FlyViewSettings.qml:163";"";"";"no"
"UI-1225";"qgc_source_uk_UA.ts";"FlyViewSettings";"Action JSON files should be created in the '%1' folder.";"";"TODO";"../src/UI/AppSettings/FlyViewSettings.qml:164";"";"";"no"
"UI-1226";"qgc_source_uk_UA.ts";"FlyViewSettings";"Fly View Actions";"";"TODO";"../src/UI/AppSettings/FlyViewSettings.qml:168";"";"";"no"
"UI-1227";"qgc_source_uk_UA.ts";"FlyViewSettings";"Joystick Actions";"";"TODO";"../src/UI/AppSettings/FlyViewSettings.qml:181";"";"";"no"
"UI-1228";"qgc_source_uk_UA.ts";"FlyViewSettings";"Virtual Joystick";"";"TODO";"../src/UI/AppSettings/FlyViewSettings.qml:195";"";"";"no"
"UI-1229";"qgc_source_uk_UA.ts";"FlyViewSettings";"Enabled";"";"TODO";"../src/UI/AppSettings/FlyViewSettings.qml:200 | ../src/UI/AppSettings/FlyViewSettings.qml:249";"";"";"no"
"UI-1230";"qgc_source_uk_UA.ts";"FlyViewSettings";"Auto-Center Throttle";"";"TODO";"../src/UI/AppSettings/FlyViewSettings.qml:207";"";"";"no"
"UI-1231";"qgc_source_uk_UA.ts";"FlyViewSettings";"Left-Handed Mode (swap sticks)";"";"TODO";"../src/UI/AppSettings/FlyViewSettings.qml:215";"";"";"no"
"UI-1232";"qgc_source_uk_UA.ts";"FlyViewSettings";"Instrument Panel";"";"TODO";"../src/UI/AppSettings/FlyViewSettings.qml:224";"";"";"no"
"UI-1233";"qgc_source_uk_UA.ts";"FlyViewSettings";"Show additional heading indicators on Compass";"";"TODO";"../src/UI/AppSettings/FlyViewSettings.qml:229";"";"";"no"
"UI-1234";"qgc_source_uk_UA.ts";"FlyViewSettings";"Lock Compass Nose-Up";"";"TODO";"../src/UI/AppSettings/FlyViewSettings.qml:236";"";"";"no"
"UI-1235";"qgc_source_uk_UA.ts";"FlyViewSettings";"3D View";"";"TODO";"../src/UI/AppSettings/FlyViewSettings.qml:244";"";"";"no"
"UI-1236";"qgc_source_uk_UA.ts";"FlyViewSettings";"3D Map File:";"";"TODO";"../src/UI/AppSettings/FlyViewSettings.qml:267";"";"";"no"
"UI-1237";"qgc_source_uk_UA.ts";"FlyViewSettings";"Clear";"";"TODO";"../src/UI/AppSettings/FlyViewSettings.qml:287";"";"";"no"
"UI-1238";"qgc_source_uk_UA.ts";"FlyViewSettings";"Select File";"";"TODO";"../src/UI/AppSettings/FlyViewSettings.qml:296";"";"";"no"
"UI-1239";"qgc_source_uk_UA.ts";"FlyViewSettings";"OpenStreetMap files (*.osm)";"";"TODO";"../src/UI/AppSettings/FlyViewSettings.qml:310";"";"";"no"
"UI-1240";"qgc_source_uk_UA.ts";"FlyViewSettings";"Select map file";"";"TODO";"../src/UI/AppSettings/FlyViewSettings.qml:311";"";"";"no"
"UI-1241";"qgc_source_uk_UA.ts";"FlyViewSettings";"Average Building Level Height";"";"TODO";"../src/UI/AppSettings/FlyViewSettings.qml:324";"";"";"no"
"UI-1242";"qgc_source_uk_UA.ts";"FlyViewSettings";"Vehicles Altitude Bias";"";"TODO";"../src/UI/AppSettings/FlyViewSettings.qml:332";"";"";"no"
"UI-1243";"qgc_source_uk_UA.ts";"FlyViewToolBar";"Disconnect";"";"TODO";"../src/QmlControls/FlyViewToolBar.qml:81";"";"";"no"
"UI-1244";"qgc_source_uk_UA.ts";"FlyViewToolBar";"Downloading";"";"TODO";"../src/QmlControls/FlyViewToolBar.qml:193";"";"";"no"
"UI-1245";"qgc_source_uk_UA.ts";"FlyViewToolBar";"Click anywhere to hide";"";"TODO";"../src/QmlControls/FlyViewToolBar.qml:201";"";"";"no"
"UI-1246";"qgc_source_uk_UA.ts";"FlyViewToolStripActionList";"3D View";"";"TODO";"../src/FlightDisplay/FlyViewToolStripActionList.qml:27 | ../src/FlightDisplay/FlyViewToolStripActionList.qml:43";"";"";"no"
"UI-1247";"qgc_source_uk_UA.ts";"FlyViewToolStripActionList";"Fly";"";"TODO";"../src/FlightDisplay/FlyViewToolStripActionList.qml:40";"";"";"no"
"UI-1248";"qgc_source_uk_UA.ts";"FlyViewTopRightPanel";"Selected: ";"";"TODO";"../src/FlightDisplay/FlyViewTopRightPanel.qml:66";"";"";"no"
"UI-1249";"qgc_source_uk_UA.ts";"FlyViewTopRightPanel";"Multi Vehicle Selection";"";"TODO";"../src/FlightDisplay/FlyViewTopRightPanel.qml:138";"";"";"no"
"UI-1250";"qgc_source_uk_UA.ts";"FlyViewTopRightPanel";"Select All";"";"TODO";"../src/FlightDisplay/FlyViewTopRightPanel.qml:147";"";"";"no"
"UI-1251";"qgc_source_uk_UA.ts";"FlyViewTopRightPanel";"Deselect All";"";"TODO";"../src/FlightDisplay/FlyViewTopRightPanel.qml:153";"";"";"no"
"UI-1252";"qgc_source_uk_UA.ts";"FlyViewTopRightPanel";"Multi Vehicle Actions";"";"TODO";"../src/FlightDisplay/FlyViewTopRightPanel.qml:162";"";"";"no"
"UI-1253";"qgc_source_uk_UA.ts";"FlyViewTopRightPanel";"Arm";"";"TODO";"../src/FlightDisplay/FlyViewTopRightPanel.qml:171";"";"";"no"
"UI-1254";"qgc_source_uk_UA.ts";"FlyViewTopRightPanel";"Disarm";"";"TODO";"../src/FlightDisplay/FlyViewTopRightPanel.qml:180";"";"";"no"
"UI-1255";"qgc_source_uk_UA.ts";"FlyViewTopRightPanel";"Start";"";"TODO";"../src/FlightDisplay/FlyViewTopRightPanel.qml:189";"";"";"no"
"UI-1256";"qgc_source_uk_UA.ts";"FlyViewTopRightPanel";"Pause";"";"TODO";"../src/FlightDisplay/FlyViewTopRightPanel.qml:198";"";"";"no"
"UI-1257";"qgc_source_uk_UA.ts";"FlyViewVideo";"Double-click to exit full screen";"";"TODO";"../src/FlightDisplay/FlyViewVideo.qml:72";"";"";"no"
"UI-1258";"qgc_source_uk_UA.ts";"GCSControlIndicator";"GCS ";"";"TODO";"../src/UI/toolbar/GCSControlIndicator.qml:110";"";"";"no"
"UI-1259";"qgc_source_uk_UA.ts";"GCSControlIndicator";" is requesting control";"";"TODO";"../src/UI/toolbar/GCSControlIndicator.qml:110";"";"";"no"
"UI-1260";"qgc_source_uk_UA.ts";"GCSControlIndicator";"Allow <br> takeover";"";"TODO";"../src/UI/toolbar/GCSControlIndicator.qml:115";"";"";"no"
"UI-1261";"qgc_source_uk_UA.ts";"GCSControlIndicator";"Ignoring automatically in ";"";"TODO";"../src/UI/toolbar/GCSControlIndicator.qml:132";"";"";"no"
"UI-1262";"qgc_source_uk_UA.ts";"GCSControlIndicator";" seconds";"";"TODO";"../src/UI/toolbar/GCSControlIndicator.qml:132";"";"";"no"
"UI-1263";"qgc_source_uk_UA.ts";"GCSControlIndicator";"Ignore";"";"TODO";"../src/UI/toolbar/GCSControlIndicator.qml:136 | ../src/UI/toolbar/GCSControlIndicator.qml:193";"";"";"no"
"UI-1264";"qgc_source_uk_UA.ts";"GCSControlIndicator";"Reverting back to takeover not allowed if GCS ";"";"TODO";"../src/UI/toolbar/GCSControlIndicator.qml:187";"";"";"no"
"UI-1265";"qgc_source_uk_UA.ts";"GCSControlIndicator";" doesn't take control in ";"";"TODO";"../src/UI/toolbar/GCSControlIndicator.qml:188";"";"";"no"
"UI-1266";"qgc_source_uk_UA.ts";"GCSControlIndicator";" seconds ...";"";"TODO";"../src/UI/toolbar/GCSControlIndicator.qml:189";"";"";"no"
"UI-1267";"qgc_source_uk_UA.ts";"GCSControlIndicator";"System in control: ";"";"TODO";"../src/UI/toolbar/GCSControlIndicator.qml:238";"";"";"no"
"UI-1268";"qgc_source_uk_UA.ts";"GCSControlIndicator";"This GCS";"";"TODO";"../src/UI/toolbar/GCSControlIndicator.qml:242";"";"";"no"
"UI-1269";"qgc_source_uk_UA.ts";"GCSControlIndicator";"Takeover allowed";"";"TODO";"../src/UI/toolbar/GCSControlIndicator.qml:250";"";"";"no"
"UI-1270";"qgc_source_uk_UA.ts";"GCSControlIndicator";"Takeover NOT allowed";"";"TODO";"../src/UI/toolbar/GCSControlIndicator.qml:250";"";"";"no"
"UI-1271";"qgc_source_uk_UA.ts";"GCSControlIndicator";"Send Control Request:";"";"TODO";"../src/UI/toolbar/GCSControlIndicator.qml:266";"";"";"no"
"UI-1272";"qgc_source_uk_UA.ts";"GCSControlIndicator";"Change takeover condition:";"";"TODO";"../src/UI/toolbar/GCSControlIndicator.qml:271";"";"";"no"
"UI-1273";"qgc_source_uk_UA.ts";"GCSControlIndicator";"Request sent: ";"";"TODO";"../src/UI/toolbar/GCSControlIndicator.qml:277";"";"";"no"
"UI-1274";"qgc_source_uk_UA.ts";"GCSControlIndicator";"Allow takeover";"";"TODO";"../src/UI/toolbar/GCSControlIndicator.qml:282";"";"";"no"
"UI-1275";"qgc_source_uk_UA.ts";"GCSControlIndicator";"Adquire Control";"";"TODO";"../src/UI/toolbar/GCSControlIndicator.qml:287";"";"";"no"
"UI-1276";"qgc_source_uk_UA.ts";"GCSControlIndicator";"Send Request";"";"TODO";"../src/UI/toolbar/GCSControlIndicator.qml:287";"";"";"no"
"UI-1277";"qgc_source_uk_UA.ts";"GCSControlIndicator";"Request Timeout (sec):";"";"TODO";"../src/UI/toolbar/GCSControlIndicator.qml:301";"";"";"no"
"UI-1278";"qgc_source_uk_UA.ts";"GCSControlIndicator";"Change";"";"TODO";"../src/UI/toolbar/GCSControlIndicator.qml:311";"";"";"no"
"UI-1279";"qgc_source_uk_UA.ts";"GCSControlIndicator";"This GCS Mavlink System ID: ";"";"TODO";"../src/UI/toolbar/GCSControlIndicator.qml:328";"";"";"no"
"UI-1280";"qgc_source_uk_UA.ts";"GPSIndicator";"RTK";"";"TODO";"../src/QmlControls/GPSIndicator.qml:44";"";"";"no"
"UI-1281";"qgc_source_uk_UA.ts";"GPSIndicatorPage";"N/A";"";"TODO";"../src/QmlControls/GPSIndicatorPage.qml:27";"No data to display";"";"no"
"UI-1282";"qgc_source_uk_UA.ts";"GPSIndicatorPage";"--.--";"";"TODO";"../src/QmlControls/GPSIndicatorPage.qml:28";"No data to display";"";"no"
"UI-1283";"qgc_source_uk_UA.ts";"GPSIndicatorPage";"Vehicle GPS Status";"";"TODO";"../src/QmlControls/GPSIndicatorPage.qml:37";"";"";"no"
"UI-1284";"qgc_source_uk_UA.ts";"GPSIndicatorPage";"Satellites";"";"TODO";"../src/QmlControls/GPSIndicatorPage.qml:41 | ../src/QmlControls/GPSIndicatorPage.qml:75";"";"";"no"
"UI-1285";"qgc_source_uk_UA.ts";"GPSIndicatorPage";"GPS Lock";"";"TODO";"../src/QmlControls/GPSIndicatorPage.qml:46";"";"";"no"
"UI-1286";"qgc_source_uk_UA.ts";"GPSIndicatorPage";"HDOP";"";"TODO";"../src/QmlControls/GPSIndicatorPage.qml:51";"";"";"no"
"UI-1287";"qgc_source_uk_UA.ts";"GPSIndicatorPage";"VDOP";"";"TODO";"../src/QmlControls/GPSIndicatorPage.qml:56";"";"";"no"
"UI-1288";"qgc_source_uk_UA.ts";"GPSIndicatorPage";"Course Over Ground";"";"TODO";"../src/QmlControls/GPSIndicatorPage.qml:61";"";"";"no"
"UI-1289";"qgc_source_uk_UA.ts";"GPSIndicatorPage";"RTK GPS Status";"";"TODO";"../src/QmlControls/GPSIndicatorPage.qml:67";"";"";"no"
"UI-1290";"qgc_source_uk_UA.ts";"GPSIndicatorPage";"Survey-in Active";"";"TODO";"../src/QmlControls/GPSIndicatorPage.qml:71";"";"";"no"
"UI-1291";"qgc_source_uk_UA.ts";"GPSIndicatorPage";"RTK Streaming";"";"TODO";"../src/QmlControls/GPSIndicatorPage.qml:71";"";"";"no"
"UI-1292";"qgc_source_uk_UA.ts";"GPSIndicatorPage";"Duration";"";"TODO";"../src/QmlControls/GPSIndicatorPage.qml:80";"";"";"no"
"UI-1293";"qgc_source_uk_UA.ts";"GPSIndicatorPage";"Accuracy";"";"TODO";"../src/QmlControls/GPSIndicatorPage.qml:85";"";"";"no"
"UI-1294";"qgc_source_uk_UA.ts";"GPSIndicatorPage";"Current Accuracy";"";"TODO";"../src/QmlControls/GPSIndicatorPage.qml:85";"";"";"no"
"UI-1295";"qgc_source_uk_UA.ts";"GPSIndicatorPage";"RTK GPS Settings";"";"TODO";"../src/QmlControls/GPSIndicatorPage.qml:95";"";"";"no"
"UI-1296";"qgc_source_uk_UA.ts";"GPSIndicatorPage";"AutoConnect";"";"TODO";"../src/QmlControls/GPSIndicatorPage.qml:101";"";"";"no"
"UI-1297";"qgc_source_uk_UA.ts";"GPSIndicatorPage";"Survey-In";"";"TODO";"../src/QmlControls/GPSIndicatorPage.qml:110";"";"";"no"
"UI-1298";"qgc_source_uk_UA.ts";"GPSIndicatorPage";"Specify position";"";"TODO";"../src/QmlControls/GPSIndicatorPage.qml:116";"";"";"no"
"UI-1299";"qgc_source_uk_UA.ts";"GPSIndicatorPage";"Accuracy (u-blox only)";"";"TODO";"../src/QmlControls/GPSIndicatorPage.qml:125";"";"";"no"
"UI-1300";"qgc_source_uk_UA.ts";"GPSIndicatorPage";"Min Duration";"";"TODO";"../src/QmlControls/GPSIndicatorPage.qml:134";"";"";"no"
"UI-1301";"qgc_source_uk_UA.ts";"GPSIndicatorPage";"Current Base Position";"";"TODO";"../src/QmlControls/GPSIndicatorPage.qml:165";"";"";"no"
"UI-1302";"qgc_source_uk_UA.ts";"GPSIndicatorPage";"Save";"";"TODO";"../src/QmlControls/GPSIndicatorPage.qml:166";"";"";"no"
"UI-1303";"qgc_source_uk_UA.ts";"GPSIndicatorPage";"Not Yet Valid";"";"TODO";"../src/QmlControls/GPSIndicatorPage.qml:166";"";"";"no"
"UI-1304";"qgc_source_uk_UA.ts";"GeneralSettings";"Units";"";"TODO";"../src/UI/AppSettings/GeneralSettings.qml:164";"";"";"no"
"UI-1305";"qgc_source_uk_UA.ts";"GeneralSettings";"Language";"";"TODO";"../src/UI/AppSettings/GeneralSettings.qml:38";"";"";"no"
"UI-1306";"qgc_source_uk_UA.ts";"GeneralSettings";"Color Scheme";"";"TODO";"../src/UI/AppSettings/GeneralSettings.qml:45";"";"";"no"
"UI-1307";"qgc_source_uk_UA.ts";"GeneralSettings";"Stream GCS Position";"";"TODO";"../src/UI/AppSettings/GeneralSettings.qml:52";"";"";"no"
"UI-1308";"qgc_source_uk_UA.ts";"GeneralSettings";"Mute all audio output";"";"TODO";"../src/UI/AppSettings/GeneralSettings.qml:60";"";"";"no"
"UI-1309";"qgc_source_uk_UA.ts";"GeneralSettings";"Clear all settings on next start";"";"TODO";"../src/UI/AppSettings/GeneralSettings.qml:76";"";"";"no"
"UI-1310";"qgc_source_uk_UA.ts";"GeneralSettings";"Application Load/Save Path";"";"TODO";"../src/UI/AppSettings/GeneralSettings.qml:139";"";"";"no"
"UI-1311";"qgc_source_uk_UA.ts";"GeneralSettings";"Browse";"";"TODO";"../src/UI/AppSettings/GeneralSettings.qml:149 | ../src/UI/AppSettings/GeneralSettings.qml:206 | ../src/UI/AppSettings/GeneralSettings.qml:242";"";"";"no"
"UI-1312";"qgc_source_uk_UA.ts";"GeneralSettings";"Choose the location to save/load files";"";"TODO";"../src/UI/AppSettings/GeneralSettings.qml:153";"";"";"no"
"UI-1313";"qgc_source_uk_UA.ts";"GeneralSettings";"UI Scaling";"";"TODO";"../src/UI/AppSettings/GeneralSettings.qml:94";"";"";"no"
"UI-1314";"qgc_source_uk_UA.ts";"GeneralSettings";"General";"";"TODO";"../src/UI/AppSettings/GeneralSettings.qml:35";"";"";"no"
"UI-1315";"qgc_source_uk_UA.ts";"GeneralSettings";"Save application data to SD Card";"";"TODO";"../src/UI/AppSettings/GeneralSettings.qml:68";"";"";"no"
"UI-1316";"qgc_source_uk_UA.ts";"GeneralSettings";"<default location>";"";"TODO";"../src/UI/AppSettings/GeneralSettings.qml:143";"";"";"no"
"UI-1317";"qgc_source_uk_UA.ts";"GeneralSettings";"Brand Image";"";"TODO";"../src/UI/AppSettings/GeneralSettings.qml:180";"";"";"no"
"UI-1318";"qgc_source_uk_UA.ts";"GeneralSettings";"Indoor Image";"";"TODO";"../src/UI/AppSettings/GeneralSettings.qml:194";"";"";"no"
"UI-1319";"qgc_source_uk_UA.ts";"GeneralSettings";"Choose custom brand image file";"";"TODO";"../src/UI/AppSettings/GeneralSettings.qml:211 | ../src/UI/AppSettings/GeneralSettings.qml:247";"";"";"no"
"UI-1320";"qgc_source_uk_UA.ts";"GeneralSettings";"Outdoor Image";"";"TODO";"../src/UI/AppSettings/GeneralSettings.qml:230";"";"";"no"
"UI-1321";"qgc_source_uk_UA.ts";"GeneralSettings";"Reset Images";"";"TODO";"../src/UI/AppSettings/GeneralSettings.qml:256";"";"";"no"
"UI-1322";"qgc_source_uk_UA.ts";"GeneralSettings";"Reset";"";"TODO";"../src/UI/AppSettings/GeneralSettings.qml:257";"";"";"no"
"UI-1323";"qgc_source_uk_UA.ts";"GeoFenceController";"GeoFence supports version %1";"";"TODO";"../src/MissionManager/GeoFenceController.cc:148";"";"";"no"
"UI-1324";"qgc_source_uk_UA.ts";"GeoFenceController";"GeoFence polygon not stored as object";"";"TODO";"../src/MissionManager/GeoFenceController.cc:155";"";"";"no"
"UI-1325";"qgc_source_uk_UA.ts";"GeoFenceController";"GeoFence circle not stored as object";"";"TODO";"../src/MissionManager/GeoFenceController.cc:169";"";"";"no"
"UI-1326";"qgc_source_uk_UA.ts";"GeoFenceEditor";"GeoFence";"";"TODO";"../src/QmlControls/GeoFenceEditor.qml:37";"";"";"no"
"UI-1327";"qgc_source_uk_UA.ts";"GeoFenceEditor";"GeoFencing allows you to set a virtual fence around the area you want to fly in.";"";"TODO";"../src/QmlControls/GeoFenceEditor.qml:65";"";"";"no"
"UI-1328";"qgc_source_uk_UA.ts";"GeoFenceEditor";"This vehicle does not support GeoFence.";"";"TODO";"../src/QmlControls/GeoFenceEditor.qml:66";"";"";"no"
"UI-1329";"qgc_source_uk_UA.ts";"GeoFenceEditor";"Insert GeoFence";"";"TODO";"../src/QmlControls/GeoFenceEditor.qml:116";"";"";"no"
"UI-1330";"qgc_source_uk_UA.ts";"GeoFenceEditor";"Polygon Fence";"";"TODO";"../src/QmlControls/GeoFenceEditor.qml:121";"";"";"no"
"UI-1331";"qgc_source_uk_UA.ts";"GeoFenceEditor";"Circular Fence";"";"TODO";"../src/QmlControls/GeoFenceEditor.qml:133";"";"";"no"
"UI-1332";"qgc_source_uk_UA.ts";"GeoFenceEditor";"Polygon Fences";"";"TODO";"../src/QmlControls/GeoFenceEditor.qml:147";"";"";"no"
"UI-1333";"qgc_source_uk_UA.ts";"GeoFenceEditor";"None";"";"TODO";"../src/QmlControls/GeoFenceEditor.qml:151 | ../src/QmlControls/GeoFenceEditor.qml:226";"";"";"no"
"UI-1334";"qgc_source_uk_UA.ts";"GeoFenceEditor";"Inclusion";"";"TODO";"../src/QmlControls/GeoFenceEditor.qml:162 | ../src/QmlControls/GeoFenceEditor.qml:238";"";"";"no"
"UI-1335";"qgc_source_uk_UA.ts";"GeoFenceEditor";"Edit";"";"TODO";"../src/QmlControls/GeoFenceEditor.qml:178 | ../src/QmlControls/GeoFenceEditor.qml:254";"";"";"no"
"UI-1336";"qgc_source_uk_UA.ts";"GeoFenceEditor";"Delete";"";"TODO";"../src/QmlControls/GeoFenceEditor.qml:202 | ../src/QmlControls/GeoFenceEditor.qml:294";"";"";"no"
"UI-1337";"qgc_source_uk_UA.ts";"GeoFenceEditor";"Del";"";"TODO";"../src/QmlControls/GeoFenceEditor.qml:211 | ../src/QmlControls/GeoFenceEditor.qml:303";"";"";"no"
"UI-1338";"qgc_source_uk_UA.ts";"GeoFenceEditor";"Circular Fences";"";"TODO";"../src/QmlControls/GeoFenceEditor.qml:222";"";"";"no"
"UI-1339";"qgc_source_uk_UA.ts";"GeoFenceEditor";"Radius";"";"TODO";"../src/QmlControls/GeoFenceEditor.qml:278";"";"";"no"
"UI-1340";"qgc_source_uk_UA.ts";"GeoFenceEditor";"Breach Return Point";"";"TODO";"../src/QmlControls/GeoFenceEditor.qml:314";"";"";"no"
"UI-1341";"qgc_source_uk_UA.ts";"GeoFenceEditor";"Add Breach Return Point";"";"TODO";"../src/QmlControls/GeoFenceEditor.qml:318";"";"";"no"
"UI-1342";"qgc_source_uk_UA.ts";"GeoFenceEditor";"Remove Breach Return Point";"";"TODO";"../src/QmlControls/GeoFenceEditor.qml:327";"";"";"no"
"UI-1343";"qgc_source_uk_UA.ts";"GeoFenceEditor";"Altitude";"";"TODO";"../src/QmlControls/GeoFenceEditor.qml:342";"";"";"no"
"UI-1344";"qgc_source_uk_UA.ts";"GeoFenceManager";"GeoFence load: Vertex count change mid-polygon - actual:expected";"";"TODO";"../src/MissionManager/GeoFenceManager.cc:155";"";"";"no"
"UI-1345";"qgc_source_uk_UA.ts";"GeoFenceManager";"GeoFence load: Polygon type changed before last load complete - actual:expected";"";"TODO";"../src/MissionManager/GeoFenceManager.cc:159";"";"";"no"
"UI-1346";"qgc_source_uk_UA.ts";"GeoFenceManager";"GeoFence load: Incomplete polygon loaded";"";"TODO";"../src/MissionManager/GeoFenceManager.cc:172";"";"";"no"
"UI-1347";"qgc_source_uk_UA.ts";"GeoFenceManager";"GeoFence load: Unsupported command %1";"";"TODO";"../src/MissionManager/GeoFenceManager.cc:180";"";"";"no"
"UI-1348";"qgc_source_uk_UA.ts";"GeoFenceMapVisuals";"B";"";"TODO";"../src/QmlControls/GeoFenceMapVisuals.qml:170";"Breach Return Point item indicator";"";"no"
"UI-1349";"qgc_source_uk_UA.ts";"GeoTagController";"Empty Filename.";"";"TODO";"../src/AnalyzeView/GeoTagController.cc:76";"";"";"no"
"UI-1350";"qgc_source_uk_UA.ts";"GeoTagController";"Invalid Filename.";"";"TODO";"../src/AnalyzeView/GeoTagController.cc:82";"";"";"no"
"UI-1351";"qgc_source_uk_UA.ts";"GeoTagController";"Invalid Directory.";"";"TODO";"../src/AnalyzeView/GeoTagController.cc:95 | ../src/AnalyzeView/GeoTagController.cc:101 | ../src/AnalyzeView/GeoTagController.cc:122 | ../src/AnalyzeView/GeoTagController.cc:128";"";"";"no"
"UI-1352";"qgc_source_uk_UA.ts";"GeoTagController";"Images have already been tagged. Existing images will be removed.";"";"TODO";"../src/AnalyzeView/GeoTagController.cc:111";"";"";"no"
"UI-1353";"qgc_source_uk_UA.ts";"GeoTagController";"The save folder already contains images.";"";"TODO";"../src/AnalyzeView/GeoTagController.cc:144";"";"";"no"
"UI-1354";"qgc_source_uk_UA.ts";"GeoTagController";"Cannot find the image directory.";"";"TODO";"../src/AnalyzeView/GeoTagController.cc:157";"";"";"no"
"UI-1355";"qgc_source_uk_UA.ts";"GeoTagController";"Couldn't replace the previously tagged images";"";"TODO";"../src/AnalyzeView/GeoTagController.cc:166";"";"";"no"
"UI-1356";"qgc_source_uk_UA.ts";"GeoTagController";"Cannot find the save directory.";"";"TODO";"../src/AnalyzeView/GeoTagController.cc:173";"";"";"no"
"UI-1357";"qgc_source_uk_UA.ts";"GeoTagPage";"Used to tag a set of images from a survey mission with gps coordinates. You must provide the binary log from the flight as well as the directory which contains the images to tag.";"";"TODO";"../src/AnalyzeView/GeoTagPage.qml:22";"";"";"no"
"UI-1358";"qgc_source_uk_UA.ts";"GeoTagPage";"Select log file";"";"TODO";"../src/AnalyzeView/GeoTagPage.qml:64 | ../src/AnalyzeView/GeoTagPage.qml:73";"";"";"no"
"UI-1359";"qgc_source_uk_UA.ts";"GeoTagPage";"ULog file (*.ulg)";"";"TODO";"../src/AnalyzeView/GeoTagPage.qml:74";"";"";"no"
"UI-1360";"qgc_source_uk_UA.ts";"GeoTagPage";"PX4 log file (*.px4log)";"";"TODO";"../src/AnalyzeView/GeoTagPage.qml:74";"";"";"no"
"UI-1361";"qgc_source_uk_UA.ts";"GeoTagPage";"All Files (*)";"";"TODO";"../src/AnalyzeView/GeoTagPage.qml:74";"";"";"no"
"UI-1362";"qgc_source_uk_UA.ts";"GeoTagPage";"Select image directory";"";"TODO";"../src/AnalyzeView/GeoTagPage.qml:91 | ../src/AnalyzeView/GeoTagPage.qml:100";"";"";"no"
"UI-1363";"qgc_source_uk_UA.ts";"GeoTagPage";"(Optionally) Select save directory";"";"TODO";"../src/AnalyzeView/GeoTagPage.qml:117";"";"";"no"
"UI-1364";"qgc_source_uk_UA.ts";"GeoTagPage";"Select save directory";"";"TODO";"../src/AnalyzeView/GeoTagPage.qml:126";"";"";"no"
"UI-1365";"qgc_source_uk_UA.ts";"GeoTagPage";"/TAGGED folder in your image folder";"";"TODO";"../src/AnalyzeView/GeoTagPage.qml:142";"";"";"no"
"UI-1366";"qgc_source_uk_UA.ts";"GeoTagPage";"/TAGGED";"";"TODO";"../src/AnalyzeView/GeoTagPage.qml:140";"";"";"no"
"UI-1367";"qgc_source_uk_UA.ts";"GeoTagPage";"Cancel Tagging";"";"TODO";"../src/AnalyzeView/GeoTagPage.qml:151";"";"";"no"
"UI-1368";"qgc_source_uk_UA.ts";"GeoTagPage";"Start Tagging";"";"TODO";"../src/AnalyzeView/GeoTagPage.qml:151";"";"";"no"
"UI-1369";"qgc_source_uk_UA.ts";"GeoTagWorker";"The image directory doesn't contain images, make sure your images are of the JPG format";"";"TODO";"../src/AnalyzeView/GeoTagWorker.cc:84";"";"";"no"
"UI-1370";"qgc_source_uk_UA.ts";"GeoTagWorker";"Geotagging failed. Couldn't open image: %1";"";"TODO";"../src/AnalyzeView/GeoTagWorker.cc:106";"";"";"no"
"UI-1371";"qgc_source_uk_UA.ts";"GeoTagWorker";"Geotagging failed. Couldn't extract time from image: %1";"";"TODO";"../src/AnalyzeView/GeoTagWorker.cc:115";"";"";"no"
"UI-1372";"qgc_source_uk_UA.ts";"GeoTagWorker";"Calibration failed: No triggers or images available.";"";"TODO";"../src/AnalyzeView/GeoTagWorker.cc:172";"";"";"no"
"UI-1373";"qgc_source_uk_UA.ts";"GeoTagWorker";"Calibration failed: No matching triggers found for images.";"";"TODO";"../src/AnalyzeView/GeoTagWorker.cc:194";"";"";"no"
"UI-1374";"qgc_source_uk_UA.ts";"GeoTagWorker";"Geotagging failed. Couldn't open an image.";"";"TODO";"../src/AnalyzeView/GeoTagWorker.cc:221";"";"";"no"
"UI-1375";"qgc_source_uk_UA.ts";"GeoTagWorker";"Geotagging failed. Couldn't write to image: %1";"";"TODO";"../src/AnalyzeView/GeoTagWorker.cc:229 | ../src/AnalyzeView/GeoTagWorker.cc:241";"";"";"no"
"UI-1376";"qgc_source_uk_UA.ts";"GeoTagWorker";"Tagging cancelled";"";"TODO";"../src/AnalyzeView/GeoTagWorker.cc:55 | ../src/AnalyzeView/GeoTagWorker.cc:100 | ../src/AnalyzeView/GeoTagWorker.cc:208";"";"";"no"
"UI-1377";"qgc_source_uk_UA.ts";"GeoTagWorker";"Geotagging failed. Couldn't open log file.";"";"TODO";"../src/AnalyzeView/GeoTagWorker.cc:133";"";"";"no"
"UI-1378";"qgc_source_uk_UA.ts";"GeoTagWorker";"Log parsing failed";"";"TODO";"../src/AnalyzeView/GeoTagWorker.cc:149";"";"";"no"
"UI-1379";"qgc_source_uk_UA.ts";"GeoTagWorker";"Geotagging failed. Requesting image #%1, but only %2 images present.";"";"TODO";"../src/AnalyzeView/GeoTagWorker.cc:214";"";"";"no"
"UI-1380";"qgc_source_uk_UA.ts";"GimbalIndicator";"Gimbal ";"";"TODO";"../src/UI/toolbar/GimbalIndicator.qml:50 | ../src/UI/toolbar/GimbalIndicator.qml:188";"";"";"no"
"UI-1381";"qgc_source_uk_UA.ts";"GimbalIndicator";"<br> Controls";"";"TODO";"../src/UI/toolbar/GimbalIndicator.qml:52";"";"";"no"
"UI-1382";"qgc_source_uk_UA.ts";"GimbalIndicator";"Yaw <br> Follow";"";"TODO";"../src/UI/toolbar/GimbalIndicator.qml:66";"";"";"no"
"UI-1383";"qgc_source_uk_UA.ts";"GimbalIndicator";"Yaw <br> Lock";"";"TODO";"../src/UI/toolbar/GimbalIndicator.qml:66";"";"";"no"
"UI-1384";"qgc_source_uk_UA.ts";"GimbalIndicator";"Center";"";"TODO";"../src/UI/toolbar/GimbalIndicator.qml:67";"";"";"no"
"UI-1385";"qgc_source_uk_UA.ts";"GimbalIndicator";"Tilt 90";"";"TODO";"../src/UI/toolbar/GimbalIndicator.qml:68";"";"";"no"
"UI-1386";"qgc_source_uk_UA.ts";"GimbalIndicator";"Point <br> Home";"";"TODO";"../src/UI/toolbar/GimbalIndicator.qml:69";"";"";"no"
"UI-1387";"qgc_source_uk_UA.ts";"GimbalIndicator";"Retract";"";"TODO";"../src/UI/toolbar/GimbalIndicator.qml:70";"";"";"no"
"UI-1388";"qgc_source_uk_UA.ts";"GimbalIndicator";"Release <br> Control";"";"TODO";"../src/UI/toolbar/GimbalIndicator.qml:71";"";"";"no"
"UI-1389";"qgc_source_uk_UA.ts";"GimbalIndicator";"Acquire <br> Control";"";"TODO";"../src/UI/toolbar/GimbalIndicator.qml:71";"";"";"no"
"UI-1390";"qgc_source_uk_UA.ts";"GimbalIndicator";"Active <br> Gimbal: ";"";"TODO";"../src/UI/toolbar/GimbalIndicator.qml:119";"";"";"no"
"UI-1391";"qgc_source_uk_UA.ts";"GimbalIndicator";"Select <br> Gimbal";"";"TODO";"../src/UI/toolbar/GimbalIndicator.qml:131";"";"";"no"
"UI-1392";"qgc_source_uk_UA.ts";"GimbalIndicator";"Settings";"";"TODO";"../src/UI/toolbar/GimbalIndicator.qml:217";"";"";"no"
"UI-1393";"qgc_source_uk_UA.ts";"GimbalIndicator";"Control type: ";"";"TODO";"../src/UI/toolbar/GimbalIndicator.qml:254";"";"";"no"
"UI-1394";"qgc_source_uk_UA.ts";"GimbalIndicator";"Horizontal FOV";"";"TODO";"../src/UI/toolbar/GimbalIndicator.qml:264";"";"";"no"
"UI-1395";"qgc_source_uk_UA.ts";"GimbalIndicator";"Vertical FOV";"";"TODO";"../src/UI/toolbar/GimbalIndicator.qml:273";"";"";"no"
"UI-1396";"qgc_source_uk_UA.ts";"GimbalIndicator";"Max speed:";"";"TODO";"../src/UI/toolbar/GimbalIndicator.qml:282";"";"";"no"
"UI-1397";"qgc_source_uk_UA.ts";"GimbalIndicator";"Joystick buttons speed:";"";"TODO";"../src/UI/toolbar/GimbalIndicator.qml:300";"";"";"no"
"UI-1398";"qgc_source_uk_UA.ts";"GimbalIndicator";"Show gimbal Azimuth indicator in map";"";"TODO";"../src/UI/toolbar/GimbalIndicator.qml:321";"";"";"no"
"UI-1399";"qgc_source_uk_UA.ts";"GimbalIndicator";"Use Azimuth instead of local yaw on top toolbar indicator";"";"TODO";"../src/UI/toolbar/GimbalIndicator.qml:330";"";"";"no"
"UI-1400";"qgc_source_uk_UA.ts";"GimbalIndicator";"Show Acquire/Release control button";"";"TODO";"../src/UI/toolbar/GimbalIndicator.qml:339";"";"";"no"
"UI-1401";"qgc_source_uk_UA.ts";"GimbalIndicator";"Retracted";"";"TODO";"../src/UI/toolbar/GimbalIndicator.qml:388";"";"";"no"
"UI-1402";"qgc_source_uk_UA.ts";"GimbalIndicator";"Yaw locked";"";"TODO";"../src/UI/toolbar/GimbalIndicator.qml:389";"";"";"no"
"UI-1403";"qgc_source_uk_UA.ts";"GimbalIndicator";"Yaw follow";"";"TODO";"../src/UI/toolbar/GimbalIndicator.qml:389";"";"";"no"
"UI-1404";"qgc_source_uk_UA.ts";"GimbalIndicator";"P: ";"";"TODO";"../src/UI/toolbar/GimbalIndicator.qml:395";"";"";"no"
"UI-1405";"qgc_source_uk_UA.ts";"GimbalIndicator";"Az: ";"";"TODO";"../src/UI/toolbar/GimbalIndicator.qml:400";"";"";"no"
"UI-1406";"qgc_source_uk_UA.ts";"GimbalIndicator";"Y: ";"";"TODO";"../src/UI/toolbar/GimbalIndicator.qml:401";"";"";"no"
"UI-1407";"qgc_source_uk_UA.ts";"GuidedActionConfirm";"Slide to confirm";"";"TODO";"../src/FlightDisplay/GuidedActionConfirm.qml:118";"";"";"no"
"UI-1408";"qgc_source_uk_UA.ts";"GuidedActionConfirm";"Slide or hold spacebar";"";"TODO";"../src/FlightDisplay/GuidedActionConfirm.qml:118";"";"";"no"
"UI-1409";"qgc_source_uk_UA.ts";"GuidedActionsController";"EMERGENCY STOP";"";"TODO";"../src/FlightDisplay/GuidedActionsController.qml:35";"";"";"no"
"UI-1410";"qgc_source_uk_UA.ts";"GuidedActionsController";"Arm";"";"TODO";"../src/FlightDisplay/GuidedActionsController.qml:36";"";"";"no"
"UI-1411";"qgc_source_uk_UA.ts";"GuidedActionsController";"Arm (MV)";"";"TODO";"../src/FlightDisplay/GuidedActionsController.qml:37";"";"";"no"
"UI-1412";"qgc_source_uk_UA.ts";"GuidedActionsController";"Disarm";"";"TODO";"../src/FlightDisplay/GuidedActionsController.qml:39";"";"";"no"
"UI-1413";"qgc_source_uk_UA.ts";"GuidedActionsController";"Disarm (MV)";"";"TODO";"../src/FlightDisplay/GuidedActionsController.qml:40";"";"";"no"
"UI-1414";"qgc_source_uk_UA.ts";"GuidedActionsController";"Return";"";"TODO";"../src/FlightDisplay/GuidedActionsController.qml:41";"";"";"no"
"UI-1415";"qgc_source_uk_UA.ts";"GuidedActionsController";"Takeoff";"";"TODO";"../src/FlightDisplay/GuidedActionsController.qml:42";"";"";"no"
"UI-1416";"qgc_source_uk_UA.ts";"GuidedActionsController";"Land";"";"TODO";"../src/FlightDisplay/GuidedActionsController.qml:44";"";"";"no"
"UI-1417";"qgc_source_uk_UA.ts";"GuidedActionsController";"Start Mission";"";"TODO";"../src/FlightDisplay/GuidedActionsController.qml:45";"";"";"no"
"UI-1418";"qgc_source_uk_UA.ts";"GuidedActionsController";"Start Mission (MV)";"";"TODO";"../src/FlightDisplay/GuidedActionsController.qml:46";"";"";"no"
"UI-1419";"qgc_source_uk_UA.ts";"GuidedActionsController";"Continue Mission";"";"TODO";"../src/FlightDisplay/GuidedActionsController.qml:47";"";"";"no"
"UI-1420";"qgc_source_uk_UA.ts";"GuidedActionsController";"Resume FAILED";"";"TODO";"../src/FlightDisplay/GuidedActionsController.qml:48";"";"";"no"
"UI-1421";"qgc_source_uk_UA.ts";"GuidedActionsController";"Pause";"";"TODO";"../src/FlightDisplay/GuidedActionsController.qml:49";"";"";"no"
"UI-1422";"qgc_source_uk_UA.ts";"GuidedActionsController";"Pause (MV)";"";"TODO";"../src/FlightDisplay/GuidedActionsController.qml:50";"";"";"no"
"UI-1423";"qgc_source_uk_UA.ts";"GuidedActionsController";"Change Altitude";"";"TODO";"../src/FlightDisplay/GuidedActionsController.qml:51";"";"";"no"
"UI-1424";"qgc_source_uk_UA.ts";"GuidedActionsController";"Orbit";"";"TODO";"../src/FlightDisplay/GuidedActionsController.qml:55";"";"";"no"
"UI-1425";"qgc_source_uk_UA.ts";"GuidedActionsController";"Land Abort";"";"TODO";"../src/FlightDisplay/GuidedActionsController.qml:56";"";"";"no"
"UI-1426";"qgc_source_uk_UA.ts";"GuidedActionsController";"Set Waypoint";"";"TODO";"../src/FlightDisplay/GuidedActionsController.qml:57";"";"";"no"
"UI-1427";"qgc_source_uk_UA.ts";"GuidedActionsController";"Go To Location";"";"TODO";"../src/FlightDisplay/GuidedActionsController.qml:58";"";"";"no"
"UI-1428";"qgc_source_uk_UA.ts";"GuidedActionsController";"Return to the launch position of the vehicle.";"";"TODO";"../src/FlightDisplay/GuidedActionsController.qml:79";"";"";"no"
"UI-1429";"qgc_source_uk_UA.ts";"GuidedActionsController";"VTOL Transition";"";"TODO";"../src/FlightDisplay/GuidedActionsController.qml:59";"";"";"no"
"UI-1430";"qgc_source_uk_UA.ts";"GuidedActionsController";"Force Arm";"";"TODO";"../src/FlightDisplay/GuidedActionsController.qml:38";"";"";"no"
"UI-1431";"qgc_source_uk_UA.ts";"GuidedActionsController";"Gripper Function";"";"TODO";"../src/FlightDisplay/GuidedActionsController.qml:43";"";"";"no"
"UI-1432";"qgc_source_uk_UA.ts";"GuidedActionsController";"Change Loiter Radius";"";"TODO";"../src/FlightDisplay/GuidedActionsController.qml:52";"";"";"no"
"UI-1433";"qgc_source_uk_UA.ts";"GuidedActionsController";"Change Max Ground Speed";"";"TODO";"../src/FlightDisplay/GuidedActionsController.qml:53";"";"";"no"
"UI-1434";"qgc_source_uk_UA.ts";"GuidedActionsController";"Change Airspeed";"";"TODO";"../src/FlightDisplay/GuidedActionsController.qml:54";"";"";"no"
"UI-1435";"qgc_source_uk_UA.ts";"GuidedActionsController";"ROI";"";"TODO";"../src/FlightDisplay/GuidedActionsController.qml:60";"";"";"no"
"UI-1436";"qgc_source_uk_UA.ts";"GuidedActionsController";"Set Home";"";"TODO";"../src/FlightDisplay/GuidedActionsController.qml:61";"";"";"no"
"UI-1437";"qgc_source_uk_UA.ts";"GuidedActionsController";"Set Estimator origin";"";"TODO";"../src/FlightDisplay/GuidedActionsController.qml:62";"";"";"no"
"UI-1438";"qgc_source_uk_UA.ts";"GuidedActionsController";"Set Flight Mode";"";"TODO";"../src/FlightDisplay/GuidedActionsController.qml:63";"";"";"no"
"UI-1439";"qgc_source_uk_UA.ts";"GuidedActionsController";"Change Heading";"";"TODO";"../src/FlightDisplay/GuidedActionsController.qml:64";"";"";"no"
"UI-1440";"qgc_source_uk_UA.ts";"GuidedActionsController";"Arm the vehicle.";"";"TODO";"../src/FlightDisplay/GuidedActionsController.qml:66";"";"";"no"
"UI-1441";"qgc_source_uk_UA.ts";"GuidedActionsController";"Arm selected vehicles.";"";"TODO";"../src/FlightDisplay/GuidedActionsController.qml:67";"";"";"no"
"UI-1442";"qgc_source_uk_UA.ts";"GuidedActionsController";"WARNING: This will force arming of the vehicle bypassing any safety checks.";"";"TODO";"../src/FlightDisplay/GuidedActionsController.qml:68";"";"";"no"
"UI-1443";"qgc_source_uk_UA.ts";"GuidedActionsController";"Disarm the vehicle";"";"TODO";"../src/FlightDisplay/GuidedActionsController.qml:69";"";"";"no"
"UI-1444";"qgc_source_uk_UA.ts";"GuidedActionsController";"Disarm selected vehicles.";"";"TODO";"../src/FlightDisplay/GuidedActionsController.qml:70";"";"";"no"
"UI-1445";"qgc_source_uk_UA.ts";"GuidedActionsController";"WARNING: THIS WILL STOP ALL MOTORS. IF VEHICLE IS CURRENTLY IN THE AIR IT WILL CRASH.";"";"TODO";"../src/FlightDisplay/GuidedActionsController.qml:71";"";"";"no"
"UI-1446";"qgc_source_uk_UA.ts";"GuidedActionsController";"Takeoff from ground and hold position.";"";"TODO";"../src/FlightDisplay/GuidedActionsController.qml:72";"";"";"no"
"UI-1447";"qgc_source_uk_UA.ts";"GuidedActionsController";"Grab or Release the cargo";"";"TODO";"../src/FlightDisplay/GuidedActionsController.qml:73";"";"";"no"
"UI-1448";"qgc_source_uk_UA.ts";"GuidedActionsController";"Takeoff from ground and start the current mission.";"";"TODO";"../src/FlightDisplay/GuidedActionsController.qml:74";"";"";"no"
"UI-1449";"qgc_source_uk_UA.ts";"GuidedActionsController";"Takeoff from ground and start the current mission for selected vehicles.";"";"TODO";"../src/FlightDisplay/GuidedActionsController.qml:75";"";"";"no"
"UI-1450";"qgc_source_uk_UA.ts";"GuidedActionsController";"Continue the mission from the current waypoint.";"";"TODO";"../src/FlightDisplay/GuidedActionsController.qml:76";"";"";"no"
"UI-1451";"qgc_source_uk_UA.ts";"GuidedActionsController";"Upload of resume mission failed. Confirm to retry upload";"";"TODO";"../src/FlightDisplay/GuidedActionsController.qml:77";"";"";"no"
"UI-1452";"qgc_source_uk_UA.ts";"GuidedActionsController";"Land the vehicle at the current position.";"";"TODO";"../src/FlightDisplay/GuidedActionsController.qml:78";"";"";"no"
"UI-1453";"qgc_source_uk_UA.ts";"GuidedActionsController";"Change the altitude of the vehicle up or down.";"";"TODO";"../src/FlightDisplay/GuidedActionsController.qml:80";"";"";"no"
"UI-1454";"qgc_source_uk_UA.ts";"GuidedActionsController";"Change the forward flight loiter radius.";"";"TODO";"../src/FlightDisplay/GuidedActionsController.qml:81";"";"";"no"
"UI-1455";"qgc_source_uk_UA.ts";"GuidedActionsController";"Change the maximum horizontal cruise speed.";"";"TODO";"../src/FlightDisplay/GuidedActionsController.qml:82";"";"";"no"
"UI-1456";"qgc_source_uk_UA.ts";"GuidedActionsController";"Change the equivalent airspeed setpoint.";"";"TODO";"../src/FlightDisplay/GuidedActionsController.qml:83";"";"";"no"
"UI-1457";"qgc_source_uk_UA.ts";"GuidedActionsController";"Move the vehicle to the specified location.";"";"TODO";"../src/FlightDisplay/GuidedActionsController.qml:84";"";"";"no"
"UI-1458";"qgc_source_uk_UA.ts";"GuidedActionsController";"Adjust current waypoint to %1.";"";"TODO";"../src/FlightDisplay/GuidedActionsController.qml:85";"";"";"no"
"UI-1459";"qgc_source_uk_UA.ts";"GuidedActionsController";"Orbit the vehicle around the specified location.";"";"TODO";"../src/FlightDisplay/GuidedActionsController.qml:86";"";"";"no"
"UI-1460";"qgc_source_uk_UA.ts";"GuidedActionsController";"Abort the landing sequence.";"";"TODO";"../src/FlightDisplay/GuidedActionsController.qml:87";"";"";"no"
"UI-1461";"qgc_source_uk_UA.ts";"GuidedActionsController";"Pause the vehicle at it's current position, adjusting altitude up or down as needed.";"";"TODO";"../src/FlightDisplay/GuidedActionsController.qml:88";"";"";"no"
"UI-1462";"qgc_source_uk_UA.ts";"GuidedActionsController";"Pause selected vehicles at their current position.";"";"TODO";"../src/FlightDisplay/GuidedActionsController.qml:89";"";"";"no"
"UI-1463";"qgc_source_uk_UA.ts";"GuidedActionsController";"Transition VTOL to fixed wing flight.";"";"TODO";"../src/FlightDisplay/GuidedActionsController.qml:90";"";"";"no"
"UI-1464";"qgc_source_uk_UA.ts";"GuidedActionsController";"Transition VTOL to multi-rotor flight.";"";"TODO";"../src/FlightDisplay/GuidedActionsController.qml:91";"";"";"no"
"UI-1465";"qgc_source_uk_UA.ts";"GuidedActionsController";"Make the specified location a Region Of Interest.";"";"TODO";"../src/FlightDisplay/GuidedActionsController.qml:92";"";"";"no"
"UI-1466";"qgc_source_uk_UA.ts";"GuidedActionsController";"Set vehicle home as the specified location. This will affect Return to Home position";"";"TODO";"../src/FlightDisplay/GuidedActionsController.qml:93";"";"";"no"
"UI-1467";"qgc_source_uk_UA.ts";"GuidedActionsController";"Make the specified location the estimator origin.";"";"TODO";"../src/FlightDisplay/GuidedActionsController.qml:94";"";"";"no"
"UI-1468";"qgc_source_uk_UA.ts";"GuidedActionsController";"Set the vehicle flight mode to %1";"";"TODO";"../src/FlightDisplay/GuidedActionsController.qml:95";"";"";"no"
"UI-1469";"qgc_source_uk_UA.ts";"GuidedActionsController";"Set the vehicle heading towards the specified location.";"";"TODO";"../src/FlightDisplay/GuidedActionsController.qml:96";"";"";"no"
"UI-1470";"qgc_source_uk_UA.ts";"GuidedActionsController";"_activeVehicle(%1) _vehicleArmed(%2) guidedModeSupported(%3) _vehicleFlying(%4) _vehicleWasFlying(%5) _vehicleInRTLMode(%6) pauseVehicleSupported(%7) _vehiclePaused(%8) _flightMode(%9) _missionItemCount(%10) roiSupported(%11) orbitSupported(%12) _missionActive(%13) _hideROI(%14) _hideOrbit(%15)";"";"TODO";"../src/FlightDisplay/GuidedActionsController.qml:221";"";"";"no"
"UI-1471";"qgc_source_uk_UA.ts";"GuidedActionsController";"Height (rel)";"";"TODO";"../src/FlightDisplay/GuidedActionsController.qml:232";"";"";"no"
"UI-1472";"qgc_source_uk_UA.ts";"GuidedActionsController";"Airspeed";"";"TODO";"../src/FlightDisplay/GuidedActionsController.qml:240";"";"";"no"
"UI-1473";"qgc_source_uk_UA.ts";"GuidedActionsController";"Speed";"";"TODO";"../src/FlightDisplay/GuidedActionsController.qml:247";"";"";"no"
"UI-1474";"qgc_source_uk_UA.ts";"GuidedActionsController";"Alt (rel)";"";"TODO";"../src/FlightDisplay/GuidedActionsController.qml:257";"";"";"no"
"UI-1475";"qgc_source_uk_UA.ts";"GuidedActionsController";"Smart RTL";"";"TODO";"../src/FlightDisplay/GuidedActionsController.qml:497";"";"";"no"
"UI-1476";"qgc_source_uk_UA.ts";"GuidedActionsController";"Internal error: unknown actionCode";"";"TODO";"../src/FlightDisplay/GuidedActionsController.qml:736";"";"";"no"
"UI-1477";"qgc_source_uk_UA.ts";"HeightIndicator";"30 ft";"";"TODO";"../src/QmlControls/HeightIndicator.qml:13";"";"";"no"
"UI-1478";"qgc_source_uk_UA.ts";"HelpSettings";"QGroundControl User Guide";"";"TODO";"../src/UI/AppSettings/HelpSettings.qml:37";"";"";"no"
"UI-1479";"qgc_source_uk_UA.ts";"HelpSettings";"PX4 Users Discussion Forum";"";"TODO";"../src/UI/AppSettings/HelpSettings.qml:44";"";"";"no"
"UI-1480";"qgc_source_uk_UA.ts";"HelpSettings";"ArduPilot Users Discussion Forum";"";"TODO";"../src/UI/AppSettings/HelpSettings.qml:51";"";"";"no"
"UI-1481";"qgc_source_uk_UA.ts";"HelpSettings";"QGroundControl Discord Channel";"";"TODO";"../src/UI/AppSettings/HelpSettings.qml:58";"";"";"no"
"UI-1482";"qgc_source_uk_UA.ts";"HorizontalFactValueGrid";"+";"";"TODO";"../src/QmlControls/HorizontalFactValueGrid.qml:124 | ../src/QmlControls/HorizontalFactValueGrid.qml:155";"";"";"no"
"UI-1483";"qgc_source_uk_UA.ts";"HorizontalFactValueGrid";"-";"";"TODO";"../src/QmlControls/HorizontalFactValueGrid.qml:136 | ../src/QmlControls/HorizontalFactValueGrid.qml:167";"";"";"no"
"UI-1484";"qgc_source_uk_UA.ts";"InstrumentValue";"None";"";"TODO";"../src/QmlControls/InstrumentValueData.cc:20";"";"";"no"
"UI-1485";"qgc_source_uk_UA.ts";"InstrumentValue";"Color";"";"TODO";"../src/QmlControls/InstrumentValueData.cc:21";"";"";"no"
"UI-1486";"qgc_source_uk_UA.ts";"InstrumentValue";"Opacity";"";"TODO";"../src/QmlControls/InstrumentValueData.cc:22";"";"";"no"
"UI-1487";"qgc_source_uk_UA.ts";"InstrumentValue";"Icon";"";"TODO";"../src/QmlControls/InstrumentValueData.cc:23";"";"";"no"
"UI-1488";"qgc_source_uk_UA.ts";"InstrumentValueEditDialog";"Valuec requires a connected vehicle for setup.";"";"TODO";"../src/QmlControls/InstrumentValueEditDialog.qml:41";"";"";"no"
"UI-1489";"qgc_source_uk_UA.ts";"InstrumentValueEditDialog";"Icon";"";"TODO";"../src/QmlControls/InstrumentValueEditDialog.qml:102";"";"";"no"
"UI-1490";"qgc_source_uk_UA.ts";"InstrumentValueEditDialog";"Text";"";"TODO";"../src/QmlControls/InstrumentValueEditDialog.qml:151";"";"";"no"
"UI-1491";"qgc_source_uk_UA.ts";"InstrumentValueEditDialog";"Label";"";"TODO";"../src/QmlControls/InstrumentValueEditDialog.qml:91 | ../src/QmlControls/InstrumentValueEditDialog.qml:157 | ../src/QmlControls/InstrumentValueEditDialog.qml:166";"";"";"no"
"UI-1492";"qgc_source_uk_UA.ts";"InstrumentValueEditDialog";"Telemetry Display";"";"TODO";"../src/QmlControls/InstrumentValueEditDialog.qml:25";"";"";"no"
"UI-1493";"qgc_source_uk_UA.ts";"InstrumentValueEditDialog";"Telemetry";"";"TODO";"../src/QmlControls/InstrumentValueEditDialog.qml:55";"";"";"no"
"UI-1494";"qgc_source_uk_UA.ts";"InstrumentValueEditDialog";"Group";"";"TODO";"../src/QmlControls/InstrumentValueEditDialog.qml:59";"";"";"no"
"UI-1495";"qgc_source_uk_UA.ts";"InstrumentValueEditDialog";"Value";"";"TODO";"../src/QmlControls/InstrumentValueEditDialog.qml:75";"";"";"no"
"UI-1496";"qgc_source_uk_UA.ts";"InstrumentValueEditDialog";"Change";"";"TODO";"../src/QmlControls/InstrumentValueEditDialog.qml:136";"";"";"no"
"UI-1497";"qgc_source_uk_UA.ts";"InstrumentValueEditDialog";"Size";"";"TODO";"../src/QmlControls/InstrumentValueEditDialog.qml:173";"";"";"no"
"UI-1498";"qgc_source_uk_UA.ts";"InstrumentValueEditDialog";"Show Units";"";"TODO";"../src/QmlControls/InstrumentValueEditDialog.qml:181";"";"";"no"
"UI-1499";"qgc_source_uk_UA.ts";"InstrumentValueEditDialog";"Value range";"";"TODO";"../src/QmlControls/InstrumentValueEditDialog.qml:190";"";"";"no"
"UI-1500";"qgc_source_uk_UA.ts";"InstrumentValueEditDialog";"Type";"";"TODO";"../src/QmlControls/InstrumentValueEditDialog.qml:201";"";"";"no"
"UI-1501";"qgc_source_uk_UA.ts";"InstrumentValueEditDialog";"Specify the color you want to apply based on value ranges. The color will be applied to the icon if available, otherwise to the value itself.";"";"TODO";"../src/QmlControls/InstrumentValueEditDialog.qml:293";"";"";"no"
"UI-1502";"qgc_source_uk_UA.ts";"InstrumentValueEditDialog";"Add Row";"";"TODO";"../src/QmlControls/InstrumentValueEditDialog.qml:374 | ../src/QmlControls/InstrumentValueEditDialog.qml:479 | ../src/QmlControls/InstrumentValueEditDialog.qml:570";"";"";"no"
"UI-1503";"qgc_source_uk_UA.ts";"InstrumentValueEditDialog";"Specify the icon you want to display based on value ranges.";"";"TODO";"../src/QmlControls/InstrumentValueEditDialog.qml:406";"";"";"no"
"UI-1504";"qgc_source_uk_UA.ts";"InstrumentValueEditDialog";"Specify the icon opacity you want based on value ranges.";"";"TODO";"../src/QmlControls/InstrumentValueEditDialog.qml:511";"";"";"no"
"UI-1505";"qgc_source_uk_UA.ts";"InstrumentValueEditDialog";"Select Icon";"";"TODO";"../src/QmlControls/InstrumentValueEditDialog.qml:581";"";"";"no"
"UI-1506";"qgc_source_uk_UA.ts";"InstrumentValueValue";"--.--";"";"TODO";"../src/QmlControls/InstrumentValueValue.qml:46";"";"";"no"
"UI-1507";"qgc_source_uk_UA.ts";"Joystick";"No Action";"";"TODO";"../src/Joystick/Joystick.h:337";"";"";"no"
"UI-1508";"qgc_source_uk_UA.ts";"Joystick";"Arm";"";"TODO";"../src/Joystick/Joystick.h:338";"";"";"no"
"UI-1509";"qgc_source_uk_UA.ts";"Joystick";"Disarm";"";"TODO";"../src/Joystick/Joystick.h:339";"";"";"no"
"UI-1510";"qgc_source_uk_UA.ts";"Joystick";"Toggle Arm";"";"TODO";"../src/Joystick/Joystick.h:340";"";"";"no"
"UI-1511";"qgc_source_uk_UA.ts";"Joystick";"VTOL: Fixed Wing";"";"TODO";"../src/Joystick/Joystick.h:341";"";"";"no"
"UI-1512";"qgc_source_uk_UA.ts";"Joystick";"VTOL: Multi-Rotor";"";"TODO";"../src/Joystick/Joystick.h:342";"";"";"no"
"UI-1513";"qgc_source_uk_UA.ts";"Joystick";"Continuous Zoom In";"";"TODO";"../src/Joystick/Joystick.h:343";"";"";"no"
"UI-1514";"qgc_source_uk_UA.ts";"Joystick";"Continuous Zoom Out";"";"TODO";"../src/Joystick/Joystick.h:344";"";"";"no"
"UI-1515";"qgc_source_uk_UA.ts";"Joystick";"Step Zoom In";"";"TODO";"../src/Joystick/Joystick.h:345";"";"";"no"
"UI-1516";"qgc_source_uk_UA.ts";"Joystick";"Step Zoom Out";"";"TODO";"../src/Joystick/Joystick.h:346";"";"";"no"
"UI-1517";"qgc_source_uk_UA.ts";"Joystick";"Trigger Camera";"";"TODO";"../src/Joystick/Joystick.h:351";"";"";"no"
"UI-1518";"qgc_source_uk_UA.ts";"Joystick";"Start Recording Video";"";"TODO";"../src/Joystick/Joystick.h:352";"";"";"no"
"UI-1519";"qgc_source_uk_UA.ts";"Joystick";"Stop Recording Video";"";"TODO";"../src/Joystick/Joystick.h:353";"";"";"no"
"UI-1520";"qgc_source_uk_UA.ts";"Joystick";"Toggle Recording Video";"";"TODO";"../src/Joystick/Joystick.h:354";"";"";"no"
"UI-1521";"qgc_source_uk_UA.ts";"Joystick";"Gimbal Down";"";"TODO";"../src/Joystick/Joystick.h:355";"";"";"no"
"UI-1522";"qgc_source_uk_UA.ts";"Joystick";"Gimbal Up";"";"TODO";"../src/Joystick/Joystick.h:356";"";"";"no"
"UI-1523";"qgc_source_uk_UA.ts";"Joystick";"Gimbal Left";"";"TODO";"../src/Joystick/Joystick.h:357";"";"";"no"
"UI-1524";"qgc_source_uk_UA.ts";"Joystick";"Gimbal Right";"";"TODO";"../src/Joystick/Joystick.h:358";"";"";"no"
"UI-1525";"qgc_source_uk_UA.ts";"Joystick";"Gimbal Center";"";"TODO";"../src/Joystick/Joystick.h:359";"";"";"no"
"UI-1526";"qgc_source_uk_UA.ts";"Joystick";"Gimbal Yaw Lock";"";"TODO";"../src/Joystick/Joystick.h:360";"";"";"no"
"UI-1527";"qgc_source_uk_UA.ts";"Joystick";"Gimbal Yaw Follow";"";"TODO";"../src/Joystick/Joystick.h:361";"";"";"no"
"UI-1528";"qgc_source_uk_UA.ts";"Joystick";"Emergency Stop";"";"TODO";"../src/Joystick/Joystick.h:362";"";"";"no"
"UI-1529";"qgc_source_uk_UA.ts";"Joystick";"Gripper Close";"";"TODO";"../src/Joystick/Joystick.h:363";"";"";"no"
"UI-1530";"qgc_source_uk_UA.ts";"Joystick";"Gripper Open";"";"TODO";"../src/Joystick/Joystick.h:364";"";"";"no"
"UI-1531";"qgc_source_uk_UA.ts";"Joystick";"Landing gear deploy";"";"TODO";"../src/Joystick/Joystick.h:365";"";"";"no"
"UI-1532";"qgc_source_uk_UA.ts";"Joystick";"Landing gear retract";"";"TODO";"../src/Joystick/Joystick.h:366";"";"";"no"
"UI-1533";"qgc_source_uk_UA.ts";"Joystick";"Motor Interlock enable";"";"TODO";"../src/Joystick/Joystick.h:367";"";"";"no"
"UI-1534";"qgc_source_uk_UA.ts";"Joystick";"Motor Interlock disable";"";"TODO";"../src/Joystick/Joystick.h:368";"";"";"no"
"UI-1535";"qgc_source_uk_UA.ts";"Joystick";"Next Video Stream";"";"TODO";"../src/Joystick/Joystick.h:347";"";"";"no"
"UI-1536";"qgc_source_uk_UA.ts";"Joystick";"Previous Video Stream";"";"TODO";"../src/Joystick/Joystick.h:348";"";"";"no"
"UI-1537";"qgc_source_uk_UA.ts";"Joystick";"Next Camera";"";"TODO";"../src/Joystick/Joystick.h:349";"";"";"no"
"UI-1538";"qgc_source_uk_UA.ts";"Joystick";"Previous Camera";"";"TODO";"../src/Joystick/Joystick.h:350";"";"";"no"
"UI-1539";"qgc_source_uk_UA.ts";"JoystickConfig";"Joystick";"";"TODO";"../src/Vehicle/VehicleSetup/JoystickConfig.qml:28";"";"";"no"
"UI-1540";"qgc_source_uk_UA.ts";"JoystickConfig";"General";"";"TODO";"../src/Vehicle/VehicleSetup/JoystickConfig.qml:79";"";"";"no"
"UI-1541";"qgc_source_uk_UA.ts";"JoystickConfig";"Button Assigment";"";"TODO";"../src/Vehicle/VehicleSetup/JoystickConfig.qml:83";"";"";"no"
"UI-1542";"qgc_source_uk_UA.ts";"JoystickConfig";"Calibration";"";"TODO";"../src/Vehicle/VehicleSetup/JoystickConfig.qml:86";"";"";"no"
"UI-1543";"qgc_source_uk_UA.ts";"JoystickConfig";"Advanced";"";"TODO";"../src/Vehicle/VehicleSetup/JoystickConfig.qml:90";"";"";"no"
"UI-1544";"qgc_source_uk_UA.ts";"JoystickConfigAdvanced";"Full down stick is zero throttle";"";"TODO";"../src/Vehicle/VehicleSetup/JoystickConfigAdvanced.qml:36";"";"";"no"
"UI-1545";"qgc_source_uk_UA.ts";"JoystickConfigAdvanced";"Center stick is zero throttle";"";"TODO";"../src/Vehicle/VehicleSetup/JoystickConfigAdvanced.qml:42";"";"";"no"
"UI-1546";"qgc_source_uk_UA.ts";"JoystickConfigAdvanced";"Spring loaded throttle smoothing";"";"TODO";"../src/Vehicle/VehicleSetup/JoystickConfigAdvanced.qml:49";"";"";"no"
"UI-1547";"qgc_source_uk_UA.ts";"JoystickConfigAdvanced";"Allow negative Thrust";"";"TODO";"../src/Vehicle/VehicleSetup/JoystickConfigAdvanced.qml:61";"";"";"no"
"UI-1548";"qgc_source_uk_UA.ts";"JoystickConfigAdvanced";"Exponential:";"";"TODO";"../src/Vehicle/VehicleSetup/JoystickConfigAdvanced.qml:73";"";"";"no"
"UI-1549";"qgc_source_uk_UA.ts";"JoystickConfigAdvanced";"Enable further advanced settings (careful!)";"";"TODO";"../src/Vehicle/VehicleSetup/JoystickConfigAdvanced.qml:93";"";"";"no"
"UI-1550";"qgc_source_uk_UA.ts";"JoystickConfigAdvanced";"Axis frequency (Hz):";"";"TODO";"../src/Vehicle/VehicleSetup/JoystickConfigAdvanced.qml:109";"";"";"no"
"UI-1551";"qgc_source_uk_UA.ts";"JoystickConfigAdvanced";"Button repeat frequency (Hz):";"";"TODO";"../src/Vehicle/VehicleSetup/JoystickConfigAdvanced.qml:127";"";"";"no"
"UI-1552";"qgc_source_uk_UA.ts";"JoystickConfigAdvanced";"Enable circle correction";"";"TODO";"../src/Vehicle/VehicleSetup/JoystickConfigAdvanced.qml:145";"";"";"no"
"UI-1553";"qgc_source_uk_UA.ts";"JoystickConfigAdvanced";"Deadbands";"";"TODO";"../src/Vehicle/VehicleSetup/JoystickConfigAdvanced.qml:163";"";"";"no"
"UI-1554";"qgc_source_uk_UA.ts";"JoystickConfigAdvanced";"Deadband can be set during the first ";"";"TODO";"../src/Vehicle/VehicleSetup/JoystickConfigAdvanced.qml:180";"";"";"no"
"UI-1555";"qgc_source_uk_UA.ts";"JoystickConfigAdvanced";"step of calibration by gently wiggling each axis. ";"";"TODO";"../src/Vehicle/VehicleSetup/JoystickConfigAdvanced.qml:181";"";"";"no"
"UI-1556";"qgc_source_uk_UA.ts";"JoystickConfigAdvanced";"Deadband can also be adjusted by clicking and ";"";"TODO";"../src/Vehicle/VehicleSetup/JoystickConfigAdvanced.qml:182";"";"";"no"
"UI-1557";"qgc_source_uk_UA.ts";"JoystickConfigAdvanced";"dragging vertically on the corresponding axis monitor.";"";"TODO";"../src/Vehicle/VehicleSetup/JoystickConfigAdvanced.qml:183";"";"";"no"
"UI-1558";"qgc_source_uk_UA.ts";"JoystickConfigButtons";" Multiple buttons that have the same action must be pressed simultaneously to invoke the action.";"";"TODO";"../src/Vehicle/VehicleSetup/JoystickConfigButtons.qml:49";"";"";"no"
"UI-1559";"qgc_source_uk_UA.ts";"JoystickConfigButtons";"Repeat";"";"TODO";"../src/Vehicle/VehicleSetup/JoystickConfigButtons.qml:99 | ../src/Vehicle/VehicleSetup/JoystickConfigButtons.qml:229";"";"";"no"
"UI-1560";"qgc_source_uk_UA.ts";"JoystickConfigButtons";"#";"";"TODO";"../src/Vehicle/VehicleSetup/JoystickConfigButtons.qml:129";"";"";"no"
"UI-1561";"qgc_source_uk_UA.ts";"JoystickConfigButtons";"Function: ";"";"TODO";"../src/Vehicle/VehicleSetup/JoystickConfigButtons.qml:133";"";"";"no"
"UI-1562";"qgc_source_uk_UA.ts";"JoystickConfigButtons";"Shift Function: ";"";"TODO";"../src/Vehicle/VehicleSetup/JoystickConfigButtons.qml:138";"";"";"no"
"UI-1563";"qgc_source_uk_UA.ts";"JoystickConfigButtons";"QGC functions do not support shift actions";"";"TODO";"../src/Vehicle/VehicleSetup/JoystickConfigButtons.qml:258";"";"";"no"
"UI-1564";"qgc_source_uk_UA.ts";"JoystickConfigButtons";"No firmware support";"";"TODO";"../src/Vehicle/VehicleSetup/JoystickConfigButtons.qml:264";"";"";"no"
"UI-1565";"qgc_source_uk_UA.ts";"JoystickConfigCalibration";"Skip";"";"TODO";"../src/Vehicle/VehicleSetup/JoystickConfigCalibration.qml:169";"";"";"no"
"UI-1566";"qgc_source_uk_UA.ts";"JoystickConfigCalibration";"Cancel";"";"TODO";"../src/Vehicle/VehicleSetup/JoystickConfigCalibration.qml:175";"";"";"no"
"UI-1567";"qgc_source_uk_UA.ts";"JoystickConfigCalibration";"Next";"";"TODO";"../src/Vehicle/VehicleSetup/JoystickConfigCalibration.qml:187";"";"";"no"
"UI-1568";"qgc_source_uk_UA.ts";"JoystickConfigCalibration";"Start";"";"TODO";"../src/Vehicle/VehicleSetup/JoystickConfigCalibration.qml:187";"";"";"no"
"UI-1569";"qgc_source_uk_UA.ts";"JoystickConfigController";"Detected %1 joystick axes. To operate PX4, you need at least %2 axes.";"";"TODO";"../src/Vehicle/VehicleSetup/JoystickConfigController.cc:151";"";"";"no"
"UI-1570";"qgc_source_uk_UA.ts";"JoystickConfigGeneral";"Enable joystick input";"";"TODO";"../src/Vehicle/VehicleSetup/JoystickConfigGeneral.qml:43";"";"";"no"
"UI-1571";"qgc_source_uk_UA.ts";"JoystickConfigGeneral";"Enable not allowed (Calibrate First)";"";"TODO";"../src/Vehicle/VehicleSetup/JoystickConfigGeneral.qml:43";"";"";"no"
"UI-1572";"qgc_source_uk_UA.ts";"JoystickConfigGeneral";"Active joystick:";"";"TODO";"../src/Vehicle/VehicleSetup/JoystickConfigGeneral.qml:75";"";"";"no"
"UI-1573";"qgc_source_uk_UA.ts";"JoystickConfigGeneral";"Active joystick name not in combo";"";"TODO";"../src/Vehicle/VehicleSetup/JoystickConfigGeneral.qml:87";"";"";"no"
"UI-1574";"qgc_source_uk_UA.ts";"JoystickConfigGeneral";"RC Mode:";"";"TODO";"../src/Vehicle/VehicleSetup/JoystickConfigGeneral.qml:105";"";"";"no"
"UI-1575";"qgc_source_uk_UA.ts";"JoystickConfigGeneral";"Lateral";"";"TODO";"../src/Vehicle/VehicleSetup/JoystickConfigGeneral.qml:162";"";"";"no"
"UI-1576";"qgc_source_uk_UA.ts";"JoystickConfigGeneral";"Roll";"";"TODO";"../src/Vehicle/VehicleSetup/JoystickConfigGeneral.qml:162";"";"";"no"
"UI-1577";"qgc_source_uk_UA.ts";"JoystickConfigGeneral";"Forward";"";"TODO";"../src/Vehicle/VehicleSetup/JoystickConfigGeneral.qml:176";"";"";"no"
"UI-1578";"qgc_source_uk_UA.ts";"JoystickConfigGeneral";"Pitch";"";"TODO";"../src/Vehicle/VehicleSetup/JoystickConfigGeneral.qml:176";"";"";"no"
"UI-1579";"qgc_source_uk_UA.ts";"JoystickConfigGeneral";"Yaw";"";"TODO";"../src/Vehicle/VehicleSetup/JoystickConfigGeneral.qml:189";"";"";"no"
"UI-1580";"qgc_source_uk_UA.ts";"JoystickConfigGeneral";"Throttle";"";"TODO";"../src/Vehicle/VehicleSetup/JoystickConfigGeneral.qml:202";"";"";"no"
"UI-1581";"qgc_source_uk_UA.ts";"JoystickIndicator";"Joystick Status";"";"TODO";"../src/UI/toolbar/JoystickIndicator.qml:35";"";"";"no"
"UI-1582";"qgc_source_uk_UA.ts";"JoystickIndicator";"Connected:";"";"TODO";"../src/UI/toolbar/JoystickIndicator.qml:40";"";"";"no"
"UI-1583";"qgc_source_uk_UA.ts";"JoystickIndicator";"Yes";"";"TODO";"../src/UI/toolbar/JoystickIndicator.qml:42 | ../src/UI/toolbar/JoystickIndicator.qml:47";"";"";"no"
"UI-1584";"qgc_source_uk_UA.ts";"JoystickIndicator";"No";"";"TODO";"../src/UI/toolbar/JoystickIndicator.qml:42 | ../src/UI/toolbar/JoystickIndicator.qml:47";"";"";"no"
"UI-1585";"qgc_source_uk_UA.ts";"JoystickIndicator";"Enabled:";"";"TODO";"../src/UI/toolbar/JoystickIndicator.qml:45";"";"";"no"
"UI-1586";"qgc_source_uk_UA.ts";"KML";"File not found: %1";"";"TODO";"../src/Utilities/Shape/KMLHelper.cc:28";"";"";"no"
"UI-1587";"qgc_source_uk_UA.ts";"KML";"Unable to open file: %1 error: $%2";"";"TODO";"../src/Utilities/Shape/KMLHelper.cc:33";"";"";"no"
"UI-1588";"qgc_source_uk_UA.ts";"KML";"Unable to parse KML file: %1 error: %2 line: %3";"";"TODO";"../src/Utilities/Shape/KMLHelper.cc:40";"";"";"no"
"UI-1589";"qgc_source_uk_UA.ts";"KML";"No supported type found in KML file.";"";"TODO";"../src/Utilities/Shape/KMLHelper.cc:66";"";"";"no"
"UI-1590";"qgc_source_uk_UA.ts";"KML";"Unable to find Polygon node in KML";"";"TODO";"../src/Utilities/Shape/KMLHelper.cc:82";"";"";"no"
"UI-1591";"qgc_source_uk_UA.ts";"KML";"Internal error: Unable to find coordinates node in KML";"";"TODO";"../src/Utilities/Shape/KMLHelper.cc:88 | ../src/Utilities/Shape/KMLHelper.cc:143";"";"";"no"
"UI-1592";"qgc_source_uk_UA.ts";"KML";"Unable to find LineString node in KML";"";"TODO";"../src/Utilities/Shape/KMLHelper.cc:137";"";"";"no"
"UI-1593";"qgc_source_uk_UA.ts";"KMLHelper";"KML file load failed. %1";"";"TODO";"../src/Utilities/Shape/KMLHelper.cc:19";"";"";"no"
"UI-1594";"qgc_source_uk_UA.ts";"KMLOrSHPFileDialog";"Select File";"";"TODO";"../src/QmlControls/KMLOrSHPFileDialog.qml:19";"";"";"no"
"UI-1595";"qgc_source_uk_UA.ts";"LandingComplexItem";"%1 does not support loading this complex mission item type: %2:%3";"";"TODO";"../src/MissionManager/LandingComplexItem.cc:709";"";"";"no"
"UI-1596";"qgc_source_uk_UA.ts";"LandingComplexItem";"Fixed Wing Landing Pattern: Setting the loiter and landing altitudes with different settings for altitude relative is no longer supported. Both have been set to relative altitude. Be sure to adjust/check your plan prior to flight.";"";"TODO";"../src/MissionManager/LandingComplexItem.cc:729";"";"";"no"
"UI-1597";"qgc_source_uk_UA.ts";"LinkInterface";"Signing Failure";"";"TODO";"../src/Comms/LinkInterface.cc:139";"";"";"no"
"UI-1598";"qgc_source_uk_UA.ts";"LinkInterface";"Signing signature mismatch";"";"TODO";"../src/Comms/LinkInterface.cc:139";"";"";"no"
"UI-1599";"qgc_source_uk_UA.ts";"LinkManager";"Connect not allowed: %1";"";"TODO";"../src/Comms/LinkManager.cc:268";"";"";"no"
"UI-1600";"qgc_source_uk_UA.ts";"LinkManager";"%1 on %2 (AutoConnect)";"";"TODO";"../src/Comms/LinkManager.cc:891 | ../src/Comms/LinkManager.cc:895 | ../src/Comms/LinkManager.cc:898";"";"";"no"
"UI-1601";"qgc_source_uk_UA.ts";"LinkManager";"Shutdown";"";"TODO";"../src/Comms/LinkManager.cc:538";"";"";"no"
"UI-1602";"qgc_source_uk_UA.ts";"LinkManager";"Serial";"";"TODO";"../src/Comms/LinkManager.cc:556";"";"";"no"
"UI-1603";"qgc_source_uk_UA.ts";"LinkManager";"UDP";"";"TODO";"../src/Comms/LinkManager.cc:558";"";"";"no"
"UI-1604";"qgc_source_uk_UA.ts";"LinkManager";"TCP";"";"TODO";"../src/Comms/LinkManager.cc:559";"";"";"no"
"UI-1605";"qgc_source_uk_UA.ts";"LinkManager";"Bluetooth";"";"TODO";"../src/Comms/LinkManager.cc:561";"";"";"no"
"UI-1606";"qgc_source_uk_UA.ts";"LinkManager";"Mock Link";"";"TODO";"../src/Comms/LinkManager.cc:564";"";"";"no"
"UI-1607";"qgc_source_uk_UA.ts";"LinkManager";"AirLink";"";"TODO";"../src/Comms/LinkManager.cc:567";"";"";"no"
"UI-1608";"qgc_source_uk_UA.ts";"LinkManager";"Log Replay";"";"TODO";"../src/Comms/LinkManager.cc:569 | ../src/Comms/LinkManager.cc:733";"";"";"no"
"UI-1609";"qgc_source_uk_UA.ts";"LinkSettings";"Add";"";"TODO";"../src/UI/AppSettings/LinkSettings.qml:192";"";"";"no"
"UI-1610";"qgc_source_uk_UA.ts";"LinkSettings";"Connect";"";"TODO";"../src/UI/AppSettings/LinkSettings.qml:178";"";"";"no"
"UI-1611";"qgc_source_uk_UA.ts";"LinkSettings";"AutoConnect";"";"TODO";"../src/UI/AppSettings/LinkSettings.qml:26";"";"";"no"
"UI-1612";"qgc_source_uk_UA.ts";"LinkSettings";"Pixhawk";"";"TODO";"../src/UI/AppSettings/LinkSettings.qml:41";"";"";"no"
"UI-1613";"qgc_source_uk_UA.ts";"LinkSettings";"SiK Radio";"";"TODO";"../src/UI/AppSettings/LinkSettings.qml:41";"";"";"no"
"UI-1614";"qgc_source_uk_UA.ts";"LinkSettings";"LibrePilot";"";"TODO";"../src/UI/AppSettings/LinkSettings.qml:41";"";"";"no"
"UI-1615";"qgc_source_uk_UA.ts";"LinkSettings";"UDP";"";"TODO";"../src/UI/AppSettings/LinkSettings.qml:41";"";"";"no"
"UI-1616";"qgc_source_uk_UA.ts";"LinkSettings";"Zero-Conf";"";"TODO";"../src/UI/AppSettings/LinkSettings.qml:41";"";"";"no"
"UI-1617";"qgc_source_uk_UA.ts";"LinkSettings";"RTK";"";"TODO";"../src/UI/AppSettings/LinkSettings.qml:41";"";"";"no"
"UI-1618";"qgc_source_uk_UA.ts";"LinkSettings";"NMEA GPS";"";"TODO";"../src/UI/AppSettings/LinkSettings.qml:53";"";"";"no"
"UI-1619";"qgc_source_uk_UA.ts";"LinkSettings";"Device";"";"TODO";"../src/UI/AppSettings/LinkSettings.qml:58";"";"";"no"
"UI-1620";"qgc_source_uk_UA.ts";"LinkSettings";"Disabled";"";"TODO";"../src/UI/AppSettings/LinkSettings.qml:71";"";"";"no"
"UI-1621";"qgc_source_uk_UA.ts";"LinkSettings";"UDP Port";"";"TODO";"../src/UI/AppSettings/LinkSettings.qml:72";"";"";"no"
"UI-1622";"qgc_source_uk_UA.ts";"LinkSettings";"Serial <none available>";"";"TODO";"../src/UI/AppSettings/LinkSettings.qml:75";"";"";"no"
"UI-1623";"qgc_source_uk_UA.ts";"LinkSettings";"Baudrate";"";"TODO";"../src/UI/AppSettings/LinkSettings.qml:91";"";"";"no"
"UI-1624";"qgc_source_uk_UA.ts";"LinkSettings";"NMEA stream UDP port";"";"TODO";"../src/UI/AppSettings/LinkSettings.qml:108";"";"";"no"
"UI-1625";"qgc_source_uk_UA.ts";"LinkSettings";"Links";"";"TODO";"../src/UI/AppSettings/LinkSettings.qml:114";"";"";"no"
"UI-1626";"qgc_source_uk_UA.ts";"LinkSettings";"Delete Link";"";"TODO";"../src/UI/AppSettings/LinkSettings.qml:169";"";"";"no"
"UI-1627";"qgc_source_uk_UA.ts";"LinkSettings";"Are you sure you want to delete '%1'?";"";"TODO";"../src/UI/AppSettings/LinkSettings.qml:170";"";"";"no"
"UI-1628";"qgc_source_uk_UA.ts";"LinkSettings";"Disconnect";"";"TODO";"../src/UI/AppSettings/LinkSettings.qml:178";"";"";"no"
"UI-1629";"qgc_source_uk_UA.ts";"LinkSettings";"Add New Link";"";"TODO";"../src/UI/AppSettings/LinkSettings.qml:191 | ../src/UI/AppSettings/LinkSettings.qml:205";"";"";"no"
"UI-1630";"qgc_source_uk_UA.ts";"LinkSettings";"Edit Link";"";"TODO";"../src/UI/AppSettings/LinkSettings.qml:205";"";"";"no"
"UI-1631";"qgc_source_uk_UA.ts";"LinkSettings";"Name";"";"TODO";"../src/UI/AppSettings/LinkSettings.qml:233";"";"";"no"
"UI-1632";"qgc_source_uk_UA.ts";"LinkSettings";"Enter name";"";"TODO";"../src/UI/AppSettings/LinkSettings.qml:238";"";"";"no"
"UI-1633";"qgc_source_uk_UA.ts";"LinkSettings";"Automatically Connect on Start";"";"TODO";"../src/UI/AppSettings/LinkSettings.qml:244";"";"";"no"
"UI-1634";"qgc_source_uk_UA.ts";"LinkSettings";"High Latency";"";"TODO";"../src/UI/AppSettings/LinkSettings.qml:251";"";"";"no"
"UI-1635";"qgc_source_uk_UA.ts";"LinkSettings";"Type";"";"TODO";"../src/UI/AppSettings/LinkSettings.qml:257";"";"";"no"
"UI-1636";"qgc_source_uk_UA.ts";"LogDownloadController";"Available";"";"TODO";"../src/AnalyzeView/LogDownloadController.cc:191";"";"";"no"
"UI-1637";"qgc_source_uk_UA.ts";"LogDownloadController";"Canceled";"";"TODO";"../src/AnalyzeView/LogDownloadController.cc:495";"";"";"no"
"UI-1638";"qgc_source_uk_UA.ts";"LogDownloadController";"Error";"";"TODO";"../src/AnalyzeView/LogDownloadController.cc:124 | ../src/AnalyzeView/LogDownloadController.cc:301";"";"";"no"
"UI-1639";"qgc_source_uk_UA.ts";"LogDownloadController";"Downloaded";"";"TODO";"../src/AnalyzeView/LogDownloadController.cc:282";"";"";"no"
"UI-1640";"qgc_source_uk_UA.ts";"LogDownloadController";"Waiting";"";"TODO";"../src/AnalyzeView/LogDownloadController.cc:77";"";"";"no"
"UI-1641";"qgc_source_uk_UA.ts";"LogDownloadPage";"Log Download allows you to download binary log files from your vehicle. Click Refresh to get list of available logs.";"";"TODO";"../src/AnalyzeView/LogDownloadPage.qml:23";"";"";"no"
"UI-1642";"qgc_source_uk_UA.ts";"LogDownloadPage";"Id";"";"TODO";"../src/AnalyzeView/LogDownloadPage.qml:63";"";"";"no"
"UI-1643";"qgc_source_uk_UA.ts";"LogDownloadPage";"Date";"";"TODO";"../src/AnalyzeView/LogDownloadPage.qml:71";"";"";"no"
"UI-1644";"qgc_source_uk_UA.ts";"LogDownloadPage";"Date Unknown";"";"TODO";"../src/AnalyzeView/LogDownloadPage.qml:83";"";"";"no"
"UI-1645";"qgc_source_uk_UA.ts";"LogDownloadPage";"Size";"";"TODO";"../src/AnalyzeView/LogDownloadPage.qml:91";"";"";"no"
"UI-1646";"qgc_source_uk_UA.ts";"LogDownloadPage";"Status";"";"TODO";"../src/AnalyzeView/LogDownloadPage.qml:99";"";"";"no"
"UI-1647";"qgc_source_uk_UA.ts";"LogDownloadPage";"Refresh";"";"TODO";"../src/AnalyzeView/LogDownloadPage.qml:117";"";"";"no"
"UI-1648";"qgc_source_uk_UA.ts";"LogDownloadPage";"Log Refresh";"";"TODO";"../src/AnalyzeView/LogDownloadPage.qml:121";"";"";"no"
"UI-1649";"qgc_source_uk_UA.ts";"LogDownloadPage";"You must be connected to a vehicle in order to download logs.";"";"TODO";"../src/AnalyzeView/LogDownloadPage.qml:121";"";"";"no"
"UI-1650";"qgc_source_uk_UA.ts";"LogDownloadPage";"Download";"";"TODO";"../src/AnalyzeView/LogDownloadPage.qml:132";"";"";"no"
"UI-1651";"qgc_source_uk_UA.ts";"LogDownloadPage";"Log Download";"";"TODO";"../src/AnalyzeView/LogDownloadPage.qml:144";"";"";"no"
"UI-1652";"qgc_source_uk_UA.ts";"LogDownloadPage";"You must select at least one log file to download.";"";"TODO";"../src/AnalyzeView/LogDownloadPage.qml:144";"";"";"no"
"UI-1653";"qgc_source_uk_UA.ts";"LogDownloadPage";"Select save directory";"";"TODO";"../src/AnalyzeView/LogDownloadPage.qml:153";"";"";"no"
"UI-1654";"qgc_source_uk_UA.ts";"LogDownloadPage";"Erase All";"";"TODO";"../src/AnalyzeView/LogDownloadPage.qml:171";"";"";"no"
"UI-1655";"qgc_source_uk_UA.ts";"LogDownloadPage";"Delete All Log Files";"";"TODO";"../src/AnalyzeView/LogDownloadPage.qml:173";"";"";"no"
"UI-1656";"qgc_source_uk_UA.ts";"LogDownloadPage";"All log files will be erased permanently. Is this really what you want?";"";"TODO";"../src/AnalyzeView/LogDownloadPage.qml:174";"";"";"no"
"UI-1657";"qgc_source_uk_UA.ts";"LogDownloadPage";"Cancel";"";"TODO";"../src/AnalyzeView/LogDownloadPage.qml:182";"";"";"no"
"UI-1658";"qgc_source_uk_UA.ts";"LogReplayConfiguration";"Log Replay Link Settings";"";"TODO";"../src/Comms/LogReplayLink.h:42";"";"";"no"
"UI-1659";"qgc_source_uk_UA.ts";"LogReplayLink";"Log Replay Link Error";"";"TODO";"../src/Comms/LogReplayLink.cc:455";"";"";"no"
"UI-1660";"qgc_source_uk_UA.ts";"LogReplayLink";"Link: %1, %2.";"";"TODO";"../src/Comms/LogReplayLink.cc:455";"";"";"no"
"UI-1661";"qgc_source_uk_UA.ts";"LogReplaySettings";"Log File";"";"TODO";"../src/UI/AppSettings/LogReplaySettings.qml:25";"";"";"no"
"UI-1662";"qgc_source_uk_UA.ts";"LogReplaySettings";"Browse";"";"TODO";"../src/UI/AppSettings/LogReplaySettings.qml:34";"";"";"no"
"UI-1663";"qgc_source_uk_UA.ts";"LogReplaySettings";"Select Telemetery Log";"";"TODO";"../src/UI/AppSettings/LogReplaySettings.qml:40";"";"";"no"
"UI-1664";"qgc_source_uk_UA.ts";"LogReplaySettings";"Telemetry Logs (*.%1)";"";"TODO";"../src/UI/AppSettings/LogReplaySettings.qml:41";"";"";"no"
"UI-1665";"qgc_source_uk_UA.ts";"LogReplaySettings";"All Files (*)";"";"TODO";"../src/UI/AppSettings/LogReplaySettings.qml:41";"";"";"no"
"UI-1666";"qgc_source_uk_UA.ts";"LogReplayStatusBar";"Log Replay";"";"TODO";"../src/QmlControls/LogReplayStatusBar.qml:19";"";"";"no"
"UI-1667";"qgc_source_uk_UA.ts";"LogReplayStatusBar";"You must close all connections prior to replaying a log.";"";"TODO";"../src/QmlControls/LogReplayStatusBar.qml:19";"";"";"no"
"UI-1668";"qgc_source_uk_UA.ts";"LogReplayStatusBar";"Select Telemetery Log";"";"TODO";"../src/QmlControls/LogReplayStatusBar.qml:30";"";"";"no"
"UI-1669";"qgc_source_uk_UA.ts";"LogReplayStatusBar";"Telemetry Logs (*.%1)";"";"TODO";"../src/QmlControls/LogReplayStatusBar.qml:31";"";"";"no"
"UI-1670";"qgc_source_uk_UA.ts";"LogReplayStatusBar";"All Files (*)";"";"TODO";"../src/QmlControls/LogReplayStatusBar.qml:31";"";"";"no"
"UI-1671";"qgc_source_uk_UA.ts";"LogReplayStatusBar";"Pause";"";"TODO";"../src/QmlControls/LogReplayStatusBar.qml:58";"";"";"no"
"UI-1672";"qgc_source_uk_UA.ts";"LogReplayStatusBar";"Play";"";"TODO";"../src/QmlControls/LogReplayStatusBar.qml:58";"";"";"no"
"UI-1673";"qgc_source_uk_UA.ts";"LogReplayStatusBar";"Load Telemetry Log";"";"TODO";"../src/QmlControls/LogReplayStatusBar.qml:106";"";"";"no"
"UI-1674";"qgc_source_uk_UA.ts";"LogReplayStatusBar";"Close";"";"TODO";"../src/QmlControls/LogReplayStatusBar.qml:112";"";"";"no"
"UI-1675";"qgc_source_uk_UA.ts";"LogReplayWorker";"You must close all connections prior to replaying a log.";"";"TODO";"../src/Comms/LogReplayLink.cc:117";"";"";"no"
"UI-1676";"qgc_source_uk_UA.ts";"LogReplayWorker";"Connect not allowed during Flight Data replay.";"";"TODO";"../src/Comms/LogReplayLink.cc:152";"";"";"no"
"UI-1677";"qgc_source_uk_UA.ts";"LogReplayWorker";"Unable to seek to new position";"";"TODO";"../src/Comms/LogReplayLink.cc:197 | ../src/Comms/LogReplayLink.cc:209";"";"";"no"
"UI-1678";"qgc_source_uk_UA.ts";"LogReplayWorker";"Attempt to load new log while log being played";"";"TODO";"../src/Comms/LogReplayLink.cc:272";"";"";"no"
"UI-1679";"qgc_source_uk_UA.ts";"LogReplayWorker";"Unable to open log file: '%1', error: %2";"";"TODO";"../src/Comms/LogReplayLink.cc:279";"";"";"no"
"UI-1680";"qgc_source_uk_UA.ts";"LogReplayWorker";"The log file '%1' is corrupt or empty.";"";"TODO";"../src/Comms/LogReplayLink.cc:291";"";"";"no"
"UI-1681";"qgc_source_uk_UA.ts";"MAVLink SYS_STATUS_SENSOR value";"Gyro";"";"TODO";"../src/MAVLink/QGCMAVLink.cc:271";"";"";"no"
"UI-1682";"qgc_source_uk_UA.ts";"MAVLink SYS_STATUS_SENSOR value";"Accelerometer";"";"TODO";"../src/MAVLink/QGCMAVLink.cc:272";"";"";"no"
"UI-1683";"qgc_source_uk_UA.ts";"MAVLink SYS_STATUS_SENSOR value";"Magnetometer";"";"TODO";"../src/MAVLink/QGCMAVLink.cc:273";"";"";"no"
"UI-1684";"qgc_source_uk_UA.ts";"MAVLink SYS_STATUS_SENSOR value";"Absolute pressure";"";"TODO";"../src/MAVLink/QGCMAVLink.cc:274";"";"";"no"
"UI-1685";"qgc_source_uk_UA.ts";"MAVLink SYS_STATUS_SENSOR value";"Differential pressure";"";"TODO";"../src/MAVLink/QGCMAVLink.cc:275";"";"";"no"
"UI-1686";"qgc_source_uk_UA.ts";"MAVLink SYS_STATUS_SENSOR value";"GPS";"";"TODO";"../src/MAVLink/QGCMAVLink.cc:276";"";"";"no"
"UI-1687";"qgc_source_uk_UA.ts";"MAVLink SYS_STATUS_SENSOR value";"Optical flow";"";"TODO";"../src/MAVLink/QGCMAVLink.cc:277";"";"";"no"
"UI-1688";"qgc_source_uk_UA.ts";"MAVLink SYS_STATUS_SENSOR value";"Computer vision position";"";"TODO";"../src/MAVLink/QGCMAVLink.cc:278";"";"";"no"
"UI-1689";"qgc_source_uk_UA.ts";"MAVLink SYS_STATUS_SENSOR value";"Laser based position";"";"TODO";"../src/MAVLink/QGCMAVLink.cc:279";"";"";"no"
"UI-1690";"qgc_source_uk_UA.ts";"MAVLink SYS_STATUS_SENSOR value";"External ground truth";"";"TODO";"../src/MAVLink/QGCMAVLink.cc:280";"";"";"no"
"UI-1691";"qgc_source_uk_UA.ts";"MAVLink SYS_STATUS_SENSOR value";"Angular rate control";"";"TODO";"../src/MAVLink/QGCMAVLink.cc:281";"";"";"no"
"UI-1692";"qgc_source_uk_UA.ts";"MAVLink SYS_STATUS_SENSOR value";"Attitude stabilization";"";"TODO";"../src/MAVLink/QGCMAVLink.cc:282";"";"";"no"
"UI-1693";"qgc_source_uk_UA.ts";"MAVLink SYS_STATUS_SENSOR value";"Yaw position";"";"TODO";"../src/MAVLink/QGCMAVLink.cc:283";"";"";"no"
"UI-1694";"qgc_source_uk_UA.ts";"MAVLink SYS_STATUS_SENSOR value";"Z/altitude control";"";"TODO";"../src/MAVLink/QGCMAVLink.cc:284";"";"";"no"
"UI-1695";"qgc_source_uk_UA.ts";"MAVLink SYS_STATUS_SENSOR value";"X/Y position control";"";"TODO";"../src/MAVLink/QGCMAVLink.cc:285";"";"";"no"
"UI-1696";"qgc_source_uk_UA.ts";"MAVLink SYS_STATUS_SENSOR value";"Motor outputs / control";"";"TODO";"../src/MAVLink/QGCMAVLink.cc:286";"";"";"no"
"UI-1697";"qgc_source_uk_UA.ts";"MAVLink SYS_STATUS_SENSOR value";"RC receiver";"";"TODO";"../src/MAVLink/QGCMAVLink.cc:287";"";"";"no"
"UI-1698";"qgc_source_uk_UA.ts";"MAVLink SYS_STATUS_SENSOR value";"Gyro 2";"";"TODO";"../src/MAVLink/QGCMAVLink.cc:288";"";"";"no"
"UI-1699";"qgc_source_uk_UA.ts";"MAVLink SYS_STATUS_SENSOR value";"Accelerometer 2";"";"TODO";"../src/MAVLink/QGCMAVLink.cc:289";"";"";"no"
"UI-1700";"qgc_source_uk_UA.ts";"MAVLink SYS_STATUS_SENSOR value";"Magnetometer 2";"";"TODO";"../src/MAVLink/QGCMAVLink.cc:290";"";"";"no"
"UI-1701";"qgc_source_uk_UA.ts";"MAVLink SYS_STATUS_SENSOR value";"GeoFence";"";"TODO";"../src/MAVLink/QGCMAVLink.cc:291";"";"";"no"
"UI-1702";"qgc_source_uk_UA.ts";"MAVLink SYS_STATUS_SENSOR value";"AHRS";"";"TODO";"../src/MAVLink/QGCMAVLink.cc:292";"";"";"no"
"UI-1703";"qgc_source_uk_UA.ts";"MAVLink SYS_STATUS_SENSOR value";"Terrain";"";"TODO";"../src/MAVLink/QGCMAVLink.cc:293";"";"";"no"
"UI-1704";"qgc_source_uk_UA.ts";"MAVLink SYS_STATUS_SENSOR value";"Motors reversed";"";"TODO";"../src/MAVLink/QGCMAVLink.cc:294";"";"";"no"
"UI-1705";"qgc_source_uk_UA.ts";"MAVLink SYS_STATUS_SENSOR value";"Logging";"";"TODO";"../src/MAVLink/QGCMAVLink.cc:295";"";"";"no"
"UI-1706";"qgc_source_uk_UA.ts";"MAVLink SYS_STATUS_SENSOR value";"Battery";"";"TODO";"../src/MAVLink/QGCMAVLink.cc:296";"";"";"no"
"UI-1707";"qgc_source_uk_UA.ts";"MAVLink SYS_STATUS_SENSOR value";"Proximity";"";"TODO";"../src/MAVLink/QGCMAVLink.cc:297";"";"";"no"
"UI-1708";"qgc_source_uk_UA.ts";"MAVLink SYS_STATUS_SENSOR value";"Satellite Communication";"";"TODO";"../src/MAVLink/QGCMAVLink.cc:298";"";"";"no"
"UI-1709";"qgc_source_uk_UA.ts";"MAVLink SYS_STATUS_SENSOR value";"Pre-Arm Check";"";"TODO";"../src/MAVLink/QGCMAVLink.cc:299";"";"";"no"
"UI-1710";"qgc_source_uk_UA.ts";"MAVLink SYS_STATUS_SENSOR value";"Avoidance/collision prevention";"";"TODO";"../src/MAVLink/QGCMAVLink.cc:300";"";"";"no"
"UI-1711";"qgc_source_uk_UA.ts";"MAVLink SYS_STATUS_SENSOR value";"Propulsion";"";"TODO";"../src/MAVLink/QGCMAVLink.cc:301";"";"";"no"
"UI-1712";"qgc_source_uk_UA.ts";"MAVLink unknown SYS_STATUS_SENSOR value";"Unknown sensor";"";"TODO";"../src/MAVLink/QGCMAVLink.cc:313";"";"";"no"
"UI-1713";"qgc_source_uk_UA.ts";"MAVLinkChart";"Scale:";"";"TODO";"../src/QmlControls/MAVLinkChart.qml:91";"";"";"no"
"UI-1714";"qgc_source_uk_UA.ts";"MAVLinkChart";"Range:";"";"TODO";"../src/QmlControls/MAVLinkChart.qml:104";"";"";"no"
"UI-1715";"qgc_source_uk_UA.ts";"MAVLinkConsolePage";"Provides a connection to the vehicle's system shell.";"";"TODO";"../src/AnalyzeView/MAVLinkConsolePage.qml:22";"";"";"no"
"UI-1716";"qgc_source_uk_UA.ts";"MAVLinkConsolePage";"Enter Commands here...";"";"TODO";"../src/AnalyzeView/MAVLinkConsolePage.qml:247";"";"";"no"
"UI-1717";"qgc_source_uk_UA.ts";"MAVLinkConsolePage";"Send";"";"TODO";"../src/AnalyzeView/MAVLinkConsolePage.qml:260";"";"";"no"
"UI-1718";"qgc_source_uk_UA.ts";"MAVLinkInspectorController";"5 Sec";"";"TODO";"../src/AnalyzeView/MAVLinkInspectorController.cc:64";"";"";"no"
"UI-1719";"qgc_source_uk_UA.ts";"MAVLinkInspectorController";"10 Sec";"";"TODO";"../src/AnalyzeView/MAVLinkInspectorController.cc:65";"";"";"no"
"UI-1720";"qgc_source_uk_UA.ts";"MAVLinkInspectorController";"30 Sec";"";"TODO";"../src/AnalyzeView/MAVLinkInspectorController.cc:66";"";"";"no"
"UI-1721";"qgc_source_uk_UA.ts";"MAVLinkInspectorController";"60 Sec";"";"TODO";"../src/AnalyzeView/MAVLinkInspectorController.cc:67";"";"";"no"
"UI-1722";"qgc_source_uk_UA.ts";"MAVLinkInspectorController";"Auto";"";"TODO";"../src/AnalyzeView/MAVLinkInspectorController.cc:70";"";"";"no"
"UI-1723";"qgc_source_uk_UA.ts";"MAVLinkInspectorController";"10,000";"";"TODO";"../src/AnalyzeView/MAVLinkInspectorController.cc:71";"";"";"no"
"UI-1724";"qgc_source_uk_UA.ts";"MAVLinkInspectorController";"1,000";"";"TODO";"../src/AnalyzeView/MAVLinkInspectorController.cc:72";"";"";"no"
"UI-1725";"qgc_source_uk_UA.ts";"MAVLinkInspectorController";"100";"";"TODO";"../src/AnalyzeView/MAVLinkInspectorController.cc:73";"";"";"no"
"UI-1726";"qgc_source_uk_UA.ts";"MAVLinkInspectorController";"10";"";"TODO";"../src/AnalyzeView/MAVLinkInspectorController.cc:74";"";"";"no"
"UI-1727";"qgc_source_uk_UA.ts";"MAVLinkInspectorController";"1";"";"TODO";"../src/AnalyzeView/MAVLinkInspectorController.cc:75";"";"";"no"
"UI-1728";"qgc_source_uk_UA.ts";"MAVLinkInspectorController";"0.1";"";"TODO";"../src/AnalyzeView/MAVLinkInspectorController.cc:76";"";"";"no"
"UI-1729";"qgc_source_uk_UA.ts";"MAVLinkInspectorController";"0.01";"";"TODO";"../src/AnalyzeView/MAVLinkInspectorController.cc:77";"";"";"no"
"UI-1730";"qgc_source_uk_UA.ts";"MAVLinkInspectorController";"0.001";"";"TODO";"../src/AnalyzeView/MAVLinkInspectorController.cc:78";"";"";"no"
"UI-1731";"qgc_source_uk_UA.ts";"MAVLinkInspectorController";"0.0001";"";"TODO";"../src/AnalyzeView/MAVLinkInspectorController.cc:79";"";"";"no"
"UI-1732";"qgc_source_uk_UA.ts";"MAVLinkInspectorController";"System %1";"";"TODO";"../src/AnalyzeView/MAVLinkInspectorController.cc:169 | ../src/AnalyzeView/MAVLinkInspectorController.cc:195 | ../src/AnalyzeView/MAVLinkInspectorController.cc:211";"";"";"no"
"UI-1733";"qgc_source_uk_UA.ts";"MAVLinkInspectorPage";"Inspect real time MAVLink messages.";"";"TODO";"../src/AnalyzeView/MAVLinkInspectorPage.qml:79";"";"";"no"
"UI-1734";"qgc_source_uk_UA.ts";"MAVLinkInspectorPage";"Message:";"";"TODO";"../src/AnalyzeView/MAVLinkInspectorPage.qml:176";"";"";"no"
"UI-1735";"qgc_source_uk_UA.ts";"MAVLinkInspectorPage";"Component:";"";"TODO";"../src/AnalyzeView/MAVLinkInspectorPage.qml:184";"";"";"no"
"UI-1736";"qgc_source_uk_UA.ts";"MAVLinkInspectorPage";"Count:";"";"TODO";"../src/AnalyzeView/MAVLinkInspectorPage.qml:187";"";"";"no"
"UI-1737";"qgc_source_uk_UA.ts";"MAVLinkInspectorPage";"Actual Rate:";"";"TODO";"../src/AnalyzeView/MAVLinkInspectorPage.qml:190";"";"";"no"
"UI-1738";"qgc_source_uk_UA.ts";"MAVLinkInspectorPage";"Hz";"";"TODO";"../src/AnalyzeView/MAVLinkInspectorPage.qml:191";"";"";"no"
"UI-1739";"qgc_source_uk_UA.ts";"MAVLinkInspectorPage";"Set Rate:";"";"TODO";"../src/AnalyzeView/MAVLinkInspectorPage.qml:193";"";"";"no"
"UI-1740";"qgc_source_uk_UA.ts";"MAVLinkInspectorPage";"Disabled";"";"TODO";"../src/AnalyzeView/MAVLinkInspectorPage.qml:199";"";"";"no"
"UI-1741";"qgc_source_uk_UA.ts";"MAVLinkInspectorPage";"Default";"";"TODO";"../src/AnalyzeView/MAVLinkInspectorPage.qml:200";"";"";"no"
"UI-1742";"qgc_source_uk_UA.ts";"MAVLinkInspectorPage";"1Hz";"";"TODO";"../src/AnalyzeView/MAVLinkInspectorPage.qml:201";"";"";"no"
"UI-1743";"qgc_source_uk_UA.ts";"MAVLinkInspectorPage";"2Hz";"";"TODO";"../src/AnalyzeView/MAVLinkInspectorPage.qml:202";"";"";"no"
"UI-1744";"qgc_source_uk_UA.ts";"MAVLinkInspectorPage";"3Hz";"";"TODO";"../src/AnalyzeView/MAVLinkInspectorPage.qml:203";"";"";"no"
"UI-1745";"qgc_source_uk_UA.ts";"MAVLinkInspectorPage";"4Hz";"";"TODO";"../src/AnalyzeView/MAVLinkInspectorPage.qml:204";"";"";"no"
"UI-1746";"qgc_source_uk_UA.ts";"MAVLinkInspectorPage";"5Hz";"";"TODO";"../src/AnalyzeView/MAVLinkInspectorPage.qml:205";"";"";"no"
"UI-1747";"qgc_source_uk_UA.ts";"MAVLinkInspectorPage";"6Hz";"";"TODO";"../src/AnalyzeView/MAVLinkInspectorPage.qml:206";"";"";"no"
"UI-1748";"qgc_source_uk_UA.ts";"MAVLinkInspectorPage";"7Hz";"";"TODO";"../src/AnalyzeView/MAVLinkInspectorPage.qml:207";"";"";"no"
"UI-1749";"qgc_source_uk_UA.ts";"MAVLinkInspectorPage";"8Hz";"";"TODO";"../src/AnalyzeView/MAVLinkInspectorPage.qml:208";"";"";"no"
"UI-1750";"qgc_source_uk_UA.ts";"MAVLinkInspectorPage";"9Hz";"";"TODO";"../src/AnalyzeView/MAVLinkInspectorPage.qml:209";"";"";"no"
"UI-1751";"qgc_source_uk_UA.ts";"MAVLinkInspectorPage";"10Hz";"";"TODO";"../src/AnalyzeView/MAVLinkInspectorPage.qml:210";"";"";"no"
"UI-1752";"qgc_source_uk_UA.ts";"MAVLinkInspectorPage";"25Hz";"";"TODO";"../src/AnalyzeView/MAVLinkInspectorPage.qml:211";"";"";"no"
"UI-1753";"qgc_source_uk_UA.ts";"MAVLinkInspectorPage";"50Hz";"";"TODO";"../src/AnalyzeView/MAVLinkInspectorPage.qml:212";"";"";"no"
"UI-1754";"qgc_source_uk_UA.ts";"MAVLinkInspectorPage";"100Hz";"";"TODO";"../src/AnalyzeView/MAVLinkInspectorPage.qml:213";"";"";"no"
"UI-1755";"qgc_source_uk_UA.ts";"MAVLinkInspectorPage";"Name";"";"TODO";"../src/AnalyzeView/MAVLinkInspectorPage.qml:244";"";"";"no"
"UI-1756";"qgc_source_uk_UA.ts";"MAVLinkInspectorPage";"Value";"";"TODO";"../src/AnalyzeView/MAVLinkInspectorPage.qml:247";"";"";"no"
"UI-1757";"qgc_source_uk_UA.ts";"MAVLinkInspectorPage";"Type";"";"TODO";"../src/AnalyzeView/MAVLinkInspectorPage.qml:250";"";"";"no"
"UI-1758";"qgc_source_uk_UA.ts";"MAVLinkInspectorPage";"Plot 1";"";"TODO";"../src/AnalyzeView/MAVLinkInspectorPage.qml:253";"";"";"no"
"UI-1759";"qgc_source_uk_UA.ts";"MAVLinkInspectorPage";"Plot 2";"";"TODO";"../src/AnalyzeView/MAVLinkInspectorPage.qml:256";"";"";"no"
"UI-1760";"qgc_source_uk_UA.ts";"MAVLinkProtocol";"Unable to save telemetry log. Error copying telemetry to '%1': '%2'.";"";"TODO";"../src/Comms/MAVLinkProtocol.cc:415";"";"";"no"
"UI-1761";"qgc_source_uk_UA.ts";"MAVLinkProtocol";"Unable to save telemetry log. Application save directory is not set.";"";"TODO";"../src/Comms/MAVLinkProtocol.cc:427";"";"";"no"
"UI-1762";"qgc_source_uk_UA.ts";"MAVLinkProtocol";"Unable to save telemetry log. Telemetry save directory ""%1"" does not exist.";"";"TODO";"../src/Comms/MAVLinkProtocol.cc:434";"";"";"no"
"UI-1763";"qgc_source_uk_UA.ts";"MainStatusIndicator";"Ready To Fly";"";"TODO";"../src/QmlControls/MainStatusIndicator.qml:46";"";"";"no"
"UI-1764";"qgc_source_uk_UA.ts";"MainStatusIndicator";"Not Ready";"";"TODO";"../src/QmlControls/MainStatusIndicator.qml:47";"";"";"no"
"UI-1765";"qgc_source_uk_UA.ts";"MainStatusIndicator";"Armed";"";"TODO";"../src/QmlControls/MainStatusIndicator.qml:49";"";"";"no"
"UI-1766";"qgc_source_uk_UA.ts";"MainStatusIndicator";"Flying";"";"TODO";"../src/QmlControls/MainStatusIndicator.qml:50";"";"";"no"
"UI-1767";"qgc_source_uk_UA.ts";"MainStatusIndicator";"Landing";"";"TODO";"../src/QmlControls/MainStatusIndicator.qml:51";"";"";"no"
"UI-1768";"qgc_source_uk_UA.ts";"MainStatusIndicator";"FW(vtol)";"";"TODO";"../src/QmlControls/MainStatusIndicator.qml:153";"";"";"no"
"UI-1769";"qgc_source_uk_UA.ts";"MainStatusIndicator";"MR(vtol)";"";"TODO";"../src/QmlControls/MainStatusIndicator.qml:153";"";"";"no"
"UI-1770";"qgc_source_uk_UA.ts";"MainStatusIndicator";"Sensor Status";"";"TODO";"../src/QmlControls/MainStatusIndicator.qml:228";"";"";"no"
"UI-1771";"qgc_source_uk_UA.ts";"MainStatusIndicator";"Disarm";"";"TODO";"../src/QmlControls/MainStatusIndicator.qml:194";"";"";"no"
"UI-1772";"qgc_source_uk_UA.ts";"MainStatusIndicator";"Comms Lost";"";"TODO";"../src/QmlControls/MainStatusIndicator.qml:45";"";"";"no"
"UI-1773";"qgc_source_uk_UA.ts";"MainStatusIndicator";"Disconnected - Click to manually connect";"";"TODO";"../src/QmlControls/MainStatusIndicator.qml:48";"";"";"no"
"UI-1774";"qgc_source_uk_UA.ts";"MainStatusIndicator";"Force Arm";"";"TODO";"../src/QmlControls/MainStatusIndicator.qml:194";"";"";"no"
"UI-1775";"qgc_source_uk_UA.ts";"MainStatusIndicator";"Arm";"";"TODO";"../src/QmlControls/MainStatusIndicator.qml:194";"";"";"no"
"UI-1776";"qgc_source_uk_UA.ts";"MainStatusIndicator";"Vehicle Messages";"";"TODO";"../src/QmlControls/MainStatusIndicator.qml:218";"";"";"no"
"UI-1777";"qgc_source_uk_UA.ts";"MainStatusIndicator";"Overall Status";"";"TODO";"../src/QmlControls/MainStatusIndicator.qml:251";"";"";"no"
"UI-1778";"qgc_source_uk_UA.ts";"MainStatusIndicator";"Edit Parameter";"";"TODO";"../src/QmlControls/MainStatusIndicator.qml:326";"";"";"no"
"UI-1779";"qgc_source_uk_UA.ts";"MainStatusIndicator";"Vehicle Parameters";"";"TODO";"../src/QmlControls/MainStatusIndicator.qml:360";"";"";"no"
"UI-1780";"qgc_source_uk_UA.ts";"MainStatusIndicator";"Configure";"";"TODO";"../src/QmlControls/MainStatusIndicator.qml:362 | ../src/QmlControls/MainStatusIndicator.qml:371";"";"";"no"
"UI-1781";"qgc_source_uk_UA.ts";"MainStatusIndicator";"Vehicle Configuration";"";"TODO";"../src/QmlControls/MainStatusIndicator.qml:369";"";"";"no"
"UI-1782";"qgc_source_uk_UA.ts";"MainStatusIndicator";"Transition to Multi-Rotor";"";"TODO";"../src/QmlControls/MainStatusIndicator.qml:388";"";"";"no"
"UI-1783";"qgc_source_uk_UA.ts";"MainStatusIndicator";"Transition to Fixed Wing";"";"TODO";"../src/QmlControls/MainStatusIndicator.qml:388";"";"";"no"
"UI-1784";"qgc_source_uk_UA.ts";"MainStatusIndicatorOfflinePage";"Select Link to Connect";"";"TODO";"../src/QmlControls/MainStatusIndicatorOfflinePage.qml:43";"";"";"no"
"UI-1785";"qgc_source_uk_UA.ts";"MainStatusIndicatorOfflinePage";"No Links Configured";"";"TODO";"../src/QmlControls/MainStatusIndicatorOfflinePage.qml:46";"";"";"no"
"UI-1786";"qgc_source_uk_UA.ts";"MainStatusIndicatorOfflinePage";"Connected";"";"TODO";"../src/QmlControls/MainStatusIndicatorOfflinePage.qml:55";"";"";"no"
"UI-1787";"qgc_source_uk_UA.ts";"MainStatusIndicatorOfflinePage";"Communication Links";"";"TODO";"../src/QmlControls/MainStatusIndicatorOfflinePage.qml:75";"";"";"no"
"UI-1788";"qgc_source_uk_UA.ts";"MainStatusIndicatorOfflinePage";"Configure";"";"TODO";"../src/QmlControls/MainStatusIndicatorOfflinePage.qml:76";"";"";"no"
"UI-1789";"qgc_source_uk_UA.ts";"MainStatusIndicatorOfflinePage";"Comm Links";"";"TODO";"../src/QmlControls/MainStatusIndicatorOfflinePage.qml:79";"";"";"no"
"UI-1790";"qgc_source_uk_UA.ts";"MainStatusIndicatorOfflinePage";"AutoConnect";"";"TODO";"../src/QmlControls/MainStatusIndicatorOfflinePage.qml:86";"";"";"no"
"UI-1791";"qgc_source_uk_UA.ts";"MainStatusIndicatorOfflinePage";"Pixhawk";"";"TODO";"../src/QmlControls/MainStatusIndicatorOfflinePage.qml:101";"";"";"no"
"UI-1792";"qgc_source_uk_UA.ts";"MainStatusIndicatorOfflinePage";"SiK Radio";"";"TODO";"../src/QmlControls/MainStatusIndicatorOfflinePage.qml:101";"";"";"no"
"UI-1793";"qgc_source_uk_UA.ts";"MainStatusIndicatorOfflinePage";"LibrePilot";"";"TODO";"../src/QmlControls/MainStatusIndicatorOfflinePage.qml:101";"";"";"no"
"UI-1794";"qgc_source_uk_UA.ts";"MainStatusIndicatorOfflinePage";"UDP";"";"TODO";"../src/QmlControls/MainStatusIndicatorOfflinePage.qml:101";"";"";"no"
"UI-1795";"qgc_source_uk_UA.ts";"MainStatusIndicatorOfflinePage";"Zero-Conf";"";"TODO";"../src/QmlControls/MainStatusIndicatorOfflinePage.qml:101";"";"";"no"
"UI-1796";"qgc_source_uk_UA.ts";"MainStatusIndicatorOfflinePage";"RTK";"";"TODO";"../src/QmlControls/MainStatusIndicatorOfflinePage.qml:101";"";"";"no"
"UI-1797";"qgc_source_uk_UA.ts";"MainWindow";"Analyze Tools";"";"TODO";"../src/UI/MainWindow.qml:143 | ../src/UI/MainWindow.qml:367";"";"";"no"
"UI-1798";"qgc_source_uk_UA.ts";"MainWindow";"Vehicle Configuration";"";"TODO";"../src/UI/MainWindow.qml:147 | ../src/UI/MainWindow.qml:382";"";"";"no"
"UI-1799";"qgc_source_uk_UA.ts";"MainWindow";"Application Settings";"";"TODO";"../src/UI/MainWindow.qml:164 | ../src/UI/MainWindow.qml:396";"";"";"no"
"UI-1800";"qgc_source_uk_UA.ts";"MainWindow";"Close %1";"";"TODO";"../src/UI/MainWindow.qml:226 | ../src/UI/MainWindow.qml:412";"";"";"no"
"UI-1801";"qgc_source_uk_UA.ts";"MainWindow";"You have a mission edit in progress which has not been saved/sent. If you close you will lose changes. Are you sure you want to close?";"";"TODO";"../src/UI/MainWindow.qml:231";"";"";"no"
"UI-1802";"qgc_source_uk_UA.ts";"MainWindow";"You have pending parameter updates to a vehicle. If you close you will lose changes. Are you sure you want to close?";"";"TODO";"../src/UI/MainWindow.qml:244";"";"";"no"
"UI-1803";"qgc_source_uk_UA.ts";"MainWindow";"There are still active connections to vehicles. Are you sure you want to exit?";"";"TODO";"../src/UI/MainWindow.qml:256";"";"";"no"
"UI-1804";"qgc_source_uk_UA.ts";"MainWindow";"Debug Touch Areas";"";"TODO";"../src/UI/MainWindow.qml:295";"";"";"no"
"UI-1805";"qgc_source_uk_UA.ts";"MainWindow";"Touch Area display toggled";"";"TODO";"../src/UI/MainWindow.qml:296";"";"";"no"
"UI-1806";"qgc_source_uk_UA.ts";"MainWindow";"Advanced Mode";"";"TODO";"../src/UI/MainWindow.qml:302 | ../src/UI/MainWindow.qml:314";"";"";"no"
"UI-1807";"qgc_source_uk_UA.ts";"MainWindow";"Turn off Advanced Mode?";"";"TODO";"../src/UI/MainWindow.qml:315";"";"";"no"
"UI-1808";"qgc_source_uk_UA.ts";"MainWindow";"Plan Flight";"";"TODO";"../src/UI/MainWindow.qml:353";"";"";"no"
"UI-1809";"qgc_source_uk_UA.ts";"MainWindow";"%1 Version";"";"TODO";"../src/UI/MainWindow.qml:429";"";"";"no"
"UI-1810";"qgc_source_uk_UA.ts";"MainWindow";"Exit";"";"TODO";"../src/UI/MainWindow.qml:519";"";"";"no"
"UI-1811";"qgc_source_uk_UA.ts";"MainWindow";"Vehicle Error";"";"TODO";"../src/UI/MainWindow.qml:600";"";"";"no"
"UI-1812";"qgc_source_uk_UA.ts";"MainWindow";"Additional errors received";"";"TODO";"../src/UI/MainWindow.qml:624";"";"";"no"
"UI-1813";"qgc_source_uk_UA.ts";"MapScale";" km";"";"TODO";"../src/FlightMap/MapScale.qml:46";"";"";"no"
"UI-1814";"qgc_source_uk_UA.ts";"MapScale";" m";"";"TODO";"../src/FlightMap/MapScale.qml:48";"";"";"no"
"UI-1815";"qgc_source_uk_UA.ts";"MapScale";" mile";"";"TODO";"../src/FlightMap/MapScale.qml:59";"";"";"no"
"UI-1816";"qgc_source_uk_UA.ts";"MapScale";" miles";"";"TODO";"../src/FlightMap/MapScale.qml:61";"";"";"no"
"UI-1817";"qgc_source_uk_UA.ts";"MapScale";" ft";"";"TODO";"../src/FlightMap/MapScale.qml:64";"";"";"no"
"UI-1818";"qgc_source_uk_UA.ts";"MapScale";"+";"";"TODO";"../src/FlightMap/MapScale.qml:207";"";"";"no"
"UI-1819";"qgc_source_uk_UA.ts";"MapScale";"-";"";"TODO";"../src/FlightMap/MapScale.qml:220";"";"";"no"
"UI-1820";"qgc_source_uk_UA.ts";"MapSettings";"Provider";"";"TODO";"../src/UI/AppSettings/MapSettings.qml:62";"";"";"no"
"UI-1821";"qgc_source_uk_UA.ts";"MapSettings";"Type";"";"TODO";"../src/UI/AppSettings/MapSettings.qml:78";"";"";"no"
"UI-1822";"qgc_source_uk_UA.ts";"MapSettings";"Elevation Provider";"";"TODO";"../src/UI/AppSettings/MapSettings.qml:91";"";"";"no"
"UI-1823";"qgc_source_uk_UA.ts";"MapSettings";"Offline Maps";"";"TODO";"../src/UI/AppSettings/MapSettings.qml:106";"";"";"no"
"UI-1824";"qgc_source_uk_UA.ts";"MapSettings";"Download map tiles for use when offline";"";"TODO";"../src/UI/AppSettings/MapSettings.qml:107";"";"";"no"
"UI-1825";"qgc_source_uk_UA.ts";"MapSettings";"Add New Set";"";"TODO";"../src/UI/AppSettings/MapSettings.qml:120";"";"";"no"
"UI-1826";"qgc_source_uk_UA.ts";"MapSettings";"Add";"";"TODO";"../src/UI/AppSettings/MapSettings.qml:121";"";"";"no"
"UI-1827";"qgc_source_uk_UA.ts";"MapSettings";"Import Map Tiles";"";"TODO";"../src/UI/AppSettings/MapSettings.qml:127";"";"";"no"
"UI-1828";"qgc_source_uk_UA.ts";"MapSettings";"Import";"";"TODO";"../src/UI/AppSettings/MapSettings.qml:128";"";"";"no"
"UI-1829";"qgc_source_uk_UA.ts";"MapSettings";"Export Map Tiles";"";"TODO";"../src/UI/AppSettings/MapSettings.qml:138";"";"";"no"
"UI-1830";"qgc_source_uk_UA.ts";"MapSettings";"Export";"";"TODO";"../src/UI/AppSettings/MapSettings.qml:139";"";"";"no"
"UI-1831";"qgc_source_uk_UA.ts";"MapSettings";"Exporting";"";"TODO";"../src/UI/AppSettings/MapSettings.qml:151";"";"";"no"
"UI-1832";"qgc_source_uk_UA.ts";"MapSettings";"Importing";"";"TODO";"../src/UI/AppSettings/MapSettings.qml:151";"";"";"no"
"UI-1833";"qgc_source_uk_UA.ts";"MapSettings";"Tokens";"";"TODO";"../src/UI/AppSettings/MapSettings.qml:165";"";"";"no"
"UI-1834";"qgc_source_uk_UA.ts";"MapSettings";"Allows access to additional providers";"";"TODO";"../src/UI/AppSettings/MapSettings.qml:166";"";"";"no"
"UI-1835";"qgc_source_uk_UA.ts";"MapSettings";"Mapbox";"";"TODO";"../src/UI/AppSettings/MapSettings.qml:170";"";"";"no"
"UI-1836";"qgc_source_uk_UA.ts";"MapSettings";"Esri";"";"TODO";"../src/UI/AppSettings/MapSettings.qml:176";"";"";"no"
"UI-1837";"qgc_source_uk_UA.ts";"MapSettings";"VWorld";"";"TODO";"../src/UI/AppSettings/MapSettings.qml:182";"";"";"no"
"UI-1838";"qgc_source_uk_UA.ts";"MapSettings";"Mapbox Login";"";"TODO";"../src/UI/AppSettings/MapSettings.qml:189";"";"";"no"
"UI-1839";"qgc_source_uk_UA.ts";"MapSettings";"Account";"";"TODO";"../src/UI/AppSettings/MapSettings.qml:193";"";"";"no"
"UI-1840";"qgc_source_uk_UA.ts";"MapSettings";"Map Style";"";"TODO";"../src/UI/AppSettings/MapSettings.qml:199";"";"";"no"
"UI-1841";"qgc_source_uk_UA.ts";"MapSettings";"Custom Map URL";"";"TODO";"../src/UI/AppSettings/MapSettings.qml:206";"";"";"no"
"UI-1842";"qgc_source_uk_UA.ts";"MapSettings";"URL with {x} {y} {z} or {zoom} substitutions";"";"TODO";"../src/UI/AppSettings/MapSettings.qml:207";"";"";"no"
"UI-1843";"qgc_source_uk_UA.ts";"MapSettings";"Server URL";"";"TODO";"../src/UI/AppSettings/MapSettings.qml:211";"";"";"no"
"UI-1844";"qgc_source_uk_UA.ts";"MapSettings";"Tile Cache";"";"TODO";"../src/UI/AppSettings/MapSettings.qml:218";"";"";"no"
"UI-1845";"qgc_source_uk_UA.ts";"MapSettings";"Tile Sets (*.%1)";"";"TODO";"../src/UI/AppSettings/MapSettings.qml:232";"";"";"no"
"UI-1846";"qgc_source_uk_UA.ts";"MapSettings";"Export Selected Tile Sets";"";"TODO";"../src/UI/AppSettings/MapSettings.qml:250";"";"";"no"
"UI-1847";"qgc_source_uk_UA.ts";"MapSettings";"Export Tiles";"";"TODO";"../src/UI/AppSettings/MapSettings.qml:255";"";"";"no"
"UI-1848";"qgc_source_uk_UA.ts";"MapSettings";"Import TileSets";"";"TODO";"../src/UI/AppSettings/MapSettings.qml:279";"";"";"no"
"UI-1849";"qgc_source_uk_UA.ts";"MapSettings";"Import Tiles";"";"TODO";"../src/UI/AppSettings/MapSettings.qml:284";"";"";"no"
"UI-1850";"qgc_source_uk_UA.ts";"MapSettings";"Append to existing sets";"";"TODO";"../src/UI/AppSettings/MapSettings.qml:292";"";"";"no"
"UI-1851";"qgc_source_uk_UA.ts";"MapSettings";"Replace existing sets";"";"TODO";"../src/UI/AppSettings/MapSettings.qml:297";"";"";"no"
"UI-1852";"qgc_source_uk_UA.ts";"MapSettings";"Error Message";"";"TODO";"../src/UI/AppSettings/MapSettings.qml:309";"";"";"no"
"UI-1853";"qgc_source_uk_UA.ts";"MavlinkActionManager";"Failed to load custom actions file: `%1` error: `%2`";"";"TODO";"../src/QmlControls/MavlinkActionManager.cc:82";"";"";"no"
"UI-1854";"qgc_source_uk_UA.ts";"MavlinkActionManager";"Custom actions file - incorrect format: %1";"";"TODO";"../src/QmlControls/MavlinkActionManager.cc:90 | ../src/QmlControls/MavlinkActionManager.cc:119";"";"";"no"
"UI-1855";"qgc_source_uk_UA.ts";"MavlinkActionManager";"Custom actions file - incorrect format: JsonValue not an object";"";"TODO";"../src/QmlControls/MavlinkActionManager.cc:97";"";"";"no"
"UI-1856";"qgc_source_uk_UA.ts";"MavlinkActionsSettings";"Support for Fly View custom actions has changed. The location of the files has changed. You will need to setup up your settings again from Fly View Settings.";"";"TODO";"../src/Settings/MavlinkActionsSettings.cc:29";"";"";"no"
"UI-1857";"qgc_source_uk_UA.ts";"MavlinkActionsSettings";"Support for Joystick custom actions has changed. The format and location of the files has changed. New setting is available from Fly View Settings. File format is documented in user guide. Delete the %1 file to disable this warning";"";"TODO";"../src/Settings/MavlinkActionsSettings.cc:35";"";"";"no"
"UI-1858";"qgc_source_uk_UA.ts";"MissionCommandDialog";"Select Mission Command";"";"TODO";"../src/QmlControls/MissionCommandDialog.qml:23";"";"";"no"
"UI-1859";"qgc_source_uk_UA.ts";"MissionCommandDialog";"Category:";"";"TODO";"../src/QmlControls/MissionCommandDialog.qml:36";"";"";"no"
"UI-1860";"qgc_source_uk_UA.ts";"MissionCommandTree";"All commands";"";"TODO";"../src/MissionManager/MissionCommandTree.h:93";"";"";"no"
"UI-1861";"qgc_source_uk_UA.ts";"MissionController";"Mission item %1 is not an object";"";"TODO";"../src/MissionManager/MissionController.cc:793";"";"";"no"
"UI-1862";"qgc_source_uk_UA.ts";"MissionController";"Unsupported complex item type: %1";"";"TODO";"../src/MissionManager/MissionController.cc:879";"";"";"no"
"UI-1863";"qgc_source_uk_UA.ts";"MissionController";"Unknown item type: %1";"";"TODO";"../src/MissionManager/MissionController.cc:882";"";"";"no"
"UI-1864";"qgc_source_uk_UA.ts";"MissionController";"Could not find doJumpId: %1";"";"TODO";"../src/MissionManager/MissionController.cc:905";"";"";"no"
"UI-1865";"qgc_source_uk_UA.ts";"MissionController";"The mission file is corrupted.";"";"TODO";"../src/MissionManager/MissionController.cc:978";"";"";"no"
"UI-1866";"qgc_source_uk_UA.ts";"MissionController";"The mission file is not compatible with this version of %1.";"";"TODO";"../src/MissionManager/MissionController.cc:983";"";"";"no"
"UI-1867";"qgc_source_uk_UA.ts";"MissionController";"Mission: %1";"";"TODO";"../src/MissionManager/MissionController.cc:1031 | ../src/MissionManager/MissionController.cc:1046 | ../src/MissionManager/MissionController.cc:1070";"";"";"no"
"UI-1868";"qgc_source_uk_UA.ts";"MissionItem";"Type found: %1 must be: %2";"";"TODO";"../src/MissionManager/MissionItem.cc:270";"";"";"no"
"UI-1869";"qgc_source_uk_UA.ts";"MissionItem";"%1 key must contains 7 values";"";"TODO";"../src/MissionManager/MissionItem.cc:276";"";"";"no"
"UI-1870";"qgc_source_uk_UA.ts";"MissionItem";"Param %1 incorrect type %2, must be double or null";"";"TODO";"../src/MissionManager/MissionItem.cc:282";"";"";"no"
"UI-1871";"qgc_source_uk_UA.ts";"MissionItemEditor";"?";"";"TODO";"../src/QmlControls/MissionItemEditor.qml:102";"";"Indicator in Plan view to show mission item is not ready for save/send";"no"
"UI-1872";"qgc_source_uk_UA.ts";"MissionItemEditor";"Move to vehicle position";"";"TODO";"../src/QmlControls/MissionItemEditor.qml:196";"";"";"no"
"UI-1873";"qgc_source_uk_UA.ts";"MissionItemEditor";"Move to previous item position";"";"TODO";"../src/QmlControls/MissionItemEditor.qml:209";"";"";"no"
"UI-1874";"qgc_source_uk_UA.ts";"MissionItemEditor";"Edit position...";"";"TODO";"../src/QmlControls/MissionItemEditor.qml:219";"";"";"no"
"UI-1875";"qgc_source_uk_UA.ts";"MissionItemEditor";"Show all values";"";"TODO";"../src/QmlControls/MissionItemEditor.qml:235";"";"";"no"
"UI-1876";"qgc_source_uk_UA.ts";"MissionItemEditor";"Mission Edit";"";"TODO";"../src/QmlControls/MissionItemEditor.qml:245";"";"";"no"
"UI-1877";"qgc_source_uk_UA.ts";"MissionItemEditor";"You have made changes to the mission item which cannot be shown in Simple Mode";"";"TODO";"../src/QmlControls/MissionItemEditor.qml:245";"";"";"no"
"UI-1878";"qgc_source_uk_UA.ts";"MissionItemEditor";"Item #%1";"";"TODO";"../src/QmlControls/MissionItemEditor.qml:258";"";"";"no"
"UI-1879";"qgc_source_uk_UA.ts";"MissionItemStatus";"Terrain Altitude";"";"TODO";"../src/QmlControls/MissionItemStatus.qml:46";"";"";"no"
"UI-1880";"qgc_source_uk_UA.ts";"MissionManager";"Unable to generate resume mission due to MAV_CMD_DO_JUMP command.";"";"TODO";"../src/MissionManager/MissionManager.cc:112";"";"";"no"
"UI-1881";"qgc_source_uk_UA.ts";"MissionSettingsEditor";"Firmware";"";"TODO";"../src/QmlControls/MissionSettingsEditor.qml:42";"";"";"no"
"UI-1882";"qgc_source_uk_UA.ts";"MissionSettingsEditor";"Vehicle";"";"TODO";"../src/QmlControls/MissionSettingsEditor.qml:43";"";"";"no"
"UI-1883";"qgc_source_uk_UA.ts";"MissionSettingsEditor";"Flight speed";"";"TODO";"../src/QmlControls/MissionSettingsEditor.qml:131";"";"";"no"
"UI-1884";"qgc_source_uk_UA.ts";"MissionSettingsEditor";"Above camera commands will take affect immediately upon mission start.";"";"TODO";"../src/QmlControls/MissionSettingsEditor.qml:158";"";"";"no"
"UI-1885";"qgc_source_uk_UA.ts";"MissionSettingsEditor";"Launch Position";"";"TODO";"../src/QmlControls/MissionSettingsEditor.qml:251";"";"";"no"
"UI-1886";"qgc_source_uk_UA.ts";"MissionSettingsEditor";"Set To Map Center";"";"TODO";"../src/QmlControls/MissionSettingsEditor.qml:287";"";"";"no"
"UI-1887";"qgc_source_uk_UA.ts";"MissionSettingsEditor";"Vehicle Info";"";"TODO";"../src/QmlControls/MissionSettingsEditor.qml:169";"";"";"no"
"UI-1888";"qgc_source_uk_UA.ts";"MissionSettingsEditor";"All Altitudes";"";"TODO";"../src/QmlControls/MissionSettingsEditor.qml:68";"";"";"no"
"UI-1889";"qgc_source_uk_UA.ts";"MissionSettingsEditor";"Initial Waypoint Alt";"";"TODO";"../src/QmlControls/MissionSettingsEditor.qml:115";"";"";"no"
"UI-1890";"qgc_source_uk_UA.ts";"MissionSettingsEditor";"The following speed values are used to calculate total mission time. They do not affect the flight speed for the mission.";"";"TODO";"../src/QmlControls/MissionSettingsEditor.qml:220";"";"";"no"
"UI-1891";"qgc_source_uk_UA.ts";"MissionSettingsEditor";"Cruise speed";"";"TODO";"../src/QmlControls/MissionSettingsEditor.qml:225";"";"";"no"
"UI-1892";"qgc_source_uk_UA.ts";"MissionSettingsEditor";"Hover speed";"";"TODO";"../src/QmlControls/MissionSettingsEditor.qml:236";"";"";"no"
"UI-1893";"qgc_source_uk_UA.ts";"MissionSettingsEditor";"Altitude";"";"TODO";"../src/QmlControls/MissionSettingsEditor.qml:270";"";"";"no"
"UI-1894";"qgc_source_uk_UA.ts";"MissionSettingsEditor";"Actual position set by vehicle at flight time.";"";"TODO";"../src/QmlControls/MissionSettingsEditor.qml:282";"";"";"no"
"UI-1895";"qgc_source_uk_UA.ts";"MissionSettingsItem";"L";"";"TODO";"../src/MissionManager/MissionSettingsItem.cc:287";"";"";"no"
"UI-1896";"qgc_source_uk_UA.ts";"MissionSettingsItem";"Launch";"";"TODO";"../src/MissionManager/MissionSettingsItem.cc:287";"";"";"no"
"UI-1897";"qgc_source_uk_UA.ts";"MissionSettingsItem";"Mission Start";"";"TODO";"../src/MissionManager/MissionSettingsItem.h:75 | ../src/MissionManager/MissionSettingsItem.h:76";"";"";"no"
"UI-1898";"qgc_source_uk_UA.ts";"Mixer::ChannelConfigInstanceVirtualAxis";"Custom";"";"TODO";"../src/Vehicle/Actuators/Mixer.cc:111";"";"";"no"
"UI-1899";"qgc_source_uk_UA.ts";"Mixer::ChannelConfigInstanceVirtualAxis";"Upwards";"";"TODO";"../src/Vehicle/Actuators/Mixer.cc:111";"";"";"no"
"UI-1900";"qgc_source_uk_UA.ts";"Mixer::ChannelConfigInstanceVirtualAxis";"Downwards";"";"TODO";"../src/Vehicle/Actuators/Mixer.cc:111";"";"";"no"
"UI-1901";"qgc_source_uk_UA.ts";"Mixer::ChannelConfigInstanceVirtualAxis";"Forwards";"";"TODO";"../src/Vehicle/Actuators/Mixer.cc:111";"";"";"no"
"UI-1902";"qgc_source_uk_UA.ts";"Mixer::ChannelConfigInstanceVirtualAxis";"Backwards";"";"TODO";"../src/Vehicle/Actuators/Mixer.cc:111";"";"";"no"
"UI-1903";"qgc_source_uk_UA.ts";"Mixer::ChannelConfigInstanceVirtualAxis";"Leftwards";"";"TODO";"../src/Vehicle/Actuators/Mixer.cc:112";"";"";"no"
"UI-1904";"qgc_source_uk_UA.ts";"Mixer::ChannelConfigInstanceVirtualAxis";"Rightwards";"";"TODO";"../src/Vehicle/Actuators/Mixer.cc:112";"";"";"no"
"UI-1905";"qgc_source_uk_UA.ts";"Mixer::Mixers";"Axis";"";"TODO";"../src/Vehicle/Actuators/Mixer.cc:489";"";"";"no"
"UI-1906";"qgc_source_uk_UA.ts";"MockConfiguration";"Mock Link Settings";"";"TODO";"../src/Comms/MockLink/MockConfiguration.h:37";"";"";"no"
"UI-1907";"qgc_source_uk_UA.ts";"MockLink";"Send status text + voice";"";"TODO";"../src/UI/AppSettings/MockLink.qml:43";"";"";"no"
"UI-1908";"qgc_source_uk_UA.ts";"MockLink";"PX4 Vehicle";"";"TODO";"../src/UI/AppSettings/MockLink.qml:46";"";"";"no"
"UI-1909";"qgc_source_uk_UA.ts";"MockLink";"APM ArduCopter Vehicle";"";"TODO";"../src/UI/AppSettings/MockLink.qml:51";"";"";"no"
"UI-1910";"qgc_source_uk_UA.ts";"MockLink";"APM ArduPlane Vehicle";"";"TODO";"../src/UI/AppSettings/MockLink.qml:57";"";"";"no"
"UI-1911";"qgc_source_uk_UA.ts";"MockLink";"APM ArduSub Vehicle";"";"TODO";"../src/UI/AppSettings/MockLink.qml:63";"";"";"no"
"UI-1912";"qgc_source_uk_UA.ts";"MockLink";"APM ArduRover Vehicle";"";"TODO";"../src/UI/AppSettings/MockLink.qml:69";"";"";"no"
"UI-1913";"qgc_source_uk_UA.ts";"MockLink";"Generic Vehicle";"";"TODO";"../src/UI/AppSettings/MockLink.qml:75";"";"";"no"
"UI-1914";"qgc_source_uk_UA.ts";"MockLink";"Stop One MockLink";"";"TODO";"../src/UI/AppSettings/MockLink.qml:80";"";"";"no"
"UI-1915";"qgc_source_uk_UA.ts";"MockLinkSettings";"Send Status Text and Voice";"";"TODO";"../src/UI/AppSettings/MockLinkSettings.qml:73";"";"";"no"
"UI-1916";"qgc_source_uk_UA.ts";"MockLinkSettings";"Increment Vehicle Id";"";"TODO";"../src/UI/AppSettings/MockLinkSettings.qml:80";"";"";"no"
"UI-1917";"qgc_source_uk_UA.ts";"MockLinkSettings";"Firmware";"";"TODO";"../src/UI/AppSettings/MockLinkSettings.qml:84";"";"";"no"
"UI-1918";"qgc_source_uk_UA.ts";"MockLinkSettings";"PX4 Pro";"";"TODO";"../src/UI/AppSettings/MockLinkSettings.qml:88";"";"";"no"
"UI-1919";"qgc_source_uk_UA.ts";"MockLinkSettings";"ArduPilot";"";"TODO";"../src/UI/AppSettings/MockLinkSettings.qml:88";"";"";"no"
"UI-1920";"qgc_source_uk_UA.ts";"MockLinkSettings";"Generic MAVLink";"";"TODO";"../src/UI/AppSettings/MockLinkSettings.qml:88";"";"";"no"
"UI-1921";"qgc_source_uk_UA.ts";"MockLinkSettings";"Vehicle Type";"";"TODO";"../src/UI/AppSettings/MockLinkSettings.qml:94";"";"";"no"
"UI-1922";"qgc_source_uk_UA.ts";"MockLinkSettings";"ArduCopter";"";"TODO";"../src/UI/AppSettings/MockLinkSettings.qml:100";"";"";"no"
"UI-1923";"qgc_source_uk_UA.ts";"MockLinkSettings";"ArduPlane";"";"TODO";"../src/UI/AppSettings/MockLinkSettings.qml:100";"";"";"no"
"UI-1924";"qgc_source_uk_UA.ts";"MotorAssignment";"<br />No motors are assigned yet.
By saying yes, all motors will be assigned to the first %1 channels of the selected output (%2)
 (you can also first assign all motors, then start the identification).<br />";"";"TODO";"../src/Vehicle/Actuators/MotorAssignment.cc:75";"";"";"no"
"UI-1925";"qgc_source_uk_UA.ts";"MotorAssignment";"<br />Motors are currently assigned to a different output.
By saying yes, all motors will be reassigned to the first %1 channels of the selected output (%2).<br />";"";"TODO";"../src/Vehicle/Actuators/MotorAssignment.cc:82";"";"";"no"
"UI-1926";"qgc_source_uk_UA.ts";"MotorAssignment";"Not all motors are assigned yet. Either clear all existing assignments or assign all motors to an output.";"";"TODO";"../src/Vehicle/Actuators/MotorAssignment.cc:88";"";"";"no"
"UI-1927";"qgc_source_uk_UA.ts";"MotorAssignment";"This will automatically spin individual motors at 15% thrust.<br /><br />
<b>Warning: Only proceed if you removed all propellers</b>.<br />
%1
<br />
The procedure is as following:<br />
- After confirming, the first motor starts to spin for 0.5 seconds.<br />
- Then click on the motor that was spinning.<br />
- The above steps are repeated for all motors.<br />
- The motor output functions will automatically be reassigned by the selected order.<br />
<br />
Do you wish to proceed?";"";"TODO";"../src/Vehicle/Actuators/MotorAssignment.cc:93";"";"";"no"
"UI-1928";"qgc_source_uk_UA.ts";"MotorAssignment";"Actuator test command failed";"";"TODO";"../src/Vehicle/Actuators/MotorAssignment.cc:211";"";"";"no"
"UI-1929";"qgc_source_uk_UA.ts";"MotorComponent";"Warning: Unable to determine motor count";"";"TODO";"../src/AutoPilotPlugins/Common/MotorComponent.qml:50";"";"";"no"
"UI-1930";"qgc_source_uk_UA.ts";"MotorComponent";"Throttle";"";"TODO";"../src/AutoPilotPlugins/Common/MotorComponent.qml:63";"";"";"no"
"UI-1931";"qgc_source_uk_UA.ts";"MotorComponent";"%";"";"TODO";"../src/AutoPilotPlugins/Common/MotorComponent.qml:68";"";"";"no"
"UI-1932";"qgc_source_uk_UA.ts";"MotorComponent";"Make sure you remove all props.";"";"TODO";"../src/AutoPilotPlugins/Common/MotorComponent.qml:76";"";"";"no"
"UI-1933";"qgc_source_uk_UA.ts";"MotorComponent";"All";"";"TODO";"../src/AutoPilotPlugins/Common/MotorComponent.qml:100";"";"";"no"
"UI-1934";"qgc_source_uk_UA.ts";"MotorComponent";"Stop";"";"TODO";"../src/AutoPilotPlugins/Common/MotorComponent.qml:110";"";"";"no"
"UI-1935";"qgc_source_uk_UA.ts";"MotorComponent";"Careful : Motors are enabled";"";"TODO";"../src/AutoPilotPlugins/Common/MotorComponent.qml:134";"";"";"no"
"UI-1936";"qgc_source_uk_UA.ts";"MotorComponent";"Propellers are removed - Enable slider and motors";"";"TODO";"../src/AutoPilotPlugins/Common/MotorComponent.qml:134";"";"";"no"
"UI-1937";"qgc_source_uk_UA.ts";"MotorComponent";"Motors";"";"TODO";"../src/AutoPilotPlugins/Common/MotorComponent.cc:14";"";"";"no"
"UI-1938";"qgc_source_uk_UA.ts";"MotorComponent";"Motors Setup is used to manually test motor control and direction.";"";"TODO";"../src/AutoPilotPlugins/Common/MotorComponent.h:23";"";"";"no"
"UI-1939";"qgc_source_uk_UA.ts";"MultiRotorChecklist";"Multirotor Initial Checks";"";"TODO";"../src/FlightDisplay/MultiRotorChecklist.qml:25";"";"";"no"
"UI-1940";"qgc_source_uk_UA.ts";"MultiRotorChecklist";"Hardware";"";"TODO";"../src/FlightDisplay/MultiRotorChecklist.qml:28";"";"";"no"
"UI-1941";"qgc_source_uk_UA.ts";"MultiRotorChecklist";"Props mounted and secured?";"";"TODO";"../src/FlightDisplay/MultiRotorChecklist.qml:29";"";"";"no"
"UI-1942";"qgc_source_uk_UA.ts";"MultiRotorChecklist";"Please arm the vehicle here";"";"TODO";"../src/FlightDisplay/MultiRotorChecklist.qml:50";"";"";"no"
"UI-1943";"qgc_source_uk_UA.ts";"MultiRotorChecklist";"Motors";"";"TODO";"../src/FlightDisplay/MultiRotorChecklist.qml:53";"";"";"no"
"UI-1944";"qgc_source_uk_UA.ts";"MultiRotorChecklist";"Propellers free? Then throttle up gently. Working properly?";"";"TODO";"../src/FlightDisplay/MultiRotorChecklist.qml:54";"";"";"no"
"UI-1945";"qgc_source_uk_UA.ts";"MultiRotorChecklist";"Mission";"";"TODO";"../src/FlightDisplay/MultiRotorChecklist.qml:58";"";"";"no"
"UI-1946";"qgc_source_uk_UA.ts";"MultiRotorChecklist";"Please confirm mission is valid (waypoints valid, no terrain collision).";"";"TODO";"../src/FlightDisplay/MultiRotorChecklist.qml:59";"";"";"no"
"UI-1947";"qgc_source_uk_UA.ts";"MultiRotorChecklist";"Last preparations before launch";"";"TODO";"../src/FlightDisplay/MultiRotorChecklist.qml:67";"";"";"no"
"UI-1948";"qgc_source_uk_UA.ts";"MultiRotorChecklist";"Payload";"";"TODO";"../src/FlightDisplay/MultiRotorChecklist.qml:71";"";"";"no"
"UI-1949";"qgc_source_uk_UA.ts";"MultiRotorChecklist";"Configured and started? Payload lid closed?";"";"TODO";"../src/FlightDisplay/MultiRotorChecklist.qml:72";"";"";"no"
"UI-1950";"qgc_source_uk_UA.ts";"MultiRotorChecklist";"Wind & weather";"";"TODO";"../src/FlightDisplay/MultiRotorChecklist.qml:76";"";"";"no"
"UI-1951";"qgc_source_uk_UA.ts";"MultiRotorChecklist";"OK for your platform?";"";"TODO";"../src/FlightDisplay/MultiRotorChecklist.qml:77";"";"";"no"
"UI-1952";"qgc_source_uk_UA.ts";"MultiRotorChecklist";"Flight area";"";"TODO";"../src/FlightDisplay/MultiRotorChecklist.qml:81";"";"";"no"
"UI-1953";"qgc_source_uk_UA.ts";"MultiRotorChecklist";"Launch area and path free of obstacles/people?";"";"TODO";"../src/FlightDisplay/MultiRotorChecklist.qml:82";"";"";"no"
"UI-1954";"qgc_source_uk_UA.ts";"MultiVehicleList";"Armed";"";"TODO";"../src/FlightDisplay/MultiVehicleList.qml:198";"";"";"no"
"UI-1955";"qgc_source_uk_UA.ts";"MultiVehicleList";"Disarmed";"";"TODO";"../src/FlightDisplay/MultiVehicleList.qml:198";"";"";"no"
"UI-1956";"qgc_source_uk_UA.ts";"MultiVehicleManager";"Warning: A vehicle is using the same system id as %1: %2";"";"TODO";"../src/Vehicle/MultiVehicleManager.cc:141";"";"";"no"
"UI-1957";"qgc_source_uk_UA.ts";"MultiVehicleManager";"Connected to Vehicle %1";"";"TODO";"../src/Vehicle/MultiVehicleManager.cc:159";"";"";"no"
"UI-1958";"qgc_source_uk_UA.ts";"MultiVehicleSelector";"Vehicle";"";"TODO";"../src/UI/toolbar/MultiVehicleSelector.qml:52 | ../src/UI/toolbar/MultiVehicleSelector.qml:113";"";"";"no"
"UI-1959";"qgc_source_uk_UA.ts";"MultiVehicleSelector";"N/A";"";"TODO";"../src/UI/toolbar/MultiVehicleSelector.qml:52";"";"";"no"
"UI-1960";"qgc_source_uk_UA.ts";"MultiVehicleSelector";"Enable Multi-Vehicle Panel";"";"TODO";"../src/UI/toolbar/MultiVehicleSelector.qml:97";"";"";"no"
"UI-1961";"qgc_source_uk_UA.ts";"OfflineMapEditor";"System Wide Tile Cache";"";"TODO";"../src/QmlControls/OfflineMapEditor.qml:252";"";"";"no"
"UI-1962";"qgc_source_uk_UA.ts";"OfflineMapEditor";"Zoom Levels:";"";"TODO";"../src/QmlControls/OfflineMapEditor.qml:265";"";"";"no"
"UI-1963";"qgc_source_uk_UA.ts";"OfflineMapEditor";"Total:";"";"TODO";"../src/QmlControls/OfflineMapEditor.qml:272";"";"";"no"
"UI-1964";"qgc_source_uk_UA.ts";"OfflineMapEditor";"Unique:";"";"TODO";"../src/QmlControls/OfflineMapEditor.qml:279";"";"";"no"
"UI-1965";"qgc_source_uk_UA.ts";"OfflineMapEditor";"Downloaded:";"";"TODO";"../src/QmlControls/OfflineMapEditor.qml:287";"";"";"no"
"UI-1966";"qgc_source_uk_UA.ts";"OfflineMapEditor";"Error Count:";"";"TODO";"../src/QmlControls/OfflineMapEditor.qml:294";"";"";"no"
"UI-1967";"qgc_source_uk_UA.ts";"OfflineMapEditor";"Size:";"";"TODO";"../src/QmlControls/OfflineMapEditor.qml:302";"";"";"no"
"UI-1968";"qgc_source_uk_UA.ts";"OfflineMapEditor";"Tile Count:";"";"TODO";"../src/QmlControls/OfflineMapEditor.qml:309 | ../src/QmlControls/OfflineMapEditor.qml:673";"";"";"no"
"UI-1969";"qgc_source_uk_UA.ts";"OfflineMapEditor";"Resume Download";"";"TODO";"../src/QmlControls/OfflineMapEditor.qml:316";"";"";"no"
"UI-1970";"qgc_source_uk_UA.ts";"OfflineMapEditor";"Cancel Download";"";"TODO";"../src/QmlControls/OfflineMapEditor.qml:325";"";"";"no"
"UI-1971";"qgc_source_uk_UA.ts";"OfflineMapEditor";"Delete";"";"TODO";"../src/QmlControls/OfflineMapEditor.qml:334";"";"";"no"
"UI-1972";"qgc_source_uk_UA.ts";"OfflineMapEditor";"Ok";"";"TODO";"../src/QmlControls/OfflineMapEditor.qml:340";"";"";"no"
"UI-1973";"qgc_source_uk_UA.ts";"OfflineMapEditor";"Close";"";"TODO";"../src/QmlControls/OfflineMapEditor.qml:352";"";"";"no"
"UI-1974";"qgc_source_uk_UA.ts";"OfflineMapEditor";"Cancel";"";"TODO";"../src/QmlControls/OfflineMapEditor.qml:352 | ../src/QmlControls/OfflineMapEditor.qml:718";"";"";"no"
"UI-1975";"qgc_source_uk_UA.ts";"OfflineMapEditor";"Show zoom previews";"";"TODO";"../src/QmlControls/OfflineMapEditor.qml:378";"";"";"no"
"UI-1976";"qgc_source_uk_UA.ts";"OfflineMapEditor";"Min Zoom: %1";"";"TODO";"../src/QmlControls/OfflineMapEditor.qml:413";"";"";"no"
"UI-1977";"qgc_source_uk_UA.ts";"OfflineMapEditor";"Max Zoom: %1";"";"TODO";"../src/QmlControls/OfflineMapEditor.qml:452";"";"";"no"
"UI-1978";"qgc_source_uk_UA.ts";"OfflineMapEditor";"Add New Set";"";"TODO";"../src/QmlControls/OfflineMapEditor.qml:483";"";"";"no"
"UI-1979";"qgc_source_uk_UA.ts";"OfflineMapEditor";"Name:";"";"TODO";"../src/QmlControls/OfflineMapEditor.qml:511";"";"";"no"
"UI-1980";"qgc_source_uk_UA.ts";"OfflineMapEditor";"Map type:";"";"TODO";"../src/QmlControls/OfflineMapEditor.qml:529";"";"";"no"
"UI-1981";"qgc_source_uk_UA.ts";"OfflineMapEditor";"Fetch elevation data";"";"TODO";"../src/QmlControls/OfflineMapEditor.qml:552";"";"";"no"
"UI-1982";"qgc_source_uk_UA.ts";"OfflineMapEditor";"Min/Max Zoom Levels";"";"TODO";"../src/QmlControls/OfflineMapEditor.qml:578";"";"";"no"
"UI-1983";"qgc_source_uk_UA.ts";"OfflineMapEditor";"Est Size:";"";"TODO";"../src/QmlControls/OfflineMapEditor.qml:682";"";"";"no"
"UI-1984";"qgc_source_uk_UA.ts";"OfflineMapEditor";"Too many tiles";"";"TODO";"../src/QmlControls/OfflineMapEditor.qml:694";"";"";"no"
"UI-1985";"qgc_source_uk_UA.ts";"OfflineMapEditor";"Download";"";"TODO";"../src/QmlControls/OfflineMapEditor.qml:705";"";"";"no"
"UI-1986";"qgc_source_uk_UA.ts";"OfflineMapEditor";"Error Message";"";"TODO";"../src/QmlControls/OfflineMapEditor.qml:745";"";"";"no"
"UI-1987";"qgc_source_uk_UA.ts";"OfflineMapEditor";"Confirm Delete";"";"TODO";"../src/QmlControls/OfflineMapEditor.qml:755";"";"";"no"
"UI-1988";"qgc_source_uk_UA.ts";"OfflineMapEditor";"This will delete all tiles INCLUDING the tile sets you have created yourself.

Is this really what you want?";"";"TODO";"../src/QmlControls/OfflineMapEditor.qml:757";"";"";"no"
"UI-1989";"qgc_source_uk_UA.ts";"OfflineMapEditor";"Delete %1 and all its tiles.

Is this really what you want?";"";"TODO";"../src/QmlControls/OfflineMapEditor.qml:758";"";"";"no"
"UI-1990";"qgc_source_uk_UA.ts";"OfflineMapInfo";"Edit";"";"TODO";"../src/QmlControls/OfflineMapInfo.qml:47";"";"";"no"
"UI-1991";"qgc_source_uk_UA.ts";"OfflineVehicleFirstRunPrompt";"Vehicle Information";"";"TODO";"../src/FirstRunPromptDialogs/OfflineVehicleFirstRunPrompt.qml:21";"";"";"no"
"UI-1992";"qgc_source_uk_UA.ts";"OfflineVehicleFirstRunPrompt";"Specify information about the vehicle you plan to fly. If you are unsure of the correct values leave them as is.";"";"TODO";"../src/FirstRunPromptDialogs/OfflineVehicleFirstRunPrompt.qml:36";"";"";"no"
"UI-1993";"qgc_source_uk_UA.ts";"OfflineVehicleFirstRunPrompt";"Firmware";"";"TODO";"../src/FirstRunPromptDialogs/OfflineVehicleFirstRunPrompt.qml:56";"";"";"no"
"UI-1994";"qgc_source_uk_UA.ts";"OfflineVehicleFirstRunPrompt";"Vehicle";"";"TODO";"../src/FirstRunPromptDialogs/OfflineVehicleFirstRunPrompt.qml:68";"";"";"no"
"UI-1995";"qgc_source_uk_UA.ts";"OpticalFlowSensor";"Optical Flow Camera";"";"TODO";"../src/Vehicle/VehicleSetup/OpticalFlowSensor.qml:21";"";"";"no"
"UI-1996";"qgc_source_uk_UA.ts";"PIDTuning";"Select Tuning:";"";"TODO";"../src/QmlControls/PIDTuning.qml:334";"";"";"no"
"UI-1997";"qgc_source_uk_UA.ts";"PIDTuning";"Clipboard Values:";"";"TODO";"../src/QmlControls/PIDTuning.qml:360";"";"";"no"
"UI-1998";"qgc_source_uk_UA.ts";"PIDTuning";"Save To Clipboard";"";"TODO";"../src/QmlControls/PIDTuning.qml:386";"";"";"no"
"UI-1999";"qgc_source_uk_UA.ts";"PIDTuning";"Restore From Clipboard";"";"TODO";"../src/QmlControls/PIDTuning.qml:391";"";"";"no"
"UI-2000";"qgc_source_uk_UA.ts";"PIDTuning";"Clear";"";"TODO";"../src/QmlControls/PIDTuning.qml:251";"";"";"no"
"UI-2001";"qgc_source_uk_UA.ts";"PIDTuning";"sec";"";"TODO";"../src/QmlControls/PIDTuning.qml:122";"";"";"no"
"UI-2002";"qgc_source_uk_UA.ts";"PIDTuning";"Stop";"";"TODO";"../src/QmlControls/PIDTuning.qml:256";"";"";"no"
"UI-2003";"qgc_source_uk_UA.ts";"PIDTuning";"Start";"";"TODO";"../src/QmlControls/PIDTuning.qml:256";"";"";"no"
"UI-2004";"qgc_source_uk_UA.ts";"PIDTuning";"Automatic Flight Mode Switching";"";"TODO";"../src/QmlControls/PIDTuning.qml:279";"";"";"no"
"UI-2005";"qgc_source_uk_UA.ts";"PIDTuning";"Switches to 'Stabilized' when you click Start.";"";"TODO";"../src/QmlControls/PIDTuning.qml:289";"";"";"no"
"UI-2006";"qgc_source_uk_UA.ts";"PIDTuning";"Switches to '%1' when you click Stop.";"";"TODO";"../src/QmlControls/PIDTuning.qml:294";"";"";"no"
"UI-2007";"qgc_source_uk_UA.ts";"PIDTuning";"Use auto-tuning";"";"TODO";"../src/QmlControls/PIDTuning.qml:310";"";"";"no"
"UI-2008";"qgc_source_uk_UA.ts";"PIDTuning";"Use manual tuning";"";"TODO";"../src/QmlControls/PIDTuning.qml:316";"";"";"no"
"UI-2009";"qgc_source_uk_UA.ts";"PX4AutoPilotPlugin";"Warning: Hardware In The Loop (HITL) simulation is enabled for this vehicle.";"";"TODO";"../src/AutoPilotPlugins/PX4/PX4AutoPilotPlugin.cc:147";"";"";"no"
"UI-2010";"qgc_source_uk_UA.ts";"PX4BatteryIndicator";"Low Battery Failsafe";"";"TODO";"../src/FirmwarePlugin/PX4/PX4BatteryIndicator.qml:28";"";"";"no"
"UI-2011";"qgc_source_uk_UA.ts";"PX4BatteryIndicator";"Vehicle Action";"";"TODO";"../src/FirmwarePlugin/PX4/PX4BatteryIndicator.qml:33";"";"";"no"
"UI-2012";"qgc_source_uk_UA.ts";"PX4BatteryIndicator";"Warning Level";"";"TODO";"../src/FirmwarePlugin/PX4/PX4BatteryIndicator.qml:40";"";"";"no"
"UI-2013";"qgc_source_uk_UA.ts";"PX4BatteryIndicator";"Critical Level";"";"TODO";"../src/FirmwarePlugin/PX4/PX4BatteryIndicator.qml:47";"";"";"no"
"UI-2014";"qgc_source_uk_UA.ts";"PX4BatteryIndicator";"Emergency Level";"";"TODO";"../src/FirmwarePlugin/PX4/PX4BatteryIndicator.qml:54";"";"";"no"
"UI-2015";"qgc_source_uk_UA.ts";"PX4FirmwarePlugin";"Manual";"";"TODO";"../src/FirmwarePlugin/PX4/PX4FirmwarePlugin.cc:35";"";"";"no"
"UI-2016";"qgc_source_uk_UA.ts";"PX4FirmwarePlugin";"Acro";"";"TODO";"../src/FirmwarePlugin/PX4/PX4FirmwarePlugin.cc:36";"";"";"no"
"UI-2017";"qgc_source_uk_UA.ts";"PX4FirmwarePlugin";"Stabilized";"";"TODO";"../src/FirmwarePlugin/PX4/PX4FirmwarePlugin.cc:37";"";"";"no"
"UI-2018";"qgc_source_uk_UA.ts";"PX4FirmwarePlugin";"Rattitude";"";"TODO";"../src/FirmwarePlugin/PX4/PX4FirmwarePlugin.cc:38";"";"";"no"
"UI-2019";"qgc_source_uk_UA.ts";"PX4FirmwarePlugin";"Altitude";"";"TODO";"../src/FirmwarePlugin/PX4/PX4FirmwarePlugin.cc:39";"";"";"no"
"UI-2020";"qgc_source_uk_UA.ts";"PX4FirmwarePlugin";"Position";"";"TODO";"../src/FirmwarePlugin/PX4/PX4FirmwarePlugin.cc:40";"";"";"no"
"UI-2021";"qgc_source_uk_UA.ts";"PX4FirmwarePlugin";"Offboard";"";"TODO";"../src/FirmwarePlugin/PX4/PX4FirmwarePlugin.cc:41";"";"";"no"
"UI-2022";"qgc_source_uk_UA.ts";"PX4FirmwarePlugin";"Ready";"";"TODO";"../src/FirmwarePlugin/PX4/PX4FirmwarePlugin.cc:42";"";"";"no"
"UI-2023";"qgc_source_uk_UA.ts";"PX4FirmwarePlugin";"Takeoff";"";"TODO";"../src/FirmwarePlugin/PX4/PX4FirmwarePlugin.cc:43";"";"";"no"
"UI-2024";"qgc_source_uk_UA.ts";"PX4FirmwarePlugin";"Hold";"";"TODO";"../src/FirmwarePlugin/PX4/PX4FirmwarePlugin.cc:44";"";"";"no"
"UI-2025";"qgc_source_uk_UA.ts";"PX4FirmwarePlugin";"Mission";"";"TODO";"../src/FirmwarePlugin/PX4/PX4FirmwarePlugin.cc:45";"";"";"no"
"UI-2026";"qgc_source_uk_UA.ts";"PX4FirmwarePlugin";"Return";"";"TODO";"../src/FirmwarePlugin/PX4/PX4FirmwarePlugin.cc:46";"";"";"no"
"UI-2027";"qgc_source_uk_UA.ts";"PX4FirmwarePlugin";"Land";"";"TODO";"../src/FirmwarePlugin/PX4/PX4FirmwarePlugin.cc:47";"";"";"no"
"UI-2028";"qgc_source_uk_UA.ts";"PX4FirmwarePlugin";"Precision Land";"";"TODO";"../src/FirmwarePlugin/PX4/PX4FirmwarePlugin.cc:48";"";"";"no"
"UI-2029";"qgc_source_uk_UA.ts";"PX4FirmwarePlugin";"Return to Groundstation";"";"TODO";"../src/FirmwarePlugin/PX4/PX4FirmwarePlugin.cc:49";"";"";"no"
"UI-2030";"qgc_source_uk_UA.ts";"PX4FirmwarePlugin";"Follow Me";"";"TODO";"../src/FirmwarePlugin/PX4/PX4FirmwarePlugin.cc:50";"";"";"no"
"UI-2031";"qgc_source_uk_UA.ts";"PX4FirmwarePlugin";"Simple";"";"TODO";"../src/FirmwarePlugin/PX4/PX4FirmwarePlugin.cc:51";"";"";"no"
"UI-2032";"qgc_source_uk_UA.ts";"PX4FirmwarePlugin";"Orbit";"";"TODO";"../src/FirmwarePlugin/PX4/PX4FirmwarePlugin.cc:52";"";"";"no"
"UI-2033";"qgc_source_uk_UA.ts";"PX4FirmwarePlugin";"Unknown %1:%2";"";"TODO";"../src/FirmwarePlugin/PX4/PX4FirmwarePlugin.cc:136";"";"";"no"
"UI-2034";"qgc_source_uk_UA.ts";"PX4FirmwarePlugin";"Unable to takeoff, vehicle position not known.";"";"TODO";"../src/FirmwarePlugin/PX4/PX4FirmwarePlugin.cc:342";"";"";"no"
"UI-2035";"qgc_source_uk_UA.ts";"PX4FirmwarePlugin";"Unable to go to location, vehicle position not known.";"";"TODO";"../src/FirmwarePlugin/PX4/PX4FirmwarePlugin.cc:410";"";"";"no"
"UI-2036";"qgc_source_uk_UA.ts";"PX4FirmwarePlugin";"Unable to pause vehicle.";"";"TODO";"../src/FirmwarePlugin/PX4/PX4FirmwarePlugin.cc:481";"";"";"no"
"UI-2037";"qgc_source_uk_UA.ts";"PX4FirmwarePlugin";"Unable to change altitude, home position unknown.";"";"TODO";"../src/FirmwarePlugin/PX4/PX4FirmwarePlugin.cc:490";"";"";"no"
"UI-2038";"qgc_source_uk_UA.ts";"PX4FirmwarePlugin";"Unable to change altitude, home position altitude unknown.";"";"TODO";"../src/FirmwarePlugin/PX4/PX4FirmwarePlugin.cc:494";"";"";"no"
"UI-2039";"qgc_source_uk_UA.ts";"PX4FirmwarePlugin";"Vehicle does not support guided rotate";"";"TODO";"../src/FirmwarePlugin/PX4/PX4FirmwarePlugin.cc:555";"";"";"no"
"UI-2040";"qgc_source_uk_UA.ts";"PX4FirmwarePlugin";"Unable to start takeoff: Vehicle rejected arming.";"";"TODO";"../src/FirmwarePlugin/PX4/PX4FirmwarePlugin.cc:577";"";"";"no"
"UI-2041";"qgc_source_uk_UA.ts";"PX4FirmwarePlugin";"Unable to start takeoff: Vehicle not changing to %1 flight mode.";"";"TODO";"../src/FirmwarePlugin/PX4/PX4FirmwarePlugin.cc:581";"";"";"no"
"UI-2042";"qgc_source_uk_UA.ts";"PX4FirmwarePlugin";"Unable to start mission: Vehicle rejected arming.";"";"TODO";"../src/FirmwarePlugin/PX4/PX4FirmwarePlugin.cc:589";"";"";"no"
"UI-2043";"qgc_source_uk_UA.ts";"PX4FirmwarePlugin";"Unable to start mission: Vehicle not changing to %1 flight mode.";"";"TODO";"../src/FirmwarePlugin/PX4/PX4FirmwarePlugin.cc:593";"";"";"no"
"UI-2044";"qgc_source_uk_UA.ts";"PX4FirmwarePlugin";"QGroundControl supports PX4 Pro firmware Version %1.%2.%3 and above. You are using a version prior to that which will lead to unpredictable results. Please upgrade your firmware.";"";"TODO";"../src/FirmwarePlugin/PX4/PX4FirmwarePlugin.cc:710";"";"";"no"
"UI-2045";"qgc_source_uk_UA.ts";"PX4FirmwareUpgradeThreadWorker";"Programming new version...";"";"TODO";"../src/Vehicle/VehicleSetup/PX4FirmwareUpgradeThread.cc:152";"";"";"no"
"UI-2046";"qgc_source_uk_UA.ts";"PX4FirmwareUpgradeThreadWorker";"Verifying program...";"";"TODO";"../src/Vehicle/VehicleSetup/PX4FirmwareUpgradeThread.cc:162";"";"";"no"
"UI-2047";"qgc_source_uk_UA.ts";"PX4FirmwareUpgradeThreadWorker";"Verify complete";"";"TODO";"../src/Vehicle/VehicleSetup/PX4FirmwareUpgradeThread.cc:166";"";"";"no"
"UI-2048";"qgc_source_uk_UA.ts";"PX4FirmwareUpgradeThreadWorker";"Rebooting board";"";"TODO";"../src/Vehicle/VehicleSetup/PX4FirmwareUpgradeThread.cc:173";"";"";"no"
"UI-2049";"qgc_source_uk_UA.ts";"PX4FirmwareUpgradeThreadWorker";"Erasing previous program...";"";"TODO";"../src/Vehicle/VehicleSetup/PX4FirmwareUpgradeThread.cc:197";"";"";"no"
"UI-2050";"qgc_source_uk_UA.ts";"PX4FirmwareUpgradeThreadWorker";"Erase complete";"";"TODO";"../src/Vehicle/VehicleSetup/PX4FirmwareUpgradeThread.cc:201";"";"";"no"
"UI-2051";"qgc_source_uk_UA.ts";"PX4FlightBehavior";"Flight Behavior";"";"TODO";"../src/AutoPilotPlugins/PX4/PX4FlightBehavior.cc:17";"";"";"no"
"UI-2052";"qgc_source_uk_UA.ts";"PX4FlightBehavior";"Flight Behavior is used to configure flight characteristics.";"";"TODO";"../src/AutoPilotPlugins/PX4/PX4FlightBehavior.cc:28";"";"";"no"
"UI-2053";"qgc_source_uk_UA.ts";"PX4FlightBehaviorCopter";"Enable responsiveness slider (if enabled, acceleration limit parameters and others are automatically set)";"";"TODO";"../src/AutoPilotPlugins/PX4/PX4FlightBehaviorCopter.qml:49";"";"";"no"
"UI-2054";"qgc_source_uk_UA.ts";"PX4FlightBehaviorCopter";"Responsiveness";"";"TODO";"../src/AutoPilotPlugins/PX4/PX4FlightBehaviorCopter.qml:68";"";"";"no"
"UI-2055";"qgc_source_uk_UA.ts";"PX4FlightBehaviorCopter";"A higher value makes the vehicle react faster. Be aware that this affects braking as well, and a combination of slow responsiveness with high maximum velocity will lead to long braking distances.";"";"TODO";"../src/AutoPilotPlugins/PX4/PX4FlightBehaviorCopter.qml:69";"";"";"no"
"UI-2056";"qgc_source_uk_UA.ts";"PX4FlightBehaviorCopter";"Warning: a high responsiveness requires a vehicle with large thrust-to-weight ratio. The vehicle might lose altitude otherwise.";"";"TODO";"../src/AutoPilotPlugins/PX4/PX4FlightBehaviorCopter.qml:80";"";"";"no"
"UI-2057";"qgc_source_uk_UA.ts";"PX4FlightBehaviorCopter";"Enable horizontal velocity slider (if enabled, individual velocity limit parameters are automatically set)";"";"TODO";"../src/AutoPilotPlugins/PX4/PX4FlightBehaviorCopter.qml:89";"";"";"no"
"UI-2058";"qgc_source_uk_UA.ts";"PX4FlightBehaviorCopter";"Horizontal velocity (m/s)";"";"TODO";"../src/AutoPilotPlugins/PX4/PX4FlightBehaviorCopter.qml:108";"";"";"no"
"UI-2059";"qgc_source_uk_UA.ts";"PX4FlightBehaviorCopter";"Limit the horizonal velocity (applies to all modes).";"";"TODO";"../src/AutoPilotPlugins/PX4/PX4FlightBehaviorCopter.qml:109";"";"";"no"
"UI-2060";"qgc_source_uk_UA.ts";"PX4FlightBehaviorCopter";"Enable vertical velocity slider (if enabled, individual velocity limit parameters are automatically set)";"";"TODO";"../src/AutoPilotPlugins/PX4/PX4FlightBehaviorCopter.qml:124";"";"";"no"
"UI-2061";"qgc_source_uk_UA.ts";"PX4FlightBehaviorCopter";"Vertical velocity (m/s)";"";"TODO";"../src/AutoPilotPlugins/PX4/PX4FlightBehaviorCopter.qml:143";"";"";"no"
"UI-2062";"qgc_source_uk_UA.ts";"PX4FlightBehaviorCopter";"Limit the vertical velocity (applies to all modes).";"";"TODO";"../src/AutoPilotPlugins/PX4/PX4FlightBehaviorCopter.qml:144";"";"";"no"
"UI-2063";"qgc_source_uk_UA.ts";"PX4FlightBehaviorCopter";"Mission Turning Radius";"";"TODO";"../src/AutoPilotPlugins/PX4/PX4FlightBehaviorCopter.qml:159";"";"";"no"
"UI-2064";"qgc_source_uk_UA.ts";"PX4FlightBehaviorCopter";"Increasing this leads to rounder turns in missions (corner cutting). Use the minimum value for accurate corner tracking.";"";"TODO";"../src/AutoPilotPlugins/PX4/PX4FlightBehaviorCopter.qml:160";"";"";"no"
"UI-2065";"qgc_source_uk_UA.ts";"PX4FlightModeIndicator";"RTL Altitude";"";"TODO";"../src/FirmwarePlugin/PX4/PX4FlightModeIndicator.qml:48";"";"";"no"
"UI-2066";"qgc_source_uk_UA.ts";"PX4FlightModeIndicator";"GeoFence";"";"TODO";"../src/FirmwarePlugin/PX4/PX4FlightModeIndicator.qml:57";"";"";"no"
"UI-2067";"qgc_source_uk_UA.ts";"PX4FlightModeIndicator";"Breach Action";"";"TODO";"../src/FirmwarePlugin/PX4/PX4FlightModeIndicator.qml:61";"";"";"no"
"UI-2068";"qgc_source_uk_UA.ts";"PX4FlightModeIndicator";"Max Distance";"";"TODO";"../src/FirmwarePlugin/PX4/PX4FlightModeIndicator.qml:68";"";"";"no"
"UI-2069";"qgc_source_uk_UA.ts";"PX4FlightModeIndicator";"Max Altitude";"";"TODO";"../src/FirmwarePlugin/PX4/PX4FlightModeIndicator.qml:96";"";"";"no"
"UI-2070";"qgc_source_uk_UA.ts";"PX4LogTransferSettings";"MAVLink Logging";"";"TODO";"../src/UI/AppSettings/PX4LogTransferSettings.qml:83";"";"";"no"
"UI-2071";"qgc_source_uk_UA.ts";"PX4LogTransferSettings";"Please enter an email address before uploading MAVLink log files.";"";"TODO";"../src/UI/AppSettings/PX4LogTransferSettings.qml:84";"";"";"no"
"UI-2072";"qgc_source_uk_UA.ts";"PX4LogTransferSettings";"MAVLink 2.0 Logging (PX4 Pro Only)";"";"TODO";"../src/UI/AppSettings/PX4LogTransferSettings.qml:111";"";"";"no"
"UI-2073";"qgc_source_uk_UA.ts";"PX4LogTransferSettings";"Manual Start/Stop:";"";"TODO";"../src/UI/AppSettings/PX4LogTransferSettings.qml:133";"";"";"no"
"UI-2074";"qgc_source_uk_UA.ts";"PX4LogTransferSettings";"Start Logging";"";"TODO";"../src/UI/AppSettings/PX4LogTransferSettings.qml:137";"";"";"no"
"UI-2075";"qgc_source_uk_UA.ts";"PX4LogTransferSettings";"Stop Logging";"";"TODO";"../src/UI/AppSettings/PX4LogTransferSettings.qml:144";"";"";"no"
"UI-2076";"qgc_source_uk_UA.ts";"PX4LogTransferSettings";"Enable automatic logging";"";"TODO";"../src/UI/AppSettings/PX4LogTransferSettings.qml:154";"";"";"no"
"UI-2077";"qgc_source_uk_UA.ts";"PX4LogTransferSettings";"MAVLink 2.0 Log Uploads (PX4 Pro Only)";"";"TODO";"../src/UI/AppSettings/PX4LogTransferSettings.qml:173";"";"";"no"
"UI-2078";"qgc_source_uk_UA.ts";"PX4LogTransferSettings";"Email address for Log Upload:";"";"TODO";"../src/UI/AppSettings/PX4LogTransferSettings.qml:195";"";"";"no"
"UI-2079";"qgc_source_uk_UA.ts";"PX4LogTransferSettings";"Default Description:";"";"TODO";"../src/UI/AppSettings/PX4LogTransferSettings.qml:216";"";"";"no"
"UI-2080";"qgc_source_uk_UA.ts";"PX4LogTransferSettings";"Default Upload URL";"";"TODO";"../src/UI/AppSettings/PX4LogTransferSettings.qml:236";"";"";"no"
"UI-2081";"qgc_source_uk_UA.ts";"PX4LogTransferSettings";"Video URL:";"";"TODO";"../src/UI/AppSettings/PX4LogTransferSettings.qml:257";"";"";"no"
"UI-2082";"qgc_source_uk_UA.ts";"PX4LogTransferSettings";"Wind Speed:";"";"TODO";"../src/UI/AppSettings/PX4LogTransferSettings.qml:275";"";"";"no"
"UI-2083";"qgc_source_uk_UA.ts";"PX4LogTransferSettings";"Please Select";"";"TODO";"../src/UI/AppSettings/PX4LogTransferSettings.qml:284 | ../src/UI/AppSettings/PX4LogTransferSettings.qml:322";"";"";"no"
"UI-2084";"qgc_source_uk_UA.ts";"PX4LogTransferSettings";"Calm";"";"TODO";"../src/UI/AppSettings/PX4LogTransferSettings.qml:285";"";"";"no"
"UI-2085";"qgc_source_uk_UA.ts";"PX4LogTransferSettings";"Breeze";"";"TODO";"../src/UI/AppSettings/PX4LogTransferSettings.qml:286";"";"";"no"
"UI-2086";"qgc_source_uk_UA.ts";"PX4LogTransferSettings";"Gale";"";"TODO";"../src/UI/AppSettings/PX4LogTransferSettings.qml:287";"";"";"no"
"UI-2087";"qgc_source_uk_UA.ts";"PX4LogTransferSettings";"Storm";"";"TODO";"../src/UI/AppSettings/PX4LogTransferSettings.qml:288";"";"";"no"
"UI-2088";"qgc_source_uk_UA.ts";"PX4LogTransferSettings";"Flight Rating:";"";"TODO";"../src/UI/AppSettings/PX4LogTransferSettings.qml:313";"";"";"no"
"UI-2089";"qgc_source_uk_UA.ts";"PX4LogTransferSettings";"Crashed (Pilot Error)";"";"TODO";"../src/UI/AppSettings/PX4LogTransferSettings.qml:323";"";"";"no"
"UI-2090";"qgc_source_uk_UA.ts";"PX4LogTransferSettings";"Crashed (Software or Hardware issue)";"";"TODO";"../src/UI/AppSettings/PX4LogTransferSettings.qml:324";"";"";"no"
"UI-2091";"qgc_source_uk_UA.ts";"PX4LogTransferSettings";"Unsatisfactory";"";"TODO";"../src/UI/AppSettings/PX4LogTransferSettings.qml:325";"";"";"no"
"UI-2092";"qgc_source_uk_UA.ts";"PX4LogTransferSettings";"Good";"";"TODO";"../src/UI/AppSettings/PX4LogTransferSettings.qml:326";"";"";"no"
"UI-2093";"qgc_source_uk_UA.ts";"PX4LogTransferSettings";"Great";"";"TODO";"../src/UI/AppSettings/PX4LogTransferSettings.qml:327";"";"";"no"
"UI-2094";"qgc_source_uk_UA.ts";"PX4LogTransferSettings";"Additional Feedback:";"";"TODO";"../src/UI/AppSettings/PX4LogTransferSettings.qml:351";"";"";"no"
"UI-2095";"qgc_source_uk_UA.ts";"PX4LogTransferSettings";"Make this log publicly available";"";"TODO";"../src/UI/AppSettings/PX4LogTransferSettings.qml:367";"";"";"no"
"UI-2096";"qgc_source_uk_UA.ts";"PX4LogTransferSettings";"Enable automatic log uploads";"";"TODO";"../src/UI/AppSettings/PX4LogTransferSettings.qml:378";"";"";"no"
"UI-2097";"qgc_source_uk_UA.ts";"PX4LogTransferSettings";"Delete log file after uploading";"";"TODO";"../src/UI/AppSettings/PX4LogTransferSettings.qml:390";"";"";"no"
"UI-2098";"qgc_source_uk_UA.ts";"PX4LogTransferSettings";"Saved Log Files";"";"TODO";"../src/UI/AppSettings/PX4LogTransferSettings.qml:409";"";"";"no"
"UI-2099";"qgc_source_uk_UA.ts";"PX4LogTransferSettings";"Uploaded";"";"TODO";"../src/UI/AppSettings/PX4LogTransferSettings.qml:472";"";"";"no"
"UI-2100";"qgc_source_uk_UA.ts";"PX4LogTransferSettings";"Check All";"";"TODO";"../src/UI/AppSettings/PX4LogTransferSettings.qml:495";"";"";"no"
"UI-2101";"qgc_source_uk_UA.ts";"PX4LogTransferSettings";"Check None";"";"TODO";"../src/UI/AppSettings/PX4LogTransferSettings.qml:505";"";"";"no"
"UI-2102";"qgc_source_uk_UA.ts";"PX4LogTransferSettings";"Delete Selected";"";"TODO";"../src/UI/AppSettings/PX4LogTransferSettings.qml:515";"";"";"no"
"UI-2103";"qgc_source_uk_UA.ts";"PX4LogTransferSettings";"Delete Selected Log Files";"";"TODO";"../src/UI/AppSettings/PX4LogTransferSettings.qml:523";"";"";"no"
"UI-2104";"qgc_source_uk_UA.ts";"PX4LogTransferSettings";"Confirm deleting selected log files?";"";"TODO";"../src/UI/AppSettings/PX4LogTransferSettings.qml:524";"";"";"no"
"UI-2105";"qgc_source_uk_UA.ts";"PX4LogTransferSettings";"Upload Selected";"";"TODO";"../src/UI/AppSettings/PX4LogTransferSettings.qml:535";"";"";"no"
"UI-2106";"qgc_source_uk_UA.ts";"PX4LogTransferSettings";"Upload Selected Log Files";"";"TODO";"../src/UI/AppSettings/PX4LogTransferSettings.qml:550";"";"";"no"
"UI-2107";"qgc_source_uk_UA.ts";"PX4LogTransferSettings";"Confirm uploading selected log files?";"";"TODO";"../src/UI/AppSettings/PX4LogTransferSettings.qml:551";"";"";"no"
"UI-2108";"qgc_source_uk_UA.ts";"PX4LogTransferSettings";"Cancel";"";"TODO";"../src/UI/AppSettings/PX4LogTransferSettings.qml:562";"";"";"no"
"UI-2109";"qgc_source_uk_UA.ts";"PX4LogTransferSettings";"Cancel Upload";"";"TODO";"../src/UI/AppSettings/PX4LogTransferSettings.qml:571";"";"";"no"
"UI-2110";"qgc_source_uk_UA.ts";"PX4LogTransferSettings";"Confirm canceling the upload process?";"";"TODO";"../src/UI/AppSettings/PX4LogTransferSettings.qml:572";"";"";"no"
"UI-2111";"qgc_source_uk_UA.ts";"PX4MainStatusIndicatorContentItem";"Ground Control Comm Loss Failsafe";"";"TODO";"../src/FirmwarePlugin/PX4/PX4MainStatusIndicatorContentItem.qml:28";"";"";"no"
"UI-2112";"qgc_source_uk_UA.ts";"PX4MainStatusIndicatorContentItem";"Vehicle Action";"";"TODO";"../src/FirmwarePlugin/PX4/PX4MainStatusIndicatorContentItem.qml:37";"";"";"no"
"UI-2113";"qgc_source_uk_UA.ts";"PX4MainStatusIndicatorContentItem";"Loss Timeout";"";"TODO";"../src/FirmwarePlugin/PX4/PX4MainStatusIndicatorContentItem.qml:49";"";"";"no"
"UI-2114";"qgc_source_uk_UA.ts";"PX4ParameterMetaData";"Enabled";"";"TODO";"../src/FirmwarePlugin/PX4/PX4ParameterMetaData.cc:337";"";"";"no"
"UI-2115";"qgc_source_uk_UA.ts";"PX4ParameterMetaData";"Disabled";"";"TODO";"../src/FirmwarePlugin/PX4/PX4ParameterMetaData.cc:339";"";"";"no"
"UI-2116";"qgc_source_uk_UA.ts";"PX4RadioComponent";"Radio";"";"TODO";"../src/AutoPilotPlugins/PX4/PX4RadioComponent.cc:17";"";"";"no"
"UI-2117";"qgc_source_uk_UA.ts";"PX4RadioComponent";"Radio Setup is used to calibrate your transmitter. It also assign channels for Roll, Pitch, Yaw and Throttle vehicle control as well as determining whether they are reversed.";"";"TODO";"../src/AutoPilotPlugins/PX4/PX4RadioComponent.cc:28";"";"";"no"
"UI-2118";"qgc_source_uk_UA.ts";"PX4RadioComponentSummary";"Roll";"";"TODO";"../src/AutoPilotPlugins/PX4/PX4RadioComponentSummary.qml:26";"";"";"no"
"UI-2119";"qgc_source_uk_UA.ts";"PX4RadioComponentSummary";"Setup required";"";"TODO";"../src/AutoPilotPlugins/PX4/PX4RadioComponentSummary.qml:27 | ../src/AutoPilotPlugins/PX4/PX4RadioComponentSummary.qml:32 | ../src/AutoPilotPlugins/PX4/PX4RadioComponentSummary.qml:37 | ../src/AutoPilotPlugins/PX4/PX4RadioComponentSummary.qml:42";"";"";"no"
"UI-2120";"qgc_source_uk_UA.ts";"PX4RadioComponentSummary";"Pitch";"";"TODO";"../src/AutoPilotPlugins/PX4/PX4RadioComponentSummary.qml:31";"";"";"no"
"UI-2121";"qgc_source_uk_UA.ts";"PX4RadioComponentSummary";"Yaw";"";"TODO";"../src/AutoPilotPlugins/PX4/PX4RadioComponentSummary.qml:36";"";"";"no"
"UI-2122";"qgc_source_uk_UA.ts";"PX4RadioComponentSummary";"Throttle";"";"TODO";"../src/AutoPilotPlugins/PX4/PX4RadioComponentSummary.qml:41";"";"";"no"
"UI-2123";"qgc_source_uk_UA.ts";"PX4RadioComponentSummary";"Flaps";"";"TODO";"../src/AutoPilotPlugins/PX4/PX4RadioComponentSummary.qml:46";"";"";"no"
"UI-2124";"qgc_source_uk_UA.ts";"PX4RadioComponentSummary";"Disabled";"";"TODO";"../src/AutoPilotPlugins/PX4/PX4RadioComponentSummary.qml:47 | ../src/AutoPilotPlugins/PX4/PX4RadioComponentSummary.qml:53 | ../src/AutoPilotPlugins/PX4/PX4RadioComponentSummary.qml:58";"";"";"no"
"UI-2125";"qgc_source_uk_UA.ts";"PX4RadioComponentSummary";"Aux1";"";"TODO";"../src/AutoPilotPlugins/PX4/PX4RadioComponentSummary.qml:52";"";"";"no"
"UI-2126";"qgc_source_uk_UA.ts";"PX4RadioComponentSummary";"Aux2";"";"TODO";"../src/AutoPilotPlugins/PX4/PX4RadioComponentSummary.qml:57";"";"";"no"
"UI-2127";"qgc_source_uk_UA.ts";"PX4SimpleFlightModes";"Flight Mode Settings";"";"TODO";"../src/AutoPilotPlugins/PX4/PX4SimpleFlightModes.qml:67";"";"";"no"
"UI-2128";"qgc_source_uk_UA.ts";"PX4SimpleFlightModes";"Mode Channel";"";"TODO";"../src/AutoPilotPlugins/PX4/PX4SimpleFlightModes.qml:89";"";"";"no"
"UI-2129";"qgc_source_uk_UA.ts";"PX4SimpleFlightModes";"Flight Mode %1";"";"TODO";"../src/AutoPilotPlugins/PX4/PX4SimpleFlightModes.qml:97";"";"";"no"
"UI-2130";"qgc_source_uk_UA.ts";"PX4SimpleFlightModes";"Switch Settings";"";"TODO";"../src/AutoPilotPlugins/PX4/PX4SimpleFlightModes.qml:128";"";"";"no"
"UI-2131";"qgc_source_uk_UA.ts";"PX4TuningComponent";"PID Tuning";"";"TODO";"../src/AutoPilotPlugins/PX4/PX4TuningComponent.cc:17";"";"";"no"
"UI-2132";"qgc_source_uk_UA.ts";"PX4TuningComponent";"Tuning Setup is used to tune the flight controllers.";"";"TODO";"../src/AutoPilotPlugins/PX4/PX4TuningComponent.cc:28";"";"";"no"
"UI-2133";"qgc_source_uk_UA.ts";"PX4TuningComponentCopterAll";"Rate Controller";"";"TODO";"../src/AutoPilotPlugins/PX4/PX4TuningComponentCopterAll.qml:22";"";"";"no"
"UI-2134";"qgc_source_uk_UA.ts";"PX4TuningComponentCopterAll";"Attitude Controller";"";"TODO";"../src/AutoPilotPlugins/PX4/PX4TuningComponentCopterAll.qml:26";"";"";"no"
"UI-2135";"qgc_source_uk_UA.ts";"PX4TuningComponentCopterAll";"Velocity Controller";"";"TODO";"../src/AutoPilotPlugins/PX4/PX4TuningComponentCopterAll.qml:30";"";"";"no"
"UI-2136";"qgc_source_uk_UA.ts";"PX4TuningComponentCopterAll";"Position Controller";"";"TODO";"../src/AutoPilotPlugins/PX4/PX4TuningComponentCopterAll.qml:34";"";"";"no"
"UI-2137";"qgc_source_uk_UA.ts";"PX4TuningComponentCopterAttitude";"Roll";"";"TODO";"../src/AutoPilotPlugins/PX4/PX4TuningComponentCopterAttitude.qml:31";"";"";"no"
"UI-2138";"qgc_source_uk_UA.ts";"PX4TuningComponentCopterAttitude";"Proportional Gain (MC_ROLL_P)";"";"TODO";"../src/AutoPilotPlugins/PX4/PX4TuningComponentCopterAttitude.qml:38";"";"";"no"
"UI-2139";"qgc_source_uk_UA.ts";"PX4TuningComponentCopterAttitude";"Increase for more responsiveness, reduce if the attitude overshoots.";"";"TODO";"../src/AutoPilotPlugins/PX4/PX4TuningComponentCopterAttitude.qml:39 | ../src/AutoPilotPlugins/PX4/PX4TuningComponentCopterAttitude.qml:56";"";"";"no"
"UI-2140";"qgc_source_uk_UA.ts";"PX4TuningComponentCopterAttitude";"Pitch";"";"TODO";"../src/AutoPilotPlugins/PX4/PX4TuningComponentCopterAttitude.qml:48";"";"";"no"
"UI-2141";"qgc_source_uk_UA.ts";"PX4TuningComponentCopterAttitude";"Proportional Gain (MC_PITCH_P)";"";"TODO";"../src/AutoPilotPlugins/PX4/PX4TuningComponentCopterAttitude.qml:55";"";"";"no"
"UI-2142";"qgc_source_uk_UA.ts";"PX4TuningComponentCopterAttitude";"Yaw";"";"TODO";"../src/AutoPilotPlugins/PX4/PX4TuningComponentCopterAttitude.qml:65";"";"";"no"
"UI-2143";"qgc_source_uk_UA.ts";"PX4TuningComponentCopterAttitude";"Proportional Gain (MC_YAW_P)";"";"TODO";"../src/AutoPilotPlugins/PX4/PX4TuningComponentCopterAttitude.qml:72";"";"";"no"
"UI-2144";"qgc_source_uk_UA.ts";"PX4TuningComponentCopterAttitude";"Increase for more responsiveness, reduce if the attitude overshoots (there is only a setpoint when yaw is fixed, i.e. when centering the stick).";"";"TODO";"../src/AutoPilotPlugins/PX4/PX4TuningComponentCopterAttitude.qml:73";"";"";"no"
"UI-2145";"qgc_source_uk_UA.ts";"PX4TuningComponentCopterPosition";"Position control mode (set this to 'simple' during tuning):";"";"TODO";"../src/AutoPilotPlugins/PX4/PX4TuningComponentCopterPosition.qml:30";"";"";"no"
"UI-2146";"qgc_source_uk_UA.ts";"PX4TuningComponentCopterPosition";"Horizontal";"";"TODO";"../src/AutoPilotPlugins/PX4/PX4TuningComponentCopterPosition.qml:46";"";"";"no"
"UI-2147";"qgc_source_uk_UA.ts";"PX4TuningComponentCopterPosition";"Horizontal (Y direction, sidewards)";"";"TODO";"../src/AutoPilotPlugins/PX4/PX4TuningComponentCopterPosition.qml:47";"";"";"no"
"UI-2148";"qgc_source_uk_UA.ts";"PX4TuningComponentCopterPosition";"Proportional gain (MPC_XY_P)";"";"TODO";"../src/AutoPilotPlugins/PX4/PX4TuningComponentCopterPosition.qml:54";"";"";"no"
"UI-2149";"qgc_source_uk_UA.ts";"PX4TuningComponentCopterPosition";"Increase for more responsiveness, reduce if the position overshoots (there is only a setpoint when hovering, i.e. when centering the stick).";"";"TODO";"../src/AutoPilotPlugins/PX4/PX4TuningComponentCopterPosition.qml:55 | ../src/AutoPilotPlugins/PX4/PX4TuningComponentCopterPosition.qml:72";"";"";"no"
"UI-2150";"qgc_source_uk_UA.ts";"PX4TuningComponentCopterPosition";"Vertical";"";"TODO";"../src/AutoPilotPlugins/PX4/PX4TuningComponentCopterPosition.qml:64";"";"";"no"
"UI-2151";"qgc_source_uk_UA.ts";"PX4TuningComponentCopterPosition";"Proportional gain (MPC_Z_P)";"";"TODO";"../src/AutoPilotPlugins/PX4/PX4TuningComponentCopterPosition.qml:71";"";"";"no"
"UI-2152";"qgc_source_uk_UA.ts";"PX4TuningComponentCopterRate";"Airmode (disable during tuning) <b><a href=""https://docs.px4.io/master/en/config_mc/pid_tuning_guide_multicopter.html#airmode-mixer-saturation"">?</a></b>";"";"TODO";"../src/AutoPilotPlugins/PX4/PX4TuningComponentCopterRate.qml:32";"";"";"no"
"UI-2153";"qgc_source_uk_UA.ts";"PX4TuningComponentCopterRate";"Thrust curve <b><a href=""https://docs.px4.io/master/en/config_mc/pid_tuning_guide_multicopter.html#thrust-curve"">?</a></b>";"";"TODO";"../src/AutoPilotPlugins/PX4/PX4TuningComponentCopterRate.qml:49";"";"";"no"
"UI-2154";"qgc_source_uk_UA.ts";"PX4TuningComponentCopterRate";"Rate";"";"TODO";"../src/AutoPilotPlugins/PX4/PX4TuningComponentCopterRate.qml:63";"";"";"no"
"UI-2155";"qgc_source_uk_UA.ts";"PX4TuningComponentCopterRate";"deg/s";"";"TODO";"../src/AutoPilotPlugins/PX4/PX4TuningComponentCopterRate.qml:65";"";"";"no"
"UI-2156";"qgc_source_uk_UA.ts";"PX4TuningComponentCopterRate";"Roll";"";"TODO";"../src/AutoPilotPlugins/PX4/PX4TuningComponentCopterRate.qml:72";"";"";"no"
"UI-2157";"qgc_source_uk_UA.ts";"PX4TuningComponentCopterRate";"Overall Multiplier (MC_ROLLRATE_K)";"";"TODO";"../src/AutoPilotPlugins/PX4/PX4TuningComponentCopterRate.qml:79";"";"";"no"
"UI-2158";"qgc_source_uk_UA.ts";"PX4TuningComponentCopterRate";"Multiplier for P, I and D gains: increase for more responsiveness, reduce if the rates overshoot (and increasing D does not help).";"";"TODO";"../src/AutoPilotPlugins/PX4/PX4TuningComponentCopterRate.qml:80 | ../src/AutoPilotPlugins/PX4/PX4TuningComponentCopterRate.qml:113 | ../src/AutoPilotPlugins/PX4/PX4TuningComponentCopterRate.qml:146";"";"";"no"
"UI-2159";"qgc_source_uk_UA.ts";"PX4TuningComponentCopterRate";"Differential Gain (MC_ROLLRATE_D)";"";"TODO";"../src/AutoPilotPlugins/PX4/PX4TuningComponentCopterRate.qml:87";"";"";"no"
"UI-2160";"qgc_source_uk_UA.ts";"PX4TuningComponentCopterRate";"Damping: increase to reduce overshoots and oscillations, but not higher than really needed.";"";"TODO";"../src/AutoPilotPlugins/PX4/PX4TuningComponentCopterRate.qml:88 | ../src/AutoPilotPlugins/PX4/PX4TuningComponentCopterRate.qml:121";"";"";"no"
"UI-2161";"qgc_source_uk_UA.ts";"PX4TuningComponentCopterRate";"Integral Gain (MC_ROLLRATE_I)";"";"TODO";"../src/AutoPilotPlugins/PX4/PX4TuningComponentCopterRate.qml:95";"";"";"no"
"UI-2162";"qgc_source_uk_UA.ts";"PX4TuningComponentCopterRate";"Generally does not need much adjustment, reduce this when seeing slow oscillations.";"";"TODO";"../src/AutoPilotPlugins/PX4/PX4TuningComponentCopterRate.qml:96 | ../src/AutoPilotPlugins/PX4/PX4TuningComponentCopterRate.qml:129 | ../src/AutoPilotPlugins/PX4/PX4TuningComponentCopterRate.qml:154";"";"";"no"
"UI-2163";"qgc_source_uk_UA.ts";"PX4TuningComponentCopterRate";"Pitch";"";"TODO";"../src/AutoPilotPlugins/PX4/PX4TuningComponentCopterRate.qml:105";"";"";"no"
"UI-2164";"qgc_source_uk_UA.ts";"PX4TuningComponentCopterRate";"Overall Multiplier (MC_PITCHRATE_K)";"";"TODO";"../src/AutoPilotPlugins/PX4/PX4TuningComponentCopterRate.qml:112";"";"";"no"
"UI-2165";"qgc_source_uk_UA.ts";"PX4TuningComponentCopterRate";"Differential Gain (MC_PITCHRATE_D)";"";"TODO";"../src/AutoPilotPlugins/PX4/PX4TuningComponentCopterRate.qml:120";"";"";"no"
"UI-2166";"qgc_source_uk_UA.ts";"PX4TuningComponentCopterRate";"Integral Gain (MC_PITCHRATE_I)";"";"TODO";"../src/AutoPilotPlugins/PX4/PX4TuningComponentCopterRate.qml:128";"";"";"no"
"UI-2167";"qgc_source_uk_UA.ts";"PX4TuningComponentCopterRate";"Yaw";"";"TODO";"../src/AutoPilotPlugins/PX4/PX4TuningComponentCopterRate.qml:138";"";"";"no"
"UI-2168";"qgc_source_uk_UA.ts";"PX4TuningComponentCopterRate";"Overall Multiplier (MC_YAWRATE_K)";"";"TODO";"../src/AutoPilotPlugins/PX4/PX4TuningComponentCopterRate.qml:145";"";"";"no"
"UI-2169";"qgc_source_uk_UA.ts";"PX4TuningComponentCopterRate";"Integral Gain (MC_YAWRATE_I)";"";"TODO";"../src/AutoPilotPlugins/PX4/PX4TuningComponentCopterRate.qml:153";"";"";"no"
"UI-2170";"qgc_source_uk_UA.ts";"PX4TuningComponentCopterVelocity";"Position control mode (set this to 'simple' during tuning):";"";"TODO";"../src/AutoPilotPlugins/PX4/PX4TuningComponentCopterVelocity.qml:30";"";"";"no"
"UI-2171";"qgc_source_uk_UA.ts";"PX4TuningComponentCopterVelocity";"Horizontal";"";"TODO";"../src/AutoPilotPlugins/PX4/PX4TuningComponentCopterVelocity.qml:46";"";"";"no"
"UI-2172";"qgc_source_uk_UA.ts";"PX4TuningComponentCopterVelocity";"Horizontal (Y direction, sidewards)";"";"TODO";"../src/AutoPilotPlugins/PX4/PX4TuningComponentCopterVelocity.qml:47";"";"";"no"
"UI-2173";"qgc_source_uk_UA.ts";"PX4TuningComponentCopterVelocity";"Proportional gain (MPC_XY_VEL_P_ACC)";"";"TODO";"../src/AutoPilotPlugins/PX4/PX4TuningComponentCopterVelocity.qml:54";"";"";"no"
"UI-2174";"qgc_source_uk_UA.ts";"PX4TuningComponentCopterVelocity";"Increase for more responsiveness, reduce if the velocity overshoots (and increasing D does not help).";"";"TODO";"../src/AutoPilotPlugins/PX4/PX4TuningComponentCopterVelocity.qml:55 | ../src/AutoPilotPlugins/PX4/PX4TuningComponentCopterVelocity.qml:88";"";"";"no"
"UI-2175";"qgc_source_uk_UA.ts";"PX4TuningComponentCopterVelocity";"Integral gain (MPC_XY_VEL_I_ACC)";"";"TODO";"../src/AutoPilotPlugins/PX4/PX4TuningComponentCopterVelocity.qml:62";"";"";"no"
"UI-2176";"qgc_source_uk_UA.ts";"PX4TuningComponentCopterVelocity";"Increase to reduce steady-state error (e.g. wind)";"";"TODO";"../src/AutoPilotPlugins/PX4/PX4TuningComponentCopterVelocity.qml:63";"";"";"no"
"UI-2177";"qgc_source_uk_UA.ts";"PX4TuningComponentCopterVelocity";"Differential gain (MPC_XY_VEL_D_ACC)";"";"TODO";"../src/AutoPilotPlugins/PX4/PX4TuningComponentCopterVelocity.qml:70";"";"";"no"
"UI-2178";"qgc_source_uk_UA.ts";"PX4TuningComponentCopterVelocity";"Damping: increase to reduce overshoots and oscillations, but not higher than really needed.";"";"TODO";"../src/AutoPilotPlugins/PX4/PX4TuningComponentCopterVelocity.qml:71 | ../src/AutoPilotPlugins/PX4/PX4TuningComponentCopterVelocity.qml:104";"";"";"no"
"UI-2179";"qgc_source_uk_UA.ts";"PX4TuningComponentCopterVelocity";"Vertical";"";"TODO";"../src/AutoPilotPlugins/PX4/PX4TuningComponentCopterVelocity.qml:80";"";"";"no"
"UI-2180";"qgc_source_uk_UA.ts";"PX4TuningComponentCopterVelocity";"Proportional gain (MPC_Z_VEL_P_ACC)";"";"TODO";"../src/AutoPilotPlugins/PX4/PX4TuningComponentCopterVelocity.qml:87";"";"";"no"
"UI-2181";"qgc_source_uk_UA.ts";"PX4TuningComponentCopterVelocity";"Integral gain (MPC_Z_VEL_I_ACC)";"";"TODO";"../src/AutoPilotPlugins/PX4/PX4TuningComponentCopterVelocity.qml:95";"";"";"no"
"UI-2182";"qgc_source_uk_UA.ts";"PX4TuningComponentCopterVelocity";"Increase to reduce steady-state error";"";"TODO";"../src/AutoPilotPlugins/PX4/PX4TuningComponentCopterVelocity.qml:96";"";"";"no"
"UI-2183";"qgc_source_uk_UA.ts";"PX4TuningComponentCopterVelocity";"Differential gain (MPC_Z_VEL_D_ACC)";"";"TODO";"../src/AutoPilotPlugins/PX4/PX4TuningComponentCopterVelocity.qml:103";"";"";"no"
"UI-2184";"qgc_source_uk_UA.ts";"PX4TuningComponentPlaneAll";"Rate Controller";"";"TODO";"../src/AutoPilotPlugins/PX4/PX4TuningComponentPlaneAll.qml:22 | ../src/AutoPilotPlugins/PX4/PX4TuningComponentPlaneAll.qml:26";"";"";"no"
"UI-2185";"qgc_source_uk_UA.ts";"PX4TuningComponentPlaneAttitude";"Roll";"";"TODO";"../src/AutoPilotPlugins/PX4/PX4TuningComponentPlaneAttitude.qml:31";"";"";"no"
"UI-2186";"qgc_source_uk_UA.ts";"PX4TuningComponentPlaneAttitude";"Time constant (FW_R_TC)";"";"TODO";"../src/AutoPilotPlugins/PX4/PX4TuningComponentPlaneAttitude.qml:38";"";"";"no"
"UI-2187";"qgc_source_uk_UA.ts";"PX4TuningComponentPlaneAttitude";"The latency between a roll step input and the achieved setpoint (inverse to a P gain)";"";"TODO";"../src/AutoPilotPlugins/PX4/PX4TuningComponentPlaneAttitude.qml:39";"";"";"no"
"UI-2188";"qgc_source_uk_UA.ts";"PX4TuningComponentPlaneAttitude";"Pitch";"";"TODO";"../src/AutoPilotPlugins/PX4/PX4TuningComponentPlaneAttitude.qml:48";"";"";"no"
"UI-2189";"qgc_source_uk_UA.ts";"PX4TuningComponentPlaneAttitude";"Time Constant (FW_P_TC)";"";"TODO";"../src/AutoPilotPlugins/PX4/PX4TuningComponentPlaneAttitude.qml:55";"";"";"no"
"UI-2190";"qgc_source_uk_UA.ts";"PX4TuningComponentPlaneAttitude";"The latency between a pitch step input and the achieved setpoint (inverse to a P gain)";"";"TODO";"../src/AutoPilotPlugins/PX4/PX4TuningComponentPlaneAttitude.qml:56";"";"";"no"
"UI-2191";"qgc_source_uk_UA.ts";"PX4TuningComponentPlaneRate";"Roll";"";"TODO";"../src/AutoPilotPlugins/PX4/PX4TuningComponentPlaneRate.qml:31";"";"";"no"
"UI-2192";"qgc_source_uk_UA.ts";"PX4TuningComponentPlaneRate";"Porportional gain (FW_RR_P)";"";"TODO";"../src/AutoPilotPlugins/PX4/PX4TuningComponentPlaneRate.qml:38";"";"";"no"
"UI-2193";"qgc_source_uk_UA.ts";"PX4TuningComponentPlaneRate";"Porportional gain.";"";"TODO";"../src/AutoPilotPlugins/PX4/PX4TuningComponentPlaneRate.qml:39";"";"";"no"
"UI-2194";"qgc_source_uk_UA.ts";"PX4TuningComponentPlaneRate";"Differential Gain (FW_RR_D)";"";"TODO";"../src/AutoPilotPlugins/PX4/PX4TuningComponentPlaneRate.qml:46";"";"";"no"
"UI-2195";"qgc_source_uk_UA.ts";"PX4TuningComponentPlaneRate";"Damping: increase to reduce overshoots and oscillations, but not higher than really needed.";"";"TODO";"../src/AutoPilotPlugins/PX4/PX4TuningComponentPlaneRate.qml:47 | ../src/AutoPilotPlugins/PX4/PX4TuningComponentPlaneRate.qml:88";"";"";"no"
"UI-2196";"qgc_source_uk_UA.ts";"PX4TuningComponentPlaneRate";"Integral Gain (FW_RR_I)";"";"TODO";"../src/AutoPilotPlugins/PX4/PX4TuningComponentPlaneRate.qml:54";"";"";"no"
"UI-2197";"qgc_source_uk_UA.ts";"PX4TuningComponentPlaneRate";"Generally does not need much adjustment, reduce this when seeing slow oscillations.";"";"TODO";"../src/AutoPilotPlugins/PX4/PX4TuningComponentPlaneRate.qml:55 | ../src/AutoPilotPlugins/PX4/PX4TuningComponentPlaneRate.qml:96 | ../src/AutoPilotPlugins/PX4/PX4TuningComponentPlaneRate.qml:129 | ../src/AutoPilotPlugins/PX4/PX4TuningComponentPlaneRate.qml:137";"";"";"no"
"UI-2198";"qgc_source_uk_UA.ts";"PX4TuningComponentPlaneRate";"Feedforward Gain (FW_RR_FF)";"";"TODO";"../src/AutoPilotPlugins/PX4/PX4TuningComponentPlaneRate.qml:62";"";"";"no"
"UI-2199";"qgc_source_uk_UA.ts";"PX4TuningComponentPlaneRate";"Feedforward gused to compensate for aerodynamic damping.";"";"TODO";"../src/AutoPilotPlugins/PX4/PX4TuningComponentPlaneRate.qml:63 | ../src/AutoPilotPlugins/PX4/PX4TuningComponentPlaneRate.qml:104 | ../src/AutoPilotPlugins/PX4/PX4TuningComponentPlaneRate.qml:145";"";"";"no"
"UI-2200";"qgc_source_uk_UA.ts";"PX4TuningComponentPlaneRate";"Pitch";"";"TODO";"../src/AutoPilotPlugins/PX4/PX4TuningComponentPlaneRate.qml:72";"";"";"no"
"UI-2201";"qgc_source_uk_UA.ts";"PX4TuningComponentPlaneRate";"Porportional Gain (FW_PR_P)";"";"TODO";"../src/AutoPilotPlugins/PX4/PX4TuningComponentPlaneRate.qml:79";"";"";"no"
"UI-2202";"qgc_source_uk_UA.ts";"PX4TuningComponentPlaneRate";"Porportional Gain.";"";"TODO";"../src/AutoPilotPlugins/PX4/PX4TuningComponentPlaneRate.qml:80 | ../src/AutoPilotPlugins/PX4/PX4TuningComponentPlaneRate.qml:121";"";"";"no"
"UI-2203";"qgc_source_uk_UA.ts";"PX4TuningComponentPlaneRate";"Differential Gain (FW_PR_D)";"";"TODO";"../src/AutoPilotPlugins/PX4/PX4TuningComponentPlaneRate.qml:87";"";"";"no"
"UI-2204";"qgc_source_uk_UA.ts";"PX4TuningComponentPlaneRate";"Integral Gain (FW_PR_I)";"";"TODO";"../src/AutoPilotPlugins/PX4/PX4TuningComponentPlaneRate.qml:95";"";"";"no"
"UI-2205";"qgc_source_uk_UA.ts";"PX4TuningComponentPlaneRate";"Feedforward Gain (FW_PR_FF)";"";"TODO";"../src/AutoPilotPlugins/PX4/PX4TuningComponentPlaneRate.qml:103";"";"";"no"
"UI-2206";"qgc_source_uk_UA.ts";"PX4TuningComponentPlaneRate";"Yaw";"";"TODO";"../src/AutoPilotPlugins/PX4/PX4TuningComponentPlaneRate.qml:113";"";"";"no"
"UI-2207";"qgc_source_uk_UA.ts";"PX4TuningComponentPlaneRate";"Porportional Gain (FW_YR_P)";"";"TODO";"../src/AutoPilotPlugins/PX4/PX4TuningComponentPlaneRate.qml:120";"";"";"no"
"UI-2208";"qgc_source_uk_UA.ts";"PX4TuningComponentPlaneRate";"Integral Gain (FW_YR_D)";"";"TODO";"../src/AutoPilotPlugins/PX4/PX4TuningComponentPlaneRate.qml:128";"";"";"no"
"UI-2209";"qgc_source_uk_UA.ts";"PX4TuningComponentPlaneRate";"Integral Gain (FW_YR_I)";"";"TODO";"../src/AutoPilotPlugins/PX4/PX4TuningComponentPlaneRate.qml:136";"";"";"no"
"UI-2210";"qgc_source_uk_UA.ts";"PX4TuningComponentPlaneRate";"Feedforward Gain (FW_YR_FF)";"";"TODO";"../src/AutoPilotPlugins/PX4/PX4TuningComponentPlaneRate.qml:144";"";"";"no"
"UI-2211";"qgc_source_uk_UA.ts";"PX4TuningComponentPlaneRate";"Roll control to yaw feedforward (FW_RLL_TO_YAW_FF)";"";"TODO";"../src/AutoPilotPlugins/PX4/PX4TuningComponentPlaneRate.qml:152";"";"";"no"
"UI-2212";"qgc_source_uk_UA.ts";"PX4TuningComponentPlaneRate";"Used to counteract the adverse yaw effect for fixed wings.";"";"TODO";"../src/AutoPilotPlugins/PX4/PX4TuningComponentPlaneRate.qml:153";"";"";"no"
"UI-2213";"qgc_source_uk_UA.ts";"PX4TuningComponentPlaneTECS";"Altitude & Airspeed";"";"TODO";"../src/AutoPilotPlugins/PX4/PX4TuningComponentPlaneTECS.qml:31";"";"";"no"
"UI-2214";"qgc_source_uk_UA.ts";"PX4TuningComponentPlaneTECS";"Height rate feed forward (FW_T_HRATE_FF)";"";"TODO";"../src/AutoPilotPlugins/PX4/PX4TuningComponentPlaneTECS.qml:40";"";"";"no"
"UI-2215";"qgc_source_uk_UA.ts";"PX4TuningComponentPlaneTECS";"TODO";"";"TODO";"../src/AutoPilotPlugins/PX4/PX4TuningComponentPlaneTECS.qml:41";"";"";"no"
"UI-2216";"qgc_source_uk_UA.ts";"PX4TuningComponentVTOL";"Multirotor";"";"TODO";"../src/AutoPilotPlugins/PX4/PX4TuningComponentVTOL.qml:21";"";"";"no"
"UI-2217";"qgc_source_uk_UA.ts";"ParameterDiffDialog";"Load Parameters";"";"TODO";"../src/QmlControls/ParameterDiffDialog.qml:23";"";"";"no"
"UI-2218";"qgc_source_uk_UA.ts";"ParameterDiffDialog";"The following parameters from the loaded file differ from what is currently set on the Vehicle. Click 'Ok' to update them on the Vehicle.";"";"TODO";"../src/QmlControls/ParameterDiffDialog.qml:39";"";"";"no"
"UI-2219";"qgc_source_uk_UA.ts";"ParameterDiffDialog";"There are no differences between the file loaded and the current settings on the Vehicle.";"";"TODO";"../src/QmlControls/ParameterDiffDialog.qml:40";"";"";"no"
"UI-2220";"qgc_source_uk_UA.ts";"ParameterDiffDialog";"Comp ID";"";"TODO";"../src/QmlControls/ParameterDiffDialog.qml:68";"";"";"no"
"UI-2221";"qgc_source_uk_UA.ts";"ParameterDiffDialog";"Name";"";"TODO";"../src/QmlControls/ParameterDiffDialog.qml:75";"";"";"no"
"UI-2222";"qgc_source_uk_UA.ts";"ParameterDiffDialog";"File";"";"TODO";"../src/QmlControls/ParameterDiffDialog.qml:81";"";"";"no"
"UI-2223";"qgc_source_uk_UA.ts";"ParameterDiffDialog";"Vehicle";"";"TODO";"../src/QmlControls/ParameterDiffDialog.qml:87";"";"";"no"
"UI-2224";"qgc_source_uk_UA.ts";"ParameterDiffDialog";"N/A";"";"TODO";"../src/QmlControls/ParameterDiffDialog.qml:90";"";"";"no"
"UI-2225";"qgc_source_uk_UA.ts";"ParameterEditor";"Clear";"";"TODO";"../src/QmlControls/ParameterEditor.qml:155";"";"";"no"
"UI-2226";"qgc_source_uk_UA.ts";"ParameterEditor";"Show modified only";"";"TODO";"../src/QmlControls/ParameterEditor.qml:165";"";"";"no"
"UI-2227";"qgc_source_uk_UA.ts";"ParameterEditor";"Tools";"";"TODO";"../src/QmlControls/ParameterEditor.qml:174";"";"";"no"
"UI-2228";"qgc_source_uk_UA.ts";"ParameterEditor";"Refresh";"";"TODO";"../src/QmlControls/ParameterEditor.qml:54";"";"";"no"
"UI-2229";"qgc_source_uk_UA.ts";"ParameterEditor";"Reset all to firmware's defaults";"";"TODO";"../src/QmlControls/ParameterEditor.qml:58";"";"";"no"
"UI-2230";"qgc_source_uk_UA.ts";"ParameterEditor";"Reset All";"";"TODO";"../src/QmlControls/ParameterEditor.qml:59 | ../src/QmlControls/ParameterEditor.qml:67";"";"";"no"
"UI-2231";"qgc_source_uk_UA.ts";"ParameterEditor";"Reset to vehicle's configuration defaults";"";"TODO";"../src/QmlControls/ParameterEditor.qml:65";"";"";"no"
"UI-2232";"qgc_source_uk_UA.ts";"ParameterEditor";"Load Parameters";"";"TODO";"../src/QmlControls/ParameterEditor.qml:76";"";"";"no"
"UI-2233";"qgc_source_uk_UA.ts";"ParameterEditor";"Save to file...";"";"TODO";"../src/QmlControls/ParameterEditor.qml:81";"";"";"no"
"UI-2234";"qgc_source_uk_UA.ts";"ParameterEditor";"Save Parameters";"";"TODO";"../src/QmlControls/ParameterEditor.qml:83";"";"";"no"
"UI-2235";"qgc_source_uk_UA.ts";"ParameterEditor";"Clear all RC to Param";"";"TODO";"../src/QmlControls/ParameterEditor.qml:89";"";"";"no"
"UI-2236";"qgc_source_uk_UA.ts";"ParameterEditor";"All Files (*)";"";"TODO";"../src/QmlControls/ParameterEditor.qml:107";"";"";"no"
"UI-2237";"qgc_source_uk_UA.ts";"ParameterEditor";"Search";"";"TODO";"../src/QmlControls/ParameterEditor.qml:150";"";"";"no"
"UI-2238";"qgc_source_uk_UA.ts";"ParameterEditor";"Select Reset to reset all parameters to their defaults.

Note that this will also completely reset everything, including UAVCAN nodes, all vehicle settings, setup and calibrations.";"";"TODO";"../src/QmlControls/ParameterEditor.qml:60";"";"";"no"
"UI-2239";"qgc_source_uk_UA.ts";"ParameterEditor";"Load from file for review...";"";"TODO";"../src/QmlControls/ParameterEditor.qml:74";"";"";"no"
"UI-2240";"qgc_source_uk_UA.ts";"ParameterEditor";"Reboot Vehicle";"";"TODO";"../src/QmlControls/ParameterEditor.qml:95 | ../src/QmlControls/ParameterEditor.qml:96";"";"";"no"
"UI-2241";"qgc_source_uk_UA.ts";"ParameterEditor";"Parameter Files (*.%1)";"";"TODO";"../src/QmlControls/ParameterEditor.qml:107";"";"";"no"
"UI-2242";"qgc_source_uk_UA.ts";"ParameterEditor";"Select Reset to reset all parameters to the vehicle's configuration defaults.";"";"TODO";"../src/QmlControls/ParameterEditor.qml:68";"";"";"no"
"UI-2243";"qgc_source_uk_UA.ts";"ParameterEditor";"Select Ok to reboot vehicle.";"";"TODO";"../src/QmlControls/ParameterEditor.qml:97";"";"";"no"
"UI-2244";"qgc_source_uk_UA.ts";"ParameterEditorController";"Unable to create file: %1";"";"TODO";"../src/QmlControls/ParameterEditorController.cc:321";"";"";"no"
"UI-2245";"qgc_source_uk_UA.ts";"ParameterEditorController";"Unable to open file: %1";"";"TODO";"../src/QmlControls/ParameterEditorController.cc:362";"";"";"no"
"UI-2246";"qgc_source_uk_UA.ts";"ParameterEditorDialog";"Reset To Default";"";"TODO";"../src/QmlControls/ParameterEditorDialog.qml:143";"";"";"no"
"UI-2247";"qgc_source_uk_UA.ts";"ParameterEditorDialog";"Min: ";"";"TODO";"../src/QmlControls/ParameterEditorDialog.qml:193";"";"";"no"
"UI-2248";"qgc_source_uk_UA.ts";"ParameterEditorDialog";"Max: ";"";"TODO";"../src/QmlControls/ParameterEditorDialog.qml:198";"";"";"no"
"UI-2249";"qgc_source_uk_UA.ts";"ParameterEditorDialog";"Default: ";"";"TODO";"../src/QmlControls/ParameterEditorDialog.qml:203";"";"";"no"
"UI-2250";"qgc_source_uk_UA.ts";"ParameterEditorDialog";"Value Editor";"";"TODO";"../src/QmlControls/ParameterEditorDialog.qml:25";"";"";"no"
"UI-2251";"qgc_source_uk_UA.ts";"ParameterEditorDialog";"Vehicle reboot required after change";"";"TODO";"../src/QmlControls/ParameterEditorDialog.qml:210";"";"";"no"
"UI-2252";"qgc_source_uk_UA.ts";"ParameterEditorDialog";"Application restart required after change";"";"TODO";"../src/QmlControls/ParameterEditorDialog.qml:215";"";"";"no"
"UI-2253";"qgc_source_uk_UA.ts";"ParameterEditorDialog";"Warning: Modifying values while vehicle is in flight can lead to vehicle instability and possible vehicle loss. ";"";"TODO";"../src/QmlControls/ParameterEditorDialog.qml:221";"";"";"no"
"UI-2254";"qgc_source_uk_UA.ts";"ParameterEditorDialog";"Make sure you know what you are doing and double-check your values before Save!";"";"TODO";"../src/QmlControls/ParameterEditorDialog.qml:222";"";"";"no"
"UI-2255";"qgc_source_uk_UA.ts";"ParameterEditorDialog";"Force save (dangerous!)";"";"TODO";"../src/QmlControls/ParameterEditorDialog.qml:229";"";"";"no"
"UI-2256";"qgc_source_uk_UA.ts";"ParameterEditorDialog";"Advanced settings";"";"TODO";"../src/QmlControls/ParameterEditorDialog.qml:234";"";"";"no"
"UI-2257";"qgc_source_uk_UA.ts";"ParameterEditorDialog";"Manual Entry";"";"TODO";"../src/QmlControls/ParameterEditorDialog.qml:242";"";"";"no"
"UI-2258";"qgc_source_uk_UA.ts";"ParameterEditorDialog";"Set RC to Param";"";"TODO";"../src/QmlControls/ParameterEditorDialog.qml:250";"";"";"no"
"UI-2259";"qgc_source_uk_UA.ts";"ParameterManager";"Parameter write failed: veh:%1 comp:%2 param:%3";"";"TODO";"../src/FactSystem/ParameterManager.cc:690";"";"";"no"
"UI-2260";"qgc_source_uk_UA.ts";"ParameterManager";"Parameter read failed: veh:%1 comp:%2 param:%3";"";"TODO";"../src/FactSystem/ParameterManager.cc:712";"";"";"no"
"UI-2261";"qgc_source_uk_UA.ts";"ParameterManager";"Parameter cache CRC match failed";"";"TODO";"../src/FactSystem/ParameterManager.cc:933";"";"";"no"
"UI-2262";"qgc_source_uk_UA.ts";"ParameterManager";"Parameters not loaded since they are not currently on the vehicle: %1
";"";"TODO";"../src/FactSystem/ParameterManager.cc:984";"";"";"no"
"UI-2263";"qgc_source_uk_UA.ts";"ParameterManager";"Parameters not loaded due to type mismatch: %1";"";"TODO";"../src/FactSystem/ParameterManager.cc:988";"";"";"no"
"UI-2264";"qgc_source_uk_UA.ts";"ParameterManager";"%1 was unable to retrieve the full set of parameters from vehicle %2. This will cause %1 to be unable to display its full user interface. If you are using modified firmware, you may need to resolve any vehicle startup errors to resolve the issue. If you are using standard firmware, you may need to upgrade to a newer version to resolve the issue.";"";"TODO";"../src/FactSystem/ParameterManager.cc:1133";"";"";"no"
"UI-2265";"qgc_source_uk_UA.ts";"ParameterManager";"Vehicle %1 did not respond to request for parameters. This will cause %2 to be unable to display its full user interface.";"";"TODO";"../src/FactSystem/ParameterManager.cc:1158";"";"";"no"
"UI-2266";"qgc_source_uk_UA.ts";"PhotoVideoControl";"Camera Tracking";"";"TODO";"../src/FlightMap/Widgets/PhotoVideoControl.qml:290";"";"";"no"
"UI-2267";"qgc_source_uk_UA.ts";"PhotoVideoControl";"Free Space: ";"";"TODO";"../src/FlightMap/Widgets/PhotoVideoControl.qml:239";"";"";"no"
"UI-2268";"qgc_source_uk_UA.ts";"PhotoVideoControl";"Zoom";"";"TODO";"../src/FlightMap/Widgets/PhotoVideoControl.qml:62";"";"";"no"
"UI-2269";"qgc_source_uk_UA.ts";"PhotoVideoControl";"Battery: ";"";"TODO";"../src/FlightMap/Widgets/PhotoVideoControl.qml:246";"";"";"no"
"UI-2270";"qgc_source_uk_UA.ts";"PhotoVideoControl";"Settings";"";"TODO";"../src/FlightMap/Widgets/PhotoVideoControl.qml:317";"";"";"no"
"UI-2271";"qgc_source_uk_UA.ts";"PhotoVideoControl";"Camera";"";"TODO";"../src/FlightMap/Widgets/PhotoVideoControl.qml:337";"";"";"no"
"UI-2272";"qgc_source_uk_UA.ts";"PhotoVideoControl";"Video Stream";"";"TODO";"../src/FlightMap/Widgets/PhotoVideoControl.qml:343";"";"";"no"
"UI-2273";"qgc_source_uk_UA.ts";"PhotoVideoControl";"Thermal View Mode";"";"TODO";"../src/FlightMap/Widgets/PhotoVideoControl.qml:349";"";"";"no"
"UI-2274";"qgc_source_uk_UA.ts";"PhotoVideoControl";"Blend Opacity";"";"TODO";"../src/FlightMap/Widgets/PhotoVideoControl.qml:355";"";"";"no"
"UI-2275";"qgc_source_uk_UA.ts";"PhotoVideoControl";"Photo Mode";"";"TODO";"../src/FlightMap/Widgets/PhotoVideoControl.qml:370";"";"";"no"
"UI-2276";"qgc_source_uk_UA.ts";"PhotoVideoControl";"Photo Interval (seconds)";"";"TODO";"../src/FlightMap/Widgets/PhotoVideoControl.qml:376";"";"";"no"
"UI-2277";"qgc_source_uk_UA.ts";"PhotoVideoControl";"Video Grid Lines";"";"TODO";"../src/FlightMap/Widgets/PhotoVideoControl.qml:382";"";"";"no"
"UI-2278";"qgc_source_uk_UA.ts";"PhotoVideoControl";"Video Screen Fit";"";"TODO";"../src/FlightMap/Widgets/PhotoVideoControl.qml:388";"";"";"no"
"UI-2279";"qgc_source_uk_UA.ts";"PhotoVideoControl";"Reset Camera Defaults";"";"TODO";"../src/FlightMap/Widgets/PhotoVideoControl.qml:394";"";"";"no"
"UI-2280";"qgc_source_uk_UA.ts";"PhotoVideoControl";"Storage";"";"TODO";"../src/FlightMap/Widgets/PhotoVideoControl.qml:399";"";"";"no"
"UI-2281";"qgc_source_uk_UA.ts";"PhotoVideoControl";"Off";"";"TODO";"../src/FlightMap/Widgets/PhotoVideoControl.qml:426";"";"";"no"
"UI-2282";"qgc_source_uk_UA.ts";"PhotoVideoControl";"Blend";"";"TODO";"../src/FlightMap/Widgets/PhotoVideoControl.qml:426";"";"";"no"
"UI-2283";"qgc_source_uk_UA.ts";"PhotoVideoControl";"Full";"";"TODO";"../src/FlightMap/Widgets/PhotoVideoControl.qml:426";"";"";"no"
"UI-2284";"qgc_source_uk_UA.ts";"PhotoVideoControl";"Picture In Picture";"";"TODO";"../src/FlightMap/Widgets/PhotoVideoControl.qml:426";"";"";"no"
"UI-2285";"qgc_source_uk_UA.ts";"PhotoVideoControl";"Single";"";"TODO";"../src/FlightMap/Widgets/PhotoVideoControl.qml:500";"";"";"no"
"UI-2286";"qgc_source_uk_UA.ts";"PhotoVideoControl";"Time Lapse";"";"TODO";"../src/FlightMap/Widgets/PhotoVideoControl.qml:500";"";"";"no"
"UI-2287";"qgc_source_uk_UA.ts";"PhotoVideoControl";"Reset";"";"TODO";"../src/FlightMap/Widgets/PhotoVideoControl.qml:534";"";"";"no"
"UI-2288";"qgc_source_uk_UA.ts";"PhotoVideoControl";"Reset Camera to Factory Settings";"";"TODO";"../src/FlightMap/Widgets/PhotoVideoControl.qml:538";"";"";"no"
"UI-2289";"qgc_source_uk_UA.ts";"PhotoVideoControl";"Confirm resetting all settings?";"";"TODO";"../src/FlightMap/Widgets/PhotoVideoControl.qml:539";"";"";"no"
"UI-2290";"qgc_source_uk_UA.ts";"PhotoVideoControl";"Format";"";"TODO";"../src/FlightMap/Widgets/PhotoVideoControl.qml:558";"";"";"no"
"UI-2291";"qgc_source_uk_UA.ts";"PhotoVideoControl";"Format Camera Storage";"";"TODO";"../src/FlightMap/Widgets/PhotoVideoControl.qml:563";"";"";"no"
"UI-2292";"qgc_source_uk_UA.ts";"PhotoVideoControl";"Confirm erasing all files?";"";"TODO";"../src/FlightMap/Widgets/PhotoVideoControl.qml:564";"";"";"no"
"UI-2293";"qgc_source_uk_UA.ts";"PlanManager";"Internal error occurred during Mission Item communication: _ackTimeOut:_expectedAck == AckNone";"";"TODO";"../src/MissionManager/PlanManager.cc:183";"";"";"no"
"UI-2294";"qgc_source_uk_UA.ts";"PlanManager";"Mission request list failed, maximum retries exceeded.";"";"TODO";"../src/MissionManager/PlanManager.cc:188";"";"";"no"
"UI-2295";"qgc_source_uk_UA.ts";"PlanManager";"Retrying %1 REQUEST_LIST retry Count";"";"TODO";"../src/MissionManager/PlanManager.cc:192";"";"";"no"
"UI-2296";"qgc_source_uk_UA.ts";"PlanManager";"Mission read failed, maximum retries exceeded.";"";"TODO";"../src/MissionManager/PlanManager.cc:199";"";"";"no"
"UI-2297";"qgc_source_uk_UA.ts";"PlanManager";"Retrying %1 MISSION_REQUEST retry Count";"";"TODO";"../src/MissionManager/PlanManager.cc:203";"";"";"no"
"UI-2298";"qgc_source_uk_UA.ts";"PlanManager";"Mission write failed, vehicle failed to send final ack.";"";"TODO";"../src/MissionManager/PlanManager.cc:211";"";"";"no"
"UI-2299";"qgc_source_uk_UA.ts";"PlanManager";"Mission write mission count failed, maximum retries exceeded.";"";"TODO";"../src/MissionManager/PlanManager.cc:216";"";"";"no"
"UI-2300";"qgc_source_uk_UA.ts";"PlanManager";"Vehicle did not request all items from ground station: %1";"";"TODO";"../src/MissionManager/PlanManager.cc:225";"";"";"no"
"UI-2301";"qgc_source_uk_UA.ts";"PlanManager";"Mission remove all, maximum retries exceeded.";"";"TODO";"../src/MissionManager/PlanManager.cc:233";"";"";"no"
"UI-2302";"qgc_source_uk_UA.ts";"PlanManager";"Retrying %1 MISSION_CLEAR_ALL retry Count";"";"TODO";"../src/MissionManager/PlanManager.cc:237";"";"";"no"
"UI-2303";"qgc_source_uk_UA.ts";"PlanManager";"Vehicle did not respond to mission item communication: %1";"";"TODO";"../src/MissionManager/PlanManager.cc:244";"";"";"no"
"UI-2304";"qgc_source_uk_UA.ts";"PlanManager";"Internal Error: Call to Vehicle _requestNextMissionItem with no more indices to read";"";"TODO";"../src/MissionManager/PlanManager.cc:357";"";"";"no"
"UI-2305";"qgc_source_uk_UA.ts";"PlanManager";"Vehicle requested item outside range, count:request %1:%2. Send to Vehicle failed.";"";"TODO";"../src/MissionManager/PlanManager.cc:515";"";"";"no"
"UI-2306";"qgc_source_uk_UA.ts";"PlanManager";"Vehicle remove all failed. Error: %1";"";"TODO";"../src/MissionManager/PlanManager.cc:629";"";"";"no"
"UI-2307";"qgc_source_uk_UA.ts";"PlanManager";"Item #%1 Command: %2";"";"TODO";"../src/MissionManager/PlanManager.cc:704";"";"";"no"
"UI-2308";"qgc_source_uk_UA.ts";"PlanManager";"Frame: %1";"";"TODO";"../src/MissionManager/PlanManager.cc:708";"";"";"no"
"UI-2309";"qgc_source_uk_UA.ts";"PlanManager";"Value: %1";"";"TODO";"../src/MissionManager/PlanManager.cc:714 | ../src/MissionManager/PlanManager.cc:717 | ../src/MissionManager/PlanManager.cc:720 | ../src/MissionManager/PlanManager.cc:723 | ../src/MissionManager/PlanManager.cc:726 | ../src/MissionManager/PlanManager.cc:729 | ../src/MissionManager/PlanManager.cc:732";"";"";"no"
"UI-2310";"qgc_source_uk_UA.ts";"PlanManager";"Mission accepted.";"";"TODO";"../src/MissionManager/PlanManager.cc:751";"";"";"no"
"UI-2311";"qgc_source_uk_UA.ts";"PlanManager";"Unspecified error.";"";"TODO";"../src/MissionManager/PlanManager.cc:754";"";"";"no"
"UI-2312";"qgc_source_uk_UA.ts";"PlanManager";"Coordinate frame is not supported.";"";"TODO";"../src/MissionManager/PlanManager.cc:757";"";"";"no"
"UI-2313";"qgc_source_uk_UA.ts";"PlanManager";"Command is not supported.";"";"TODO";"../src/MissionManager/PlanManager.cc:760";"";"";"no"
"UI-2314";"qgc_source_uk_UA.ts";"PlanManager";"Mission item exceeds storage space.";"";"TODO";"../src/MissionManager/PlanManager.cc:763";"";"";"no"
"UI-2315";"qgc_source_uk_UA.ts";"PlanManager";"One of the parameters has an invalid value.";"";"TODO";"../src/MissionManager/PlanManager.cc:766";"";"";"no"
"UI-2316";"qgc_source_uk_UA.ts";"PlanManager";"Param 1 invalid value.";"";"TODO";"../src/MissionManager/PlanManager.cc:769";"";"";"no"
"UI-2317";"qgc_source_uk_UA.ts";"PlanManager";"Param 2 invalid value.";"";"TODO";"../src/MissionManager/PlanManager.cc:772";"";"";"no"
"UI-2318";"qgc_source_uk_UA.ts";"PlanManager";"Param 3 invalid value.";"";"TODO";"../src/MissionManager/PlanManager.cc:775";"";"";"no"
"UI-2319";"qgc_source_uk_UA.ts";"PlanManager";"Param 4 invalid value.";"";"TODO";"../src/MissionManager/PlanManager.cc:778";"";"";"no"
"UI-2320";"qgc_source_uk_UA.ts";"PlanManager";"Param 5 invalid value.";"";"TODO";"../src/MissionManager/PlanManager.cc:781";"";"";"no"
"UI-2321";"qgc_source_uk_UA.ts";"PlanManager";"Param 6 invalid value.";"";"TODO";"../src/MissionManager/PlanManager.cc:784";"";"";"no"
"UI-2322";"qgc_source_uk_UA.ts";"PlanManager";"Param 7 invalid value.";"";"TODO";"../src/MissionManager/PlanManager.cc:787";"";"";"no"
"UI-2323";"qgc_source_uk_UA.ts";"PlanManager";"Received mission item out of sequence.";"";"TODO";"../src/MissionManager/PlanManager.cc:790";"";"";"no"
"UI-2324";"qgc_source_uk_UA.ts";"PlanManager";"Not accepting any mission commands.";"";"TODO";"../src/MissionManager/PlanManager.cc:793";"";"";"no"
"UI-2325";"qgc_source_uk_UA.ts";"PlanManager";"Unknown error: %1.";"";"TODO";"../src/MissionManager/PlanManager.cc:797";"";"";"no"
"UI-2326";"qgc_source_uk_UA.ts";"PlanManager";"Vehicle returned error: %1. %2Vehicle did not accept guided item.";"";"TODO";"../src/MissionManager/PlanManager.cc:640";"";"";"no"
"UI-2327";"qgc_source_uk_UA.ts";"PlanMasterController";"Download not supported on high latency links.";"";"TODO";"../src/MissionManager/PlanMasterController.cc:207";"";"";"no"
"UI-2328";"qgc_source_uk_UA.ts";"PlanMasterController";"Upload not supported on high latency links.";"";"TODO";"../src/MissionManager/PlanMasterController.cc:311";"";"";"no"
"UI-2329";"qgc_source_uk_UA.ts";"PlanMasterController";"Error loading Plan file (%1). %2";"";"TODO";"../src/MissionManager/PlanMasterController.cc:334";"";"";"no"
"UI-2330";"qgc_source_uk_UA.ts";"PlanMasterController";"Plan save error %1 : %2";"";"TODO";"../src/MissionManager/PlanMasterController.cc:458";"";"";"no"
"UI-2331";"qgc_source_uk_UA.ts";"PlanMasterController";"KML save error %1 : %2";"";"TODO";"../src/MissionManager/PlanMasterController.cc:490";"";"";"no"
"UI-2332";"qgc_source_uk_UA.ts";"PlanMasterController";"Supported types (*.%1 *.%2 *.%3 *.%4)";"";"TODO";"../src/MissionManager/PlanMasterController.cc:561";"";"";"no"
"UI-2333";"qgc_source_uk_UA.ts";"PlanMasterController";"All Files (*)";"";"TODO";"../src/MissionManager/PlanMasterController.cc:562 | ../src/MissionManager/PlanMasterController.cc:571";"";"";"no"
"UI-2334";"qgc_source_uk_UA.ts";"PlanMasterController";"Plan Files (*.%1)";"";"TODO";"../src/MissionManager/PlanMasterController.cc:571";"";"";"no"
"UI-2335";"qgc_source_uk_UA.ts";"PlanToolBarIndicators";"Selected Waypoint";"";"TODO";"../src/QmlControls/PlanToolBarIndicators.qml:132";"";"";"no"
"UI-2336";"qgc_source_uk_UA.ts";"PlanToolBarIndicators";"Alt diff:";"";"TODO";"../src/QmlControls/PlanToolBarIndicators.qml:137";"";"";"no"
"UI-2337";"qgc_source_uk_UA.ts";"PlanToolBarIndicators";"Azimuth:";"";"TODO";"../src/QmlControls/PlanToolBarIndicators.qml:146";"";"";"no"
"UI-2338";"qgc_source_uk_UA.ts";"PlanToolBarIndicators";"Distance:";"";"TODO";"../src/QmlControls/PlanToolBarIndicators.qml:190";"";"";"no"
"UI-2339";"qgc_source_uk_UA.ts";"PlanToolBarIndicators";"Gradient:";"";"TODO";"../src/QmlControls/PlanToolBarIndicators.qml:162";"";"";"no"
"UI-2340";"qgc_source_uk_UA.ts";"PlanToolBarIndicators";" deg";"";"TODO";"../src/QmlControls/PlanToolBarIndicators.qml:62";"";"";"no"
"UI-2341";"qgc_source_uk_UA.ts";"PlanToolBarIndicators";"N/A";"";"TODO";"../src/QmlControls/PlanToolBarIndicators.qml:67 | ../src/QmlControls/PlanToolBarIndicators.qml:68";"";"";"no"
"UI-2342";"qgc_source_uk_UA.ts";"PlanToolBarIndicators";"Dist prev WP:";"";"TODO";"../src/QmlControls/PlanToolBarIndicators.qml:155";"";"";"no"
"UI-2343";"qgc_source_uk_UA.ts";"PlanToolBarIndicators";"Heading:";"";"TODO";"../src/QmlControls/PlanToolBarIndicators.qml:171";"";"";"no"
"UI-2344";"qgc_source_uk_UA.ts";"PlanToolBarIndicators";"Total Mission";"";"TODO";"../src/QmlControls/PlanToolBarIndicators.qml:185";"";"";"no"
"UI-2345";"qgc_source_uk_UA.ts";"PlanToolBarIndicators";"Max telem dist:";"";"TODO";"../src/QmlControls/PlanToolBarIndicators.qml:199";"";"";"no"
"UI-2346";"qgc_source_uk_UA.ts";"PlanToolBarIndicators";"Time:";"";"TODO";"../src/QmlControls/PlanToolBarIndicators.qml:206";"";"";"no"
"UI-2347";"qgc_source_uk_UA.ts";"PlanToolBarIndicators";"Battery";"";"TODO";"../src/QmlControls/PlanToolBarIndicators.qml:221";"";"";"no"
"UI-2348";"qgc_source_uk_UA.ts";"PlanToolBarIndicators";"Batteries required:";"";"TODO";"../src/QmlControls/PlanToolBarIndicators.qml:226";"";"";"no"
"UI-2349";"qgc_source_uk_UA.ts";"PlanToolBarIndicators";"Upload Required";"";"TODO";"../src/QmlControls/PlanToolBarIndicators.qml:102";"";"";"no"
"UI-2350";"qgc_source_uk_UA.ts";"PlanToolBarIndicators";"Upload";"";"TODO";"../src/QmlControls/PlanToolBarIndicators.qml:102";"";"";"no"
"UI-2351";"qgc_source_uk_UA.ts";"PlanView";"Vehicle is currently armed. Do you want to upload the mission to the vehicle?";"";"TODO";"../src/QmlControls/PlanView.qml:70";"";"";"no"
"UI-2352";"qgc_source_uk_UA.ts";"PlanView";"You have changed the default altitude for mission items. Would you like to apply that altitude to all the items in the current mission?";"";"TODO";"../src/QmlControls/PlanView.qml:108";"";"";"no"
"UI-2353";"qgc_source_uk_UA.ts";"PlanView";"You need at least one item to create a KML.";"";"TODO";"../src/QmlControls/PlanView.qml:1108";"";"";"no"
"UI-2354";"qgc_source_uk_UA.ts";"PlanView";"Plan is waiting on terrain data from server for correct altitude values.";"";"TODO";"../src/QmlControls/PlanView.qml:184";"";"";"no"
"UI-2355";"qgc_source_uk_UA.ts";"PlanView";"Plan Upload";"";"TODO";"../src/QmlControls/PlanView.qml:210";"";"";"no"
"UI-2356";"qgc_source_uk_UA.ts";"PlanView";"Select Plan File";"";"TODO";"../src/QmlControls/PlanView.qml:222";"";"";"no"
"UI-2357";"qgc_source_uk_UA.ts";"PlanView";"Save Plan";"";"TODO";"../src/QmlControls/PlanView.qml:232";"";"";"no"
"UI-2358";"qgc_source_uk_UA.ts";"PlanView";"Save KML";"";"TODO";"../src/QmlControls/PlanView.qml:246";"";"";"no"
"UI-2359";"qgc_source_uk_UA.ts";"PlanView";"File";"";"TODO";"../src/QmlControls/PlanView.qml:577";"";"";"no"
"UI-2360";"qgc_source_uk_UA.ts";"PlanView";"Waypoint";"";"TODO";"../src/QmlControls/PlanView.qml:598";"";"";"no"
"UI-2361";"qgc_source_uk_UA.ts";"PlanView";"ROI";"";"TODO";"../src/QmlControls/PlanView.qml:605";"";"";"no"
"UI-2362";"qgc_source_uk_UA.ts";"PlanView";"Pattern";"";"TODO";"../src/QmlControls/PlanView.qml:621";"";"";"no"
"UI-2363";"qgc_source_uk_UA.ts";"PlanView";"Center";"";"TODO";"../src/QmlControls/PlanView.qml:648";"";"";"no"
"UI-2364";"qgc_source_uk_UA.ts";"PlanView";"Apply new altitude";"";"TODO";"../src/QmlControls/PlanView.qml:107";"";"";"no"
"UI-2365";"qgc_source_uk_UA.ts";"PlanView";"Plan View - Vehicle Disconnected";"";"TODO";"../src/QmlControls/PlanView.qml:118";"";"";"no"
"UI-2366";"qgc_source_uk_UA.ts";"PlanView";"Plan View - Vehicle Changed";"";"TODO";"../src/QmlControls/PlanView.qml:118";"";"";"no"
"UI-2367";"qgc_source_uk_UA.ts";"PlanView";"The vehicle associated with the plan in the Plan View is no longer available. What would you like to do with that plan?";"";"TODO";"../src/QmlControls/PlanView.qml:126";"";"";"no"
"UI-2368";"qgc_source_uk_UA.ts";"PlanView";"The plan being worked on in the Plan View is not from the current vehicle. What would you like to do with that plan?";"";"TODO";"../src/QmlControls/PlanView.qml:127";"";"";"no"
"UI-2369";"qgc_source_uk_UA.ts";"PlanView";"Discard Unsaved Changes";"";"TODO";"../src/QmlControls/PlanView.qml:134";"";"";"no"
"UI-2370";"qgc_source_uk_UA.ts";"PlanView";"Discard Unsaved Changes, Load New Plan From Vehicle";"";"TODO";"../src/QmlControls/PlanView.qml:135";"";"";"no"
"UI-2371";"qgc_source_uk_UA.ts";"PlanView";"Load New Plan From Vehicle";"";"TODO";"../src/QmlControls/PlanView.qml:136";"";"";"no"
"UI-2372";"qgc_source_uk_UA.ts";"PlanView";"Keep Current Plan";"";"TODO";"../src/QmlControls/PlanView.qml:147";"";"";"no"
"UI-2373";"qgc_source_uk_UA.ts";"PlanView";"Keep Current Plan, Don't Update From Vehicle";"";"TODO";"../src/QmlControls/PlanView.qml:148";"";"";"no"
"UI-2374";"qgc_source_uk_UA.ts";"PlanView";"This Plan was created for a different firmware or vehicle type than the firmware/vehicle type of vehicle you are uploading to. This can lead to errors or incorrect behavior. It is recommended to recreate the Plan for the correct firmware/vehicle type.

Click 'Ok' to upload the Plan anyway.";"";"TODO";"../src/QmlControls/PlanView.qml:211";"";"";"no"
"UI-2375";"qgc_source_uk_UA.ts";"PlanView";"Send To Vehicle";"";"TODO";"../src/QmlControls/PlanView.qml:207";"";"";"no"
"UI-2376";"qgc_source_uk_UA.ts";"PlanView";"Current mission must be paused prior to uploading a new Plan";"";"TODO";"../src/QmlControls/PlanView.qml:207";"";"";"no"
"UI-2377";"qgc_source_uk_UA.ts";"PlanView";"Takeoff";"";"TODO";"../src/QmlControls/PlanView.qml:586";"";"";"no"
"UI-2378";"qgc_source_uk_UA.ts";"PlanView";"Rally Point";"";"TODO";"../src/QmlControls/PlanView.qml:598";"";"";"no"
"UI-2379";"qgc_source_uk_UA.ts";"PlanView";"Cancel ROI";"";"TODO";"../src/QmlControls/PlanView.qml:605";"";"";"no"
"UI-2380";"qgc_source_uk_UA.ts";"PlanView";"Return";"";"TODO";"../src/QmlControls/PlanView.qml:635";"";"";"no"
"UI-2381";"qgc_source_uk_UA.ts";"PlanView";"Alt Land";"";"TODO";"../src/QmlControls/PlanView.qml:637";"";"";"no"
"UI-2382";"qgc_source_uk_UA.ts";"PlanView";"Land";"";"TODO";"../src/QmlControls/PlanView.qml:638";"";"";"no"
"UI-2383";"qgc_source_uk_UA.ts";"PlanView";"Mission";"";"TODO";"../src/QmlControls/PlanView.qml:708 | ../src/QmlControls/PlanView.qml:725";"";"";"no"
"UI-2384";"qgc_source_uk_UA.ts";"PlanView";"Fence";"";"TODO";"../src/QmlControls/PlanView.qml:711";"";"";"no"
"UI-2385";"qgc_source_uk_UA.ts";"PlanView";"Rally";"";"TODO";"../src/QmlControls/PlanView.qml:715 | ../src/QmlControls/PlanView.qml:728";"";"";"no"
"UI-2386";"qgc_source_uk_UA.ts";"PlanView";"UTM-Adapter";"";"TODO";"../src/QmlControls/PlanView.qml:733";"";"";"no"
"UI-2387";"qgc_source_uk_UA.ts";"PlanView";"Powered by %1";"";"TODO";"../src/QmlControls/PlanView.qml:838";"";"";"no"
"UI-2388";"qgc_source_uk_UA.ts";"PlanView";"You have unsaved/unsent changes. Loading from the Vehicle will lose these changes. Are you sure you want to load from the Vehicle?";"";"TODO";"../src/QmlControls/PlanView.qml:954";"";"";"no"
"UI-2389";"qgc_source_uk_UA.ts";"PlanView";"You have unsaved/unsent changes. Loading from a file will lose these changes. Are you sure you want to load from a file?";"";"TODO";"../src/QmlControls/PlanView.qml:877";"";"";"no"
"UI-2390";"qgc_source_uk_UA.ts";"PlanView";"Clear";"";"TODO";"../src/QmlControls/PlanView.qml:898 | ../src/QmlControls/PlanView.qml:1152";"";"";"no"
"UI-2391";"qgc_source_uk_UA.ts";"PlanView";"Are you sure you want to remove all mission items and clear the mission from the vehicle?";"";"TODO";"../src/QmlControls/PlanView.qml:899";"";"";"no"
"UI-2392";"qgc_source_uk_UA.ts";"PlanView";"Create complex pattern:";"";"TODO";"../src/QmlControls/PlanView.qml:933";"";"";"no"
"UI-2393";"qgc_source_uk_UA.ts";"PlanView";"You have unsaved changes.";"";"TODO";"../src/QmlControls/PlanView.qml:977";"";"";"no"
"UI-2394";"qgc_source_uk_UA.ts";"PlanView";"Open...";"";"TODO";"../src/QmlControls/PlanView.qml:1063";"";"";"no"
"UI-2395";"qgc_source_uk_UA.ts";"PlanView";"Save";"";"TODO";"../src/QmlControls/PlanView.qml:178 | ../src/QmlControls/PlanView.qml:183 | ../src/QmlControls/PlanView.qml:1077";"";"";"no"
"UI-2396";"qgc_source_uk_UA.ts";"PlanView";"Unable to %1";"";"TODO";"../src/QmlControls/PlanView.qml:179 | ../src/QmlControls/PlanView.qml:184";"";"";"no"
"UI-2397";"qgc_source_uk_UA.ts";"PlanView";"Plan has incomplete items. Complete all items and %1 again.";"";"TODO";"../src/QmlControls/PlanView.qml:179";"";"";"no"
"UI-2398";"qgc_source_uk_UA.ts";"PlanView";"Are you sure you want to remove current plan and create a new plan? ";"";"TODO";"../src/QmlControls/PlanView.qml:887";"";"";"no"
"UI-2399";"qgc_source_uk_UA.ts";"PlanView";"Plan overwrite";"";"TODO";"../src/QmlControls/PlanView.qml:969";"";"";"no"
"UI-2400";"qgc_source_uk_UA.ts";"PlanView";"You have unsaved changes. You should upload to your vehicle, or save to a file.";"";"TODO";"../src/QmlControls/PlanView.qml:976";"";"";"no"
"UI-2401";"qgc_source_uk_UA.ts";"PlanView";"Create Plan";"";"TODO";"../src/QmlControls/PlanView.qml:886 | ../src/QmlControls/PlanView.qml:984";"";"";"no"
"UI-2402";"qgc_source_uk_UA.ts";"PlanView";"Storage";"";"TODO";"../src/QmlControls/PlanView.qml:1053";"";"";"no"
"UI-2403";"qgc_source_uk_UA.ts";"PlanView";"Save As...";"";"TODO";"../src/QmlControls/PlanView.qml:1091";"";"";"no"
"UI-2404";"qgc_source_uk_UA.ts";"PlanView";"Save Mission Waypoints As KML...";"";"TODO";"../src/QmlControls/PlanView.qml:1103";"";"";"no"
"UI-2405";"qgc_source_uk_UA.ts";"PlanView";"KML";"";"TODO";"../src/QmlControls/PlanView.qml:1108";"";"";"no"
"UI-2406";"qgc_source_uk_UA.ts";"PlanView";"Upload";"";"TODO";"../src/QmlControls/PlanView.qml:178 | ../src/QmlControls/PlanView.qml:183 | ../src/QmlControls/PlanView.qml:1129";"";"";"no"
"UI-2407";"qgc_source_uk_UA.ts";"PlanView";"Vehicle";"";"TODO";"../src/QmlControls/PlanView.qml:1120";"";"";"no"
"UI-2408";"qgc_source_uk_UA.ts";"PlanView";"Download";"";"TODO";"../src/QmlControls/PlanView.qml:1140";"";"";"no"
"UI-2409";"qgc_source_uk_UA.ts";"PlanViewSettings";"Default Mission Altitude";"";"TODO";"../src/UI/AppSettings/PlanViewSettings.qml:29";"";"";"no"
"UI-2410";"qgc_source_uk_UA.ts";"PlanViewSettings";"VTOL TransitionDistance";"";"TODO";"../src/UI/AppSettings/PlanViewSettings.qml:36";"";"";"no"
"UI-2411";"qgc_source_uk_UA.ts";"PlanViewSettings";"Use MAV_CMD_CONDITION_GATE for pattern generation";"";"TODO";"../src/UI/AppSettings/PlanViewSettings.qml:43";"";"";"no"
"UI-2412";"qgc_source_uk_UA.ts";"PlanViewSettings";"Missions do not require takeoff item";"";"TODO";"../src/UI/AppSettings/PlanViewSettings.qml:50";"";"";"no"
"UI-2413";"qgc_source_uk_UA.ts";"PlanViewSettings";"Allow configuring multiple landing sequences";"";"TODO";"../src/UI/AppSettings/PlanViewSettings.qml:57";"";"";"no"
"UI-2414";"qgc_source_uk_UA.ts";"PlanViewToolBar";"Exit Plan";"";"TODO";"../src/QmlControls/PlanViewToolBar.qml:58";"";"";"no"
"UI-2415";"qgc_source_uk_UA.ts";"PlanViewToolBar";"Syncing Mission";"";"TODO";"../src/QmlControls/PlanViewToolBar.qml:131";"";"";"no"
"UI-2416";"qgc_source_uk_UA.ts";"PlanViewToolBar";"Done";"";"TODO";"../src/QmlControls/PlanViewToolBar.qml:138";"";"";"no"
"UI-2417";"qgc_source_uk_UA.ts";"PlanViewToolBar";"Click anywhere to hide";"";"TODO";"../src/QmlControls/PlanViewToolBar.qml:147";"";"";"no"
"UI-2418";"qgc_source_uk_UA.ts";"PowerComponent";"ESC Calibration";"";"TODO";"../src/AutoPilotPlugins/PX4/PowerComponent.qml:58 | ../src/AutoPilotPlugins/PX4/PowerComponent.qml:59 | ../src/AutoPilotPlugins/PX4/PowerComponent.qml:534";"";"";"no"
"UI-2419";"qgc_source_uk_UA.ts";"PowerComponent";"%1 cannot perform ESC Calibration with this version of firmware. You will need to upgrade to a newer firmware.";"";"TODO";"../src/AutoPilotPlugins/PX4/PowerComponent.qml:58";"";"";"no"
"UI-2420";"qgc_source_uk_UA.ts";"PowerComponent";"%1 cannot perform ESC Calibration with this version of firmware. You will need to upgrade %1.";"";"TODO";"../src/AutoPilotPlugins/PX4/PowerComponent.qml:59";"";"";"no"
"UI-2421";"qgc_source_uk_UA.ts";"PowerComponent";"Performing calibration. This will take a few seconds..";"";"TODO";"../src/AutoPilotPlugins/PX4/PowerComponent.qml:541";"";"";"no"
"UI-2422";"qgc_source_uk_UA.ts";"PowerComponent";"ESC Calibration failed";"";"TODO";"../src/AutoPilotPlugins/PX4/PowerComponent.qml:60";"";"";"no"
"UI-2423";"qgc_source_uk_UA.ts";"PowerComponent";"ESC Calibration failed. ";"";"TODO";"../src/AutoPilotPlugins/PX4/PowerComponent.qml:542";"";"";"no"
"UI-2424";"qgc_source_uk_UA.ts";"PowerComponent";"Calibration complete. You can disconnect your battery now if you like.";"";"TODO";"../src/AutoPilotPlugins/PX4/PowerComponent.qml:543";"";"";"no"
"UI-2425";"qgc_source_uk_UA.ts";"PowerComponent";"WARNING: Props must be removed from vehicle prior to performing ESC calibration.";"";"TODO";"../src/AutoPilotPlugins/PX4/PowerComponent.qml:550";"";"";"no"
"UI-2426";"qgc_source_uk_UA.ts";"PowerComponent";" Connect the battery now and calibration will begin.";"";"TODO";"../src/AutoPilotPlugins/PX4/PowerComponent.qml:550";"";"";"no"
"UI-2427";"qgc_source_uk_UA.ts";"PowerComponent";"You must disconnect the battery prior to performing ESC Calibration. Disconnect your battery and try again.";"";"TODO";"../src/AutoPilotPlugins/PX4/PowerComponent.qml:60";"";"";"no"
"UI-2428";"qgc_source_uk_UA.ts";"PowerComponent";"Battery ";"";"TODO";"../src/AutoPilotPlugins/PX4/PowerComponent.qml:215";"";"";"no"
"UI-2429";"qgc_source_uk_UA.ts";"PowerComponent";"Source";"";"TODO";"../src/AutoPilotPlugins/PX4/PowerComponent.qml:256 | ../src/AutoPilotPlugins/PX4/PowerComponent.qml:271";"";"";"no"
"UI-2430";"qgc_source_uk_UA.ts";"PowerComponent";"Measure battery voltage using an external voltmeter and enter the value below. Click Calculate to set the new voltage multiplier.";"";"TODO";"../src/AutoPilotPlugins/PX4/PowerComponent.qml:436";"";"";"no"
"UI-2431";"qgc_source_uk_UA.ts";"PowerComponent";"Measured voltage:";"";"TODO";"../src/AutoPilotPlugins/PX4/PowerComponent.qml:443";"";"";"no"
"UI-2432";"qgc_source_uk_UA.ts";"PowerComponent";"Vehicle voltage:";"";"TODO";"../src/AutoPilotPlugins/PX4/PowerComponent.qml:446";"";"";"no"
"UI-2433";"qgc_source_uk_UA.ts";"PowerComponent";"Voltage divider:";"";"TODO";"../src/AutoPilotPlugins/PX4/PowerComponent.qml:449";"";"";"no"
"UI-2434";"qgc_source_uk_UA.ts";"PowerComponent";"Measure current draw using an external current meter and enter the value below. Click Calculate to set the new amps per volt value.";"";"TODO";"../src/AutoPilotPlugins/PX4/PowerComponent.qml:494";"";"";"no"
"UI-2435";"qgc_source_uk_UA.ts";"PowerComponent";"Measured current:";"";"TODO";"../src/AutoPilotPlugins/PX4/PowerComponent.qml:501";"";"";"no"
"UI-2436";"qgc_source_uk_UA.ts";"PowerComponent";"Vehicle current:";"";"TODO";"../src/AutoPilotPlugins/PX4/PowerComponent.qml:504";"";"";"no"
"UI-2437";"qgc_source_uk_UA.ts";"PowerComponent";"Amps per volt:";"";"TODO";"../src/AutoPilotPlugins/PX4/PowerComponent.qml:507";"";"";"no"
"UI-2438";"qgc_source_uk_UA.ts";"PowerComponent";"Calculate";"";"TODO";"../src/AutoPilotPlugins/PX4/PowerComponent.qml:329 | ../src/AutoPilotPlugins/PX4/PowerComponent.qml:353 | ../src/AutoPilotPlugins/PX4/PowerComponent.qml:454 | ../src/AutoPilotPlugins/PX4/PowerComponent.qml:512";"";"";"no"
"UI-2439";"qgc_source_uk_UA.ts";"PowerComponent";"Number of Cells (in Series)";"";"TODO";"../src/AutoPilotPlugins/PX4/PowerComponent.qml:293";"";"";"no"
"UI-2440";"qgc_source_uk_UA.ts";"PowerComponent";"Full Voltage (per cell)";"";"TODO";"../src/AutoPilotPlugins/PX4/PowerComponent.qml:312";"";"";"no"
"UI-2441";"qgc_source_uk_UA.ts";"PowerComponent";"Battery Max:";"";"TODO";"../src/AutoPilotPlugins/PX4/PowerComponent.qml:299";"";"";"no"
"UI-2442";"qgc_source_uk_UA.ts";"PowerComponent";"Empty Voltage (per cell)";"";"TODO";"../src/AutoPilotPlugins/PX4/PowerComponent.qml:302";"";"";"no"
"UI-2443";"qgc_source_uk_UA.ts";"PowerComponent";"Battery Min:";"";"TODO";"../src/AutoPilotPlugins/PX4/PowerComponent.qml:308";"";"";"no"
"UI-2444";"qgc_source_uk_UA.ts";"PowerComponent";"Voltage divider";"";"TODO";"../src/AutoPilotPlugins/PX4/PowerComponent.qml:321";"";"";"no"
"UI-2445";"qgc_source_uk_UA.ts";"PowerComponent";"Calculate Voltage Divider";"";"TODO";"../src/AutoPilotPlugins/PX4/PowerComponent.qml:417";"";"";"no"
"UI-2446";"qgc_source_uk_UA.ts";"PowerComponent";"If the battery voltage reported by the vehicle is largely different than the voltage read externally using a voltmeter you can adjust the voltage multiplier value to correct this. ";"";"TODO";"../src/AutoPilotPlugins/PX4/PowerComponent.qml:340";"";"";"no"
"UI-2447";"qgc_source_uk_UA.ts";"PowerComponent";"Click the Calculate button for help with calculating a new value.";"";"TODO";"../src/AutoPilotPlugins/PX4/PowerComponent.qml:341 | ../src/AutoPilotPlugins/PX4/PowerComponent.qml:365";"";"";"no"
"UI-2448";"qgc_source_uk_UA.ts";"PowerComponent";"Amps per volt";"";"TODO";"../src/AutoPilotPlugins/PX4/PowerComponent.qml:345";"";"";"no"
"UI-2449";"qgc_source_uk_UA.ts";"PowerComponent";"Calculate Amps per Volt";"";"TODO";"../src/AutoPilotPlugins/PX4/PowerComponent.qml:475";"";"";"no"
"UI-2450";"qgc_source_uk_UA.ts";"PowerComponent";"If the current draw reported by the vehicle is largely different than the current read externally using a current meter you can adjust the amps per volt value to correct this. ";"";"TODO";"../src/AutoPilotPlugins/PX4/PowerComponent.qml:364";"";"";"no"
"UI-2451";"qgc_source_uk_UA.ts";"PowerComponent";"ESC PWM Minimum and Maximum Calibration";"";"TODO";"../src/AutoPilotPlugins/PX4/PowerComponent.qml:110";"";"";"no"
"UI-2452";"qgc_source_uk_UA.ts";"PowerComponent";"WARNING: Propellers must be removed from vehicle prior to performing ESC calibration.";"";"TODO";"../src/AutoPilotPlugins/PX4/PowerComponent.qml:120";"";"";"no"
"UI-2453";"qgc_source_uk_UA.ts";"PowerComponent";"You must use USB connection for this operation.";"";"TODO";"../src/AutoPilotPlugins/PX4/PowerComponent.qml:125";"";"";"no"
"UI-2454";"qgc_source_uk_UA.ts";"PowerComponent";"Calibrate";"";"TODO";"../src/AutoPilotPlugins/PX4/PowerComponent.qml:129";"";"";"no"
"UI-2455";"qgc_source_uk_UA.ts";"PowerComponent";"Show UAVCAN Settings";"";"TODO";"../src/AutoPilotPlugins/PX4/PowerComponent.qml:138";"";"";"no"
"UI-2456";"qgc_source_uk_UA.ts";"PowerComponent";"UAVCAN Bus Configuration";"";"TODO";"../src/AutoPilotPlugins/PX4/PowerComponent.qml:144";"";"";"no"
"UI-2457";"qgc_source_uk_UA.ts";"PowerComponent";"Change required restart";"";"TODO";"../src/AutoPilotPlugins/PX4/PowerComponent.qml:160";"";"";"no"
"UI-2458";"qgc_source_uk_UA.ts";"PowerComponent";"UAVCAN Motor Index and Direction Assignment";"";"TODO";"../src/AutoPilotPlugins/PX4/PowerComponent.qml:167";"";"";"no"
"UI-2459";"qgc_source_uk_UA.ts";"PowerComponent";"WARNING: Propellers must be removed from vehicle prior to performing UAVCAN ESC configuration.";"";"TODO";"../src/AutoPilotPlugins/PX4/PowerComponent.qml:178";"";"";"no"
"UI-2460";"qgc_source_uk_UA.ts";"PowerComponent";"ESC parameters will only be accessible in the editor after assignment.";"";"TODO";"../src/AutoPilotPlugins/PX4/PowerComponent.qml:184";"";"";"no"
"UI-2461";"qgc_source_uk_UA.ts";"PowerComponent";"Start the process, then turn each motor into its turn direction, in the order of their motor indices.";"";"TODO";"../src/AutoPilotPlugins/PX4/PowerComponent.qml:190";"";"";"no"
"UI-2462";"qgc_source_uk_UA.ts";"PowerComponent";"Start Assignment";"";"TODO";"../src/AutoPilotPlugins/PX4/PowerComponent.qml:195";"";"";"no"
"UI-2463";"qgc_source_uk_UA.ts";"PowerComponent";"Stop Assignment";"";"TODO";"../src/AutoPilotPlugins/PX4/PowerComponent.qml:201";"";"";"no"
"UI-2464";"qgc_source_uk_UA.ts";"PowerComponent";"Show Advanced Settings";"";"TODO";"../src/AutoPilotPlugins/PX4/PowerComponent.qml:372";"";"";"no"
"UI-2465";"qgc_source_uk_UA.ts";"PowerComponent";"Voltage Drop on Full Load (per cell)";"";"TODO";"../src/AutoPilotPlugins/PX4/PowerComponent.qml:377";"";"";"no"
"UI-2466";"qgc_source_uk_UA.ts";"PowerComponent";"Batteries show less voltage at high throttle. Enter the difference in Volts between idle throttle and full ";"";"TODO";"../src/AutoPilotPlugins/PX4/PowerComponent.qml:393";"";"";"no"
"UI-2467";"qgc_source_uk_UA.ts";"PowerComponent";"throttle, divided by the number of battery cells. Leave at the default if unsure. ";"";"TODO";"../src/AutoPilotPlugins/PX4/PowerComponent.qml:394";"";"";"no"
"UI-2468";"qgc_source_uk_UA.ts";"PowerComponent";"If this value is set too high, the battery might be deep discharged and damaged.";"";"TODO";"../src/AutoPilotPlugins/PX4/PowerComponent.qml:395";"";"";"no"
"UI-2469";"qgc_source_uk_UA.ts";"PowerComponent";"Compensated Minimum Voltage:";"";"TODO";"../src/AutoPilotPlugins/PX4/PowerComponent.qml:400";"";"";"no"
"UI-2470";"qgc_source_uk_UA.ts";"PowerComponent";" V";"";"TODO";"../src/AutoPilotPlugins/PX4/PowerComponent.qml:404";"";"";"no"
"UI-2471";"qgc_source_uk_UA.ts";"PowerComponent";"Power";"";"TODO";"../src/AutoPilotPlugins/PX4/PowerComponent.cc:20";"";"";"no"
"UI-2472";"qgc_source_uk_UA.ts";"PowerComponent";"Power Setup is used to setup battery parameters as well as advanced settings for propellers.";"";"TODO";"../src/AutoPilotPlugins/PX4/PowerComponent.cc:31";"";"";"no"
"UI-2473";"qgc_source_uk_UA.ts";"PowerComponentSummary";"Battery Full";"";"TODO";"../src/AutoPilotPlugins/PX4/PowerComponentSummary.qml:37";"";"";"no"
"UI-2474";"qgc_source_uk_UA.ts";"PowerComponentSummary";"Battery Empty";"";"TODO";"../src/AutoPilotPlugins/PX4/PowerComponentSummary.qml:42";"";"";"no"
"UI-2475";"qgc_source_uk_UA.ts";"PowerComponentSummary";"Number of Cells";"";"TODO";"../src/AutoPilotPlugins/PX4/PowerComponentSummary.qml:47";"";"";"no"
"UI-2476";"qgc_source_uk_UA.ts";"PreFlightBatteryCheck";"Battery";"";"TODO";"../src/FlightDisplay/PreFlightBatteryCheck.qml:18";"";"";"no"
"UI-2477";"qgc_source_uk_UA.ts";"PreFlightBatteryCheck";"Battery connector firmly plugged?";"";"TODO";"../src/FlightDisplay/PreFlightBatteryCheck.qml:19";"";"";"no"
"UI-2478";"qgc_source_uk_UA.ts";"PreFlightBatteryCheck";"Warning - Battery charge below %1%.";"";"TODO";"../src/FlightDisplay/PreFlightBatteryCheck.qml:22";"";"";"no"
"UI-2479";"qgc_source_uk_UA.ts";"PreFlightBatteryCheck";"Battery charge below %1%. Please recharge.";"";"TODO";"../src/FlightDisplay/PreFlightBatteryCheck.qml:23";"";"";"no"
"UI-2480";"qgc_source_uk_UA.ts";"PreFlightCheckButton";"Passed";"";"TODO";"../src/QmlControls/PreFlightCheckButton.qml:53";"";"";"no"
"UI-2481";"qgc_source_uk_UA.ts";"PreFlightCheckGroup";" (passed)";"";"TODO";"../src/QmlControls/PreFlightCheckGroup.qml:50";"";"";"no"
"UI-2482";"qgc_source_uk_UA.ts";"PreFlightCheckList";"(Passed)";"";"TODO";"../src/FlightDisplay/PreFlightCheckList.qml:134";"";"";"no"
"UI-2483";"qgc_source_uk_UA.ts";"PreFlightCheckList";"In Progress";"";"TODO";"../src/FlightDisplay/PreFlightCheckList.qml:134";"";"";"no"
"UI-2484";"qgc_source_uk_UA.ts";"PreFlightCheckListShowAction";"Checklist";"";"TODO";"../src/FlightDisplay/PreFlightCheckListShowAction.qml:14";"";"";"no"
"UI-2485";"qgc_source_uk_UA.ts";"PreFlightGPSCheck";"GPS";"";"TODO";"../src/FlightDisplay/PreFlightGPSCheck.qml:17";"";"";"no"
"UI-2486";"qgc_source_uk_UA.ts";"PreFlightGPSCheck";"Waiting for 3D lock.";"";"TODO";"../src/FlightDisplay/PreFlightGPSCheck.qml:20";"";"";"no"
"UI-2487";"qgc_source_uk_UA.ts";"PreFlightGPSCheck";"Warning - Sat count below %1.";"";"TODO";"../src/FlightDisplay/PreFlightGPSCheck.qml:31";"";"";"no"
"UI-2488";"qgc_source_uk_UA.ts";"PreFlightGPSCheck";"Waiting for sat count above %1.";"";"TODO";"../src/FlightDisplay/PreFlightGPSCheck.qml:31";"";"";"no"
"UI-2489";"qgc_source_uk_UA.ts";"PreFlightRCCheck";"Radio Control";"";"TODO";"../src/FlightDisplay/PreFlightRCCheck.qml:17";"";"";"no"
"UI-2490";"qgc_source_uk_UA.ts";"PreFlightRCCheck";"Receiving signal. Perform range test & confirm.";"";"TODO";"../src/FlightDisplay/PreFlightRCCheck.qml:18";"";"";"no"
"UI-2491";"qgc_source_uk_UA.ts";"PreFlightRCCheck";"No signal or invalid autopilot-RC config. Check RC and console.";"";"TODO";"../src/FlightDisplay/PreFlightRCCheck.qml:19";"";"";"no"
"UI-2492";"qgc_source_uk_UA.ts";"PreFlightSensorsHealthCheck";"Sensors";"";"TODO";"../src/FlightDisplay/PreFlightSensorsHealthCheck.qml:17";"";"";"no"
"UI-2493";"qgc_source_uk_UA.ts";"PreFlightSensorsHealthCheck";"Failure. Magnetometer issues. Check console.";"";"TODO";"../src/FlightDisplay/PreFlightSensorsHealthCheck.qml:35";"";"";"no"
"UI-2494";"qgc_source_uk_UA.ts";"PreFlightSensorsHealthCheck";"Failure. Accelerometer issues. Check console.";"";"TODO";"../src/FlightDisplay/PreFlightSensorsHealthCheck.qml:36";"";"";"no"
"UI-2495";"qgc_source_uk_UA.ts";"PreFlightSensorsHealthCheck";"Failure. Gyroscope issues. Check console.";"";"TODO";"../src/FlightDisplay/PreFlightSensorsHealthCheck.qml:37";"";"";"no"
"UI-2496";"qgc_source_uk_UA.ts";"PreFlightSensorsHealthCheck";"Failure. Barometer issues. Check console.";"";"TODO";"../src/FlightDisplay/PreFlightSensorsHealthCheck.qml:38";"";"";"no"
"UI-2497";"qgc_source_uk_UA.ts";"PreFlightSensorsHealthCheck";"Failure. Airspeed sensor issues. Check console.";"";"TODO";"../src/FlightDisplay/PreFlightSensorsHealthCheck.qml:39";"";"";"no"
"UI-2498";"qgc_source_uk_UA.ts";"PreFlightSensorsHealthCheck";"Failure. AHRS issues. Check console.";"";"TODO";"../src/FlightDisplay/PreFlightSensorsHealthCheck.qml:40";"";"";"no"
"UI-2499";"qgc_source_uk_UA.ts";"PreFlightSensorsHealthCheck";"Failure. GPS issues. Check console.";"";"TODO";"../src/FlightDisplay/PreFlightSensorsHealthCheck.qml:41";"";"";"no"
"UI-2500";"qgc_source_uk_UA.ts";"PreFlightSoundCheck";"Sound output";"";"TODO";"../src/FlightDisplay/PreFlightSoundCheck.qml:16";"";"";"no"
"UI-2501";"qgc_source_uk_UA.ts";"PreFlightSoundCheck";"QGC audio output enabled. System audio output enabled, too?";"";"TODO";"../src/FlightDisplay/PreFlightSoundCheck.qml:17";"";"";"no"
"UI-2502";"qgc_source_uk_UA.ts";"PreFlightSoundCheck";"QGC audio output is disabled. Please enable it under application settings->general to hear audio warnings!";"";"TODO";"../src/FlightDisplay/PreFlightSoundCheck.qml:18";"";"";"no"
"UI-2503";"qgc_source_uk_UA.ts";"ProximityRadarValues";"--.--";"";"TODO";"../src/FlightDisplay/ProximityRadarValues.qml:43";"";"";"no"
"UI-2504";"qgc_source_uk_UA.ts";"QGCApplication";"The current user does not have the correct permissions to access serial devices. You should also remove modemmanager since it also interferes.<br/><br/>If you are using Ubuntu, execute the following commands to fix these issues:<br/><pre>sudo usermod -a -G dialout $USER<br/>sudo apt-get remove modemmanager</pre>";"";"TODO";"../src/QGCApplication.cc:377";"";"";"no"
"UI-2505";"qgc_source_uk_UA.ts";"QGCApplication";"The format for %1 saved settings has been modified. Your saved settings have been reset to defaults.";"";"TODO";"../src/QGCApplication.cc:403";"";"";"no"
"UI-2506";"qgc_source_uk_UA.ts";"QGCApplication";"Parameters are missing from firmware. You may be running a version of firmware which is not fully supported or your firmware has a bug in it. Missing params: %1";"";"TODO";"../src/QGCApplication.cc:451";"";"";"no"
"UI-2507";"qgc_source_uk_UA.ts";"QGCApplication";"There is a newer version of %1 available. You can download it from %2.";"";"TODO";"../src/QGCApplication.cc:588";"";"";"no"
"UI-2508";"qgc_source_uk_UA.ts";"QGCApplication";"New Version Available";"";"TODO";"../src/QGCApplication.cc:588";"";"";"no"
"UI-2509";"qgc_source_uk_UA.ts";"QGCCacheWorker";"Database Not Initialized";"";"TODO";"../src/QtLocationPlugin/QGCTileCacheWorker.cpp:51";"";"";"no"
"UI-2510";"qgc_source_uk_UA.ts";"QGCCompassWidget";"L";"";"TODO";"../src/FlightMap/Widgets/QGCCompassWidget.qml:134";"";"";"no"
"UI-2511";"qgc_source_uk_UA.ts";"QGCCorePlugin";"Vibration";"";"TODO";"../src/API/QGCCorePlugin.cc:103";"";"";"no"
"UI-2512";"qgc_source_uk_UA.ts";"QGCCorePlugin";"Log Download";"";"TODO";"../src/API/QGCCorePlugin.cc:83";"";"";"no"
"UI-2513";"qgc_source_uk_UA.ts";"QGCCorePlugin";"GeoTag Images";"";"TODO";"../src/API/QGCCorePlugin.cc:88";"";"";"no"
"UI-2514";"qgc_source_uk_UA.ts";"QGCCorePlugin";"MAVLink Console";"";"TODO";"../src/API/QGCCorePlugin.cc:93";"";"";"no"
"UI-2515";"qgc_source_uk_UA.ts";"QGCCorePlugin";"MAVLink Inspector";"";"TODO";"../src/API/QGCCorePlugin.cc:98";"";"";"no"
"UI-2516";"qgc_source_uk_UA.ts";"QGCCorePlugin";"WARNING: You are about to enter Advanced Mode. If used incorrectly, this may cause your vehicle to malfunction thus voiding your warranty. You should do so only if instructed by customer support. Are you sure you want to enable Advanced Mode?";"";"TODO";"../src/API/QGCCorePlugin.cc:152";"";"";"no"
"UI-2517";"qgc_source_uk_UA.ts";"QGCFenceCircle";"GeoFence Circle only supports version %1";"";"TODO";"../src/QmlControls/QGCFenceCircle.cc:73";"";"";"no"
"UI-2518";"qgc_source_uk_UA.ts";"QGCFencePolygon";"GeoFence Polygon only supports version %1";"";"TODO";"../src/QmlControls/QGCFencePolygon.cc:66";"";"";"no"
"UI-2519";"qgc_source_uk_UA.ts";"QGCFileDialog";"Path: %1";"";"TODO";"../src/QmlControls/QGCFileDialog.qml:135";"";"";"no"
"UI-2520";"qgc_source_uk_UA.ts";"QGCFileDialog";"Delete";"";"TODO";"../src/QmlControls/QGCFileDialog.qml:166 | ../src/QmlControls/QGCFileDialog.qml:271";"";"";"no"
"UI-2521";"qgc_source_uk_UA.ts";"QGCFileDialog";"No files";"";"TODO";"../src/QmlControls/QGCFileDialog.qml:177";"";"";"no"
"UI-2522";"qgc_source_uk_UA.ts";"QGCFileDialog";"New file name:";"";"TODO";"../src/QmlControls/QGCFileDialog.qml:217";"";"";"no"
"UI-2523";"qgc_source_uk_UA.ts";"QGCFileDialog";"The file %1 exists. Click Save again to replace it.";"";"TODO";"../src/QmlControls/QGCFileDialog.qml:231";"";"";"no"
"UI-2524";"qgc_source_uk_UA.ts";"QGCFileDialog";"Save to existing file:";"";"TODO";"../src/QmlControls/QGCFileDialog.qml:239";"";"";"no"
"UI-2525";"qgc_source_uk_UA.ts";"QGCFileDownload";"Unabled to find writable download location. Tried downloads and temp directory.";"";"TODO";"../src/Utilities/FileSystem/QGCFileDownload.cc:146";"";"";"no"
"UI-2526";"qgc_source_uk_UA.ts";"QGCFileDownload";"Could not save downloaded file to %1. Error: %2";"";"TODO";"../src/Utilities/FileSystem/QGCFileDownload.cc:156";"";"";"no"
"UI-2527";"qgc_source_uk_UA.ts";"QGCFileDownload";"Download cancelled";"";"TODO";"../src/Utilities/FileSystem/QGCFileDownload.cc:177";"";"";"no"
"UI-2528";"qgc_source_uk_UA.ts";"QGCFileDownload";"Error: File Not Found";"";"TODO";"../src/Utilities/FileSystem/QGCFileDownload.cc:180";"";"";"no"
"UI-2529";"qgc_source_uk_UA.ts";"QGCFileDownload";"Error during download. Error: %1";"";"TODO";"../src/Utilities/FileSystem/QGCFileDownload.cc:183";"";"";"no"
"UI-2530";"qgc_source_uk_UA.ts";"QGCLogging";"Unable to reopen log file %1: %2";"";"TODO";"../src/Utilities/QGCLogging.cc:146";"";"";"no"
"UI-2531";"qgc_source_uk_UA.ts";"QGCLogging";"Open console log output file failed %1 : %2";"";"TODO";"../src/Utilities/QGCLogging.cc:170";"";"";"no"
"UI-2532";"qgc_source_uk_UA.ts";"QGCMAVLink";"Generic micro air vehicle";"";"TODO";"../src/MAVLink/QGCMAVLink.cc:318";"";"";"no"
"UI-2533";"qgc_source_uk_UA.ts";"QGCMAVLink";"Fixed wing aircraft";"";"TODO";"../src/MAVLink/QGCMAVLink.cc:319";"";"";"no"
"UI-2534";"qgc_source_uk_UA.ts";"QGCMAVLink";"Quadrotor";"";"TODO";"../src/MAVLink/QGCMAVLink.cc:320";"";"";"no"
"UI-2535";"qgc_source_uk_UA.ts";"QGCMAVLink";"Coaxial helicopter";"";"TODO";"../src/MAVLink/QGCMAVLink.cc:321";"";"";"no"
"UI-2536";"qgc_source_uk_UA.ts";"QGCMAVLink";"Normal helicopter with tail rotor.";"";"TODO";"../src/MAVLink/QGCMAVLink.cc:322";"";"";"no"
"UI-2537";"qgc_source_uk_UA.ts";"QGCMAVLink";"Ground installation";"";"TODO";"../src/MAVLink/QGCMAVLink.cc:323";"";"";"no"
"UI-2538";"qgc_source_uk_UA.ts";"QGCMAVLink";"Operator control unit / ground control station";"";"TODO";"../src/MAVLink/QGCMAVLink.cc:324";"";"";"no"
"UI-2539";"qgc_source_uk_UA.ts";"QGCMAVLink";"Airship, controlled";"";"TODO";"../src/MAVLink/QGCMAVLink.cc:325";"";"";"no"
"UI-2540";"qgc_source_uk_UA.ts";"QGCMAVLink";"Free balloon, uncontrolled";"";"TODO";"../src/MAVLink/QGCMAVLink.cc:326";"";"";"no"
"UI-2541";"qgc_source_uk_UA.ts";"QGCMAVLink";"Rocket";"";"TODO";"../src/MAVLink/QGCMAVLink.cc:327";"";"";"no"
"UI-2542";"qgc_source_uk_UA.ts";"QGCMAVLink";"Ground rover";"";"TODO";"../src/MAVLink/QGCMAVLink.cc:328";"";"";"no"
"UI-2543";"qgc_source_uk_UA.ts";"QGCMAVLink";"Surface vessel, boat, ship";"";"TODO";"../src/MAVLink/QGCMAVLink.cc:329";"";"";"no"
"UI-2544";"qgc_source_uk_UA.ts";"QGCMAVLink";"Submarine";"";"TODO";"../src/MAVLink/QGCMAVLink.cc:330";"";"";"no"
"UI-2545";"qgc_source_uk_UA.ts";"QGCMAVLink";"Hexarotor";"";"TODO";"../src/MAVLink/QGCMAVLink.cc:331";"";"";"no"
"UI-2546";"qgc_source_uk_UA.ts";"QGCMAVLink";"Octorotor";"";"TODO";"../src/MAVLink/QGCMAVLink.cc:332";"";"";"no"
"UI-2547";"qgc_source_uk_UA.ts";"QGCMAVLink";"trirotor";"";"TODO";"../src/MAVLink/QGCMAVLink.cc:333";"";"";"no"
"UI-2548";"qgc_source_uk_UA.ts";"QGCMAVLink";"Flapping wing";"";"TODO";"../src/MAVLink/QGCMAVLink.cc:334";"";"";"no"
"UI-2549";"qgc_source_uk_UA.ts";"QGCMAVLink";"Kite";"";"TODO";"../src/MAVLink/QGCMAVLink.cc:335";"";"";"no"
"UI-2550";"qgc_source_uk_UA.ts";"QGCMAVLink";"Onboard companion controller";"";"TODO";"../src/MAVLink/QGCMAVLink.cc:336";"";"";"no"
"UI-2551";"qgc_source_uk_UA.ts";"QGCMAVLink";"Two-rotor VTOL using control surfaces in vertical operation in addition. Tailsitter";"";"TODO";"../src/MAVLink/QGCMAVLink.cc:337";"";"";"no"
"UI-2552";"qgc_source_uk_UA.ts";"QGCMAVLink";"Quad-rotor VTOL using a V-shaped quad config in vertical operation. Tailsitter";"";"TODO";"../src/MAVLink/QGCMAVLink.cc:338";"";"";"no"
"UI-2553";"qgc_source_uk_UA.ts";"QGCMAVLink";"Tiltrotor VTOL";"";"TODO";"../src/MAVLink/QGCMAVLink.cc:339";"";"";"no"
"UI-2554";"qgc_source_uk_UA.ts";"QGCMAVLink";"VTOL Fixedrotor";"";"TODO";"../src/MAVLink/QGCMAVLink.cc:340";"";"";"no"
"UI-2555";"qgc_source_uk_UA.ts";"QGCMAVLink";"VTOL Tailsitter";"";"TODO";"../src/MAVLink/QGCMAVLink.cc:341";"";"";"no"
"UI-2556";"qgc_source_uk_UA.ts";"QGCMAVLink";"VTOL Tiltwing";"";"TODO";"../src/MAVLink/QGCMAVLink.cc:342";"";"";"no"
"UI-2557";"qgc_source_uk_UA.ts";"QGCMAVLink";"VTOL reserved 5";"";"TODO";"../src/MAVLink/QGCMAVLink.cc:343";"";"";"no"
"UI-2558";"qgc_source_uk_UA.ts";"QGCMAVLink";"Onboard gimbal";"";"TODO";"../src/MAVLink/QGCMAVLink.cc:344";"";"";"no"
"UI-2559";"qgc_source_uk_UA.ts";"QGCMAVLink";"Onboard ADSB peripheral";"";"TODO";"../src/MAVLink/QGCMAVLink.cc:345";"";"";"no"
"UI-2560";"qgc_source_uk_UA.ts";"QGCMAVLinkSystem";"Comp All";"";"TODO";"../src/AnalyzeView/MAVLinkSystem.cc:136";"";"";"no"
"UI-2561";"qgc_source_uk_UA.ts";"QGCMAVLinkSystem";"Comp %1";"";"TODO";"../src/AnalyzeView/MAVLinkSystem.cc:142";"";"";"no"
"UI-2562";"qgc_source_uk_UA.ts";"QGCMapPolygonVisuals";"Select Polygon File";"";"TODO";"../src/FlightMap/MapItems/QGCMapPolygonVisuals.qml:224";"";"";"no"
"UI-2563";"qgc_source_uk_UA.ts";"QGCMapPolygonVisuals";"Remove vertex";"";"TODO";"../src/FlightMap/MapItems/QGCMapPolygonVisuals.qml:251";"";"";"no"
"UI-2564";"qgc_source_uk_UA.ts";"QGCMapPolygonVisuals";"Polygon Tools";"";"TODO";"../src/FlightMap/MapItems/QGCMapPolygonVisuals.qml:51";"";"";"no"
"UI-2565";"qgc_source_uk_UA.ts";"QGCMapPolygonVisuals";"Click in the map to add vertices. Click 'Done Tracing' when finished.";"";"TODO";"../src/FlightMap/MapItems/QGCMapPolygonVisuals.qml:52";"";"";"no"
"UI-2566";"qgc_source_uk_UA.ts";"QGCMapPolygonVisuals";"Set radius...";"";"TODO";"../src/FlightMap/MapItems/QGCMapPolygonVisuals.qml:264";"";"";"no"
"UI-2567";"qgc_source_uk_UA.ts";"QGCMapPolygonVisuals";"Edit position...";"";"TODO";"../src/FlightMap/MapItems/QGCMapPolygonVisuals.qml:270 | ../src/FlightMap/MapItems/QGCMapPolygonVisuals.qml:276";"";"";"no"
"UI-2568";"qgc_source_uk_UA.ts";"QGCMapPolygonVisuals";"Edit Center Position";"";"TODO";"../src/FlightMap/MapItems/QGCMapPolygonVisuals.qml:524";"";"";"no"
"UI-2569";"qgc_source_uk_UA.ts";"QGCMapPolygonVisuals";"Edit Vertex Position";"";"TODO";"../src/FlightMap/MapItems/QGCMapPolygonVisuals.qml:540";"";"";"no"
"UI-2570";"qgc_source_uk_UA.ts";"QGCMapPolygonVisuals";"Basic";"";"TODO";"../src/FlightMap/MapItems/QGCMapPolygonVisuals.qml:593";"";"";"no"
"UI-2571";"qgc_source_uk_UA.ts";"QGCMapPolygonVisuals";"Circular";"";"TODO";"../src/FlightMap/MapItems/QGCMapPolygonVisuals.qml:600";"";"";"no"
"UI-2572";"qgc_source_uk_UA.ts";"QGCMapPolygonVisuals";"Done Tracing";"";"TODO";"../src/FlightMap/MapItems/QGCMapPolygonVisuals.qml:607";"";"";"no"
"UI-2573";"qgc_source_uk_UA.ts";"QGCMapPolygonVisuals";"Trace";"";"TODO";"../src/FlightMap/MapItems/QGCMapPolygonVisuals.qml:607";"";"";"no"
"UI-2574";"qgc_source_uk_UA.ts";"QGCMapPolygonVisuals";"Load KML/SHP...";"";"TODO";"../src/FlightMap/MapItems/QGCMapPolygonVisuals.qml:625";"";"";"no"
"UI-2575";"qgc_source_uk_UA.ts";"QGCMapPolylineVisuals";"Polyline Tools";"";"TODO";"../src/FlightMap/MapItems/QGCMapPolylineVisuals.qml:40";"";"";"no"
"UI-2576";"qgc_source_uk_UA.ts";"QGCMapPolylineVisuals";"Click in the map to add vertices. Click 'Done Tracing' when finished.";"";"TODO";"../src/FlightMap/MapItems/QGCMapPolylineVisuals.qml:41";"";"";"no"
"UI-2577";"qgc_source_uk_UA.ts";"QGCMapPolylineVisuals";"Select Polyline File";"";"TODO";"../src/FlightMap/MapItems/QGCMapPolylineVisuals.qml:127";"";"";"no"
"UI-2578";"qgc_source_uk_UA.ts";"QGCMapPolylineVisuals";"Remove vertex";"";"TODO";"../src/FlightMap/MapItems/QGCMapPolylineVisuals.qml:148";"";"";"no"
"UI-2579";"qgc_source_uk_UA.ts";"QGCMapPolylineVisuals";"Edit position...";"";"TODO";"../src/FlightMap/MapItems/QGCMapPolylineVisuals.qml:153";"";"";"no"
"UI-2580";"qgc_source_uk_UA.ts";"QGCMapPolylineVisuals";"Basic";"";"TODO";"../src/FlightMap/MapItems/QGCMapPolylineVisuals.qml:332";"";"";"no"
"UI-2581";"qgc_source_uk_UA.ts";"QGCMapPolylineVisuals";"Done Tracing";"";"TODO";"../src/FlightMap/MapItems/QGCMapPolylineVisuals.qml:339";"";"";"no"
"UI-2582";"qgc_source_uk_UA.ts";"QGCMapPolylineVisuals";"Trace";"";"TODO";"../src/FlightMap/MapItems/QGCMapPolylineVisuals.qml:339";"";"";"no"
"UI-2583";"qgc_source_uk_UA.ts";"QGCMapPolylineVisuals";"Load KML/SHP...";"";"TODO";"../src/FlightMap/MapItems/QGCMapPolylineVisuals.qml:356";"";"";"no"
"UI-2584";"qgc_source_uk_UA.ts";"QGCOptionsComboBox";"Options";"";"TODO";"../src/QmlControls/QGCOptionsComboBox.qml:24";"";"";"no"
"UI-2585";"qgc_source_uk_UA.ts";"QGCPopupDialog";"Ok";"";"TODO";"../src/QmlControls/QGCPopupDialog.qml:131";"";"";"no"
"UI-2586";"qgc_source_uk_UA.ts";"QGCPopupDialog";"Open";"";"TODO";"../src/QmlControls/QGCPopupDialog.qml:134 | ../src/QmlControls/QGCPopupDialog.qml:143";"";"";"no"
"UI-2587";"qgc_source_uk_UA.ts";"QGCPopupDialog";"Save";"";"TODO";"../src/QmlControls/QGCPopupDialog.qml:137";"";"";"no"
"UI-2588";"qgc_source_uk_UA.ts";"QGCPopupDialog";"Apply";"";"TODO";"../src/QmlControls/QGCPopupDialog.qml:140";"";"";"no"
"UI-2589";"qgc_source_uk_UA.ts";"QGCPopupDialog";"Save All";"";"TODO";"../src/QmlControls/QGCPopupDialog.qml:146";"";"";"no"
"UI-2590";"qgc_source_uk_UA.ts";"QGCPopupDialog";"Yes";"";"TODO";"../src/QmlControls/QGCPopupDialog.qml:149";"";"";"no"
"UI-2591";"qgc_source_uk_UA.ts";"QGCPopupDialog";"Yes to All";"";"TODO";"../src/QmlControls/QGCPopupDialog.qml:152";"";"";"no"
"UI-2592";"qgc_source_uk_UA.ts";"QGCPopupDialog";"Retry";"";"TODO";"../src/QmlControls/QGCPopupDialog.qml:155";"";"";"no"
"UI-2593";"qgc_source_uk_UA.ts";"QGCPopupDialog";"Reset";"";"TODO";"../src/QmlControls/QGCPopupDialog.qml:158";"";"";"no"
"UI-2594";"qgc_source_uk_UA.ts";"QGCPopupDialog";"Restore to Defaults";"";"TODO";"../src/QmlControls/QGCPopupDialog.qml:161";"";"";"no"
"UI-2595";"qgc_source_uk_UA.ts";"QGCPopupDialog";"Ignore";"";"TODO";"../src/QmlControls/QGCPopupDialog.qml:164";"";"";"no"
"UI-2596";"qgc_source_uk_UA.ts";"QGCPopupDialog";"Cancel";"";"TODO";"../src/QmlControls/QGCPopupDialog.qml:170";"";"";"no"
"UI-2597";"qgc_source_uk_UA.ts";"QGCPopupDialog";"Close";"";"TODO";"../src/QmlControls/QGCPopupDialog.qml:173";"";"";"no"
"UI-2598";"qgc_source_uk_UA.ts";"QGCPopupDialog";"No";"";"TODO";"../src/QmlControls/QGCPopupDialog.qml:176";"";"";"no"
"UI-2599";"qgc_source_uk_UA.ts";"QGCPopupDialog";"No to All";"";"TODO";"../src/QmlControls/QGCPopupDialog.qml:179";"";"";"no"
"UI-2600";"qgc_source_uk_UA.ts";"QGCPopupDialog";"Abort";"";"TODO";"../src/QmlControls/QGCPopupDialog.qml:182";"";"";"no"
"UI-2601";"qgc_source_uk_UA.ts";"QGCTextField";"?";"";"TODO";"../src/QmlControls/QGCTextField.qml:120";"";"";"no"
"UI-2602";"qgc_source_uk_UA.ts";"QGeoFileTileCacheQGC";"The Offline Map Cache database has been upgraded. Your old map cache sets have been reset.";"";"TODO";"../src/QtLocationPlugin/QGeoFileTileCacheQGC.cpp:220";"";"";"no"
"UI-2603";"qgc_source_uk_UA.ts";"QGeoTiledMapReplyQGC";"Unexpected Error";"";"TODO";"../src/QtLocationPlugin/QGeoMapReplyQGC.cpp:82";"";"";"no"
"UI-2604";"qgc_source_uk_UA.ts";"QGeoTiledMapReplyQGC";"Empty Reply";"";"TODO";"../src/QtLocationPlugin/QGeoMapReplyQGC.cpp:92";"";"";"no"
"UI-2605";"qgc_source_uk_UA.ts";"QGeoTiledMapReplyQGC";"Image is Empty";"";"TODO";"../src/QtLocationPlugin/QGeoMapReplyQGC.cpp:104";"";"";"no"
"UI-2606";"qgc_source_uk_UA.ts";"QGeoTiledMapReplyQGC";"Bing Tile Above Zoom Level";"";"TODO";"../src/QtLocationPlugin/QGeoMapReplyQGC.cpp:112";"";"";"no"
"UI-2607";"qgc_source_uk_UA.ts";"QGeoTiledMapReplyQGC";"Failed to Serialize Terrain Tile";"";"TODO";"../src/QtLocationPlugin/QGeoMapReplyQGC.cpp:120";"";"";"no"
"UI-2608";"qgc_source_uk_UA.ts";"QGeoTiledMapReplyQGC";"Unknown Format";"";"TODO";"../src/QtLocationPlugin/QGeoMapReplyQGC.cpp:128";"";"";"no"
"UI-2609";"qgc_source_uk_UA.ts";"QGeoTiledMapReplyQGC";"Invalid Reply";"";"TODO";"../src/QtLocationPlugin/QGeoMapReplyQGC.cpp:143";"";"";"no"
"UI-2610";"qgc_source_uk_UA.ts";"QGeoTiledMapReplyQGC";"Invalid Cache Tile";"";"TODO";"../src/QtLocationPlugin/QGeoMapReplyQGC.cpp:176";"";"";"no"
"UI-2611";"qgc_source_uk_UA.ts";"QGeoTiledMapReplyQGC";"Network Not Available";"";"TODO";"../src/QtLocationPlugin/QGeoMapReplyQGC.cpp:187";"";"";"no"
"UI-2612";"qgc_source_uk_UA.ts";"QGroundControlQmlGlobal";"32 bit";"";"TODO";"../src/QmlControls/QGroundControlQmlGlobal.cc:321";"";"";"no"
"UI-2613";"qgc_source_uk_UA.ts";"QGroundControlQmlGlobal";"64 bit";"";"TODO";"../src/QmlControls/QGroundControlQmlGlobal.cc:325";"";"";"no"
"UI-2614";"qgc_source_uk_UA.ts";"QGroundControlQmlGlobal";"(AMSL)";"";"TODO";"../src/QmlControls/QGroundControlQmlGlobal.cc:339";"";"";"no"
"UI-2615";"qgc_source_uk_UA.ts";"QGroundControlQmlGlobal";"(CalcT)";"";"TODO";"../src/QmlControls/QGroundControlQmlGlobal.cc:341";"";"";"no"
"UI-2616";"qgc_source_uk_UA.ts";"QGroundControlQmlGlobal";"AMSL";"";"TODO";"../src/QmlControls/QGroundControlQmlGlobal.cc:361";"";"";"no"
"UI-2617";"qgc_source_uk_UA.ts";"QGroundControlQmlGlobal";"Calc Above Terrain";"";"TODO";"../src/QmlControls/QGroundControlQmlGlobal.cc:363";"";"";"no"
"UI-2618";"qgc_source_uk_UA.ts";"QGroundControlQmlGlobal";"Mixed Modes";"";"TODO";"../src/QmlControls/QGroundControlQmlGlobal.cc:367";"";"";"no"
"UI-2619";"qgc_source_uk_UA.ts";"QGroundControlQmlGlobal";"(TerrF)";"";"TODO";"../src/QmlControls/QGroundControlQmlGlobal.cc:343";"";"";"no"
"UI-2620";"qgc_source_uk_UA.ts";"QGroundControlQmlGlobal";"Relative To Launch";"";"TODO";"../src/QmlControls/QGroundControlQmlGlobal.cc:359";"";"";"no"
"UI-2621";"qgc_source_uk_UA.ts";"QGroundControlQmlGlobal";"Terrain Frame";"";"TODO";"../src/QmlControls/QGroundControlQmlGlobal.cc:365";"";"";"no"
"UI-2622";"qgc_source_uk_UA.ts";"QObject";"Guided mode not supported by Vehicle.";"";"TODO";"../src/FirmwarePlugin/FirmwarePlugin.cc:28 | ../src/Vehicle/Vehicle.cc:84";"";"";"no"
"UI-2623";"qgc_source_uk_UA.ts";"QObject";"The following required keys are missing: %1";"";"TODO";"../src/Utilities/JsonHelper.cc:64";"";"";"no"
"UI-2624";"qgc_source_uk_UA.ts";"QObject";"value for coordinate is not array";"";"TODO";"../src/Utilities/JsonHelper.cc:74";"";"";"no"
"UI-2625";"qgc_source_uk_UA.ts";"QObject";"Coordinate array must contain %1 values";"";"TODO";"../src/Utilities/JsonHelper.cc:81";"";"";"no"
"UI-2626";"qgc_source_uk_UA.ts";"QObject";"Coordinate array may only contain double values, found: %1";"";"TODO";"../src/Utilities/JsonHelper.cc:87";"";"";"no"
"UI-2627";"qgc_source_uk_UA.ts";"QObject";"Incorrect value type - key:type:expected %1:%2:%3";"";"TODO";"../src/Utilities/JsonHelper.cc:153";"";"";"no"
"UI-2628";"qgc_source_uk_UA.ts";"QObject";"File open failed: file:error %1 %2";"";"TODO";"../src/Utilities/JsonHelper.cc:183";"";"";"no"
"UI-2629";"qgc_source_uk_UA.ts";"QObject";"Incorrect file type key expected:%1 actual:%2";"";"TODO";"../src/Utilities/JsonHelper.cc:206";"";"";"no"
"UI-2630";"qgc_source_uk_UA.ts";"QObject";"File version %1 is no longer supported";"";"TODO";"../src/Utilities/JsonHelper.cc:212";"";"";"no"
"UI-2631";"qgc_source_uk_UA.ts";"QObject";"File version %1 is newer than current supported version %2";"";"TODO";"../src/Utilities/JsonHelper.cc:217";"";"";"no"
"UI-2632";"qgc_source_uk_UA.ts";"QObject";"Unable to open file: '%1', error: %2";"";"TODO";"../src/Utilities/JsonHelper.cc:326";"";"";"no"
"UI-2633";"qgc_source_uk_UA.ts";"QObject";"Unable to parse json file: %1 error: %2 offset: %3";"";"TODO";"../src/Utilities/JsonHelper.cc:335";"";"";"no"
"UI-2634";"qgc_source_uk_UA.ts";"QObject";"Root of json file is not object: %1";"";"TODO";"../src/Utilities/JsonHelper.cc:340";"";"";"no"
"UI-2635";"qgc_source_uk_UA.ts";"QObject";"Json file: '%1'. %2";"";"TODO";"../src/Utilities/JsonHelper.cc:347";"";"";"no"
"UI-2636";"qgc_source_uk_UA.ts";"QObject";"value for coordinate array is not array";"";"TODO";"../src/Utilities/JsonHelper.cc:366";"";"";"no"
"UI-2637";"qgc_source_uk_UA.ts";"QObject";"Unknown type: %1";"";"TODO";"../src/Utilities/JsonHelper.cc:468";"";"";"no"
"UI-2638";"qgc_source_uk_UA.ts";"QObject";"Error";"";"TODO";"../src/main.cc:109 | ../src/main.cc:120";"";"";"no"
"UI-2639";"qgc_source_uk_UA.ts";"QObject";"A second instance of %1 is already running. Please close the other instance and try again.";"";"TODO";"../src/main.cc:110";"";"";"no"
"UI-2640";"qgc_source_uk_UA.ts";"QObject";"You are running %1 as root. You should not do this since it will cause other issues with %1.%1 will now exit.<br/><br/>";"";"TODO";"../src/main.cc:121";"";"";"no"
"UI-2641";"qgc_source_uk_UA.ts";"QSerialPort";"No error";"";"TODO";"../src/Android/qtandroidserialport/qserialport.cpp:25";"";"";"no"
"UI-2642";"qgc_source_uk_UA.ts";"QSerialPort";"Device is already open";"";"TODO";"../src/Android/qtandroidserialport/qserialport.cpp:28";"";"";"no"
"UI-2643";"qgc_source_uk_UA.ts";"QSerialPort";"Device is not open";"";"TODO";"../src/Android/qtandroidserialport/qserialport.cpp:31";"";"";"no"
"UI-2644";"qgc_source_uk_UA.ts";"QSerialPort";"Operation timed out";"";"TODO";"../src/Android/qtandroidserialport/qserialport.cpp:34";"";"";"no"
"UI-2645";"qgc_source_uk_UA.ts";"QSerialPort";"Error reading from device";"";"TODO";"../src/Android/qtandroidserialport/qserialport.cpp:37";"";"";"no"
"UI-2646";"qgc_source_uk_UA.ts";"QSerialPort";"Error writing to device";"";"TODO";"../src/Android/qtandroidserialport/qserialport.cpp:40";"";"";"no"
"UI-2647";"qgc_source_uk_UA.ts";"QSerialPort";"Device disappeared from the system";"";"TODO";"../src/Android/qtandroidserialport/qserialport.cpp:43";"";"";"no"
"UI-2648";"qgc_source_uk_UA.ts";"QSerialPort";"Unsupported open mode";"";"TODO";"../src/Android/qtandroidserialport/qserialport.cpp:454";"";"";"no"
"UI-2649";"qgc_source_uk_UA.ts";"QSerialPort";"Closing device failed";"";"TODO";"../src/Android/qtandroidserialport/qserialport_android.cpp:77";"";"";"no"
"UI-2650";"qgc_source_uk_UA.ts";"QSerialPort";"Failed to start async read";"";"TODO";"../src/Android/qtandroidserialport/qserialport_android.cpp:100";"";"";"no"
"UI-2651";"qgc_source_uk_UA.ts";"QSerialPort";"Failed to stop async read";"";"TODO";"../src/Android/qtandroidserialport/qserialport_android.cpp:128";"";"";"no"
"UI-2652";"qgc_source_uk_UA.ts";"QSerialPort";"Timeout while waiting for ready read";"";"TODO";"../src/Android/qtandroidserialport/qserialport_android.cpp:185";"";"";"no"
"UI-2653";"qgc_source_uk_UA.ts";"QSerialPort";"Timeout while waiting for bytes written";"";"TODO";"../src/Android/qtandroidserialport/qserialport_android.cpp:195";"";"";"no"
"UI-2654";"qgc_source_uk_UA.ts";"QSerialPort";"Invalid data or size";"";"TODO";"../src/Android/qtandroidserialport/qserialport_android.cpp:248";"";"";"no"
"UI-2655";"qgc_source_uk_UA.ts";"QSerialPort";"Failed to write data";"";"TODO";"../src/Android/qtandroidserialport/qserialport_android.cpp:254";"";"";"no"
"UI-2656";"qgc_source_uk_UA.ts";"QSerialPort";"Failed to flush";"";"TODO";"../src/Android/qtandroidserialport/qserialport_android.cpp:265";"";"";"no"
"UI-2657";"qgc_source_uk_UA.ts";"QSerialPort";"Failed to set DTR";"";"TODO";"../src/Android/qtandroidserialport/qserialport_android.cpp:307";"";"";"no"
"UI-2658";"qgc_source_uk_UA.ts";"QSerialPort";"Failed to set RTS";"";"TODO";"../src/Android/qtandroidserialport/qserialport_android.cpp:318";"";"";"no"
"UI-2659";"qgc_source_uk_UA.ts";"QSerialPort";"Failed to set parameters";"";"TODO";"../src/Android/qtandroidserialport/qserialport_android.cpp:329";"";"";"no"
"UI-2660";"qgc_source_uk_UA.ts";"QSerialPort";"Invalid baud rate value";"";"TODO";"../src/Android/qtandroidserialport/qserialport_android.cpp:344";"";"";"no"
"UI-2661";"qgc_source_uk_UA.ts";"QSerialPort";"Custom baud rate direction is unsupported";"";"TODO";"../src/Android/qtandroidserialport/qserialport_android.cpp:350";"";"";"no"
"UI-2662";"qgc_source_uk_UA.ts";"QSerialPort";"Invalid Baud Rate";"";"TODO";"../src/Android/qtandroidserialport/qserialport_android.cpp:357";"";"";"no"
"UI-2663";"qgc_source_uk_UA.ts";"QSerialPort";"Failed to set baud rate";"";"TODO";"../src/Android/qtandroidserialport/qserialport_android.cpp:366";"";"";"no"
"UI-2664";"qgc_source_uk_UA.ts";"QSerialPort";"Failed to set data bits";"";"TODO";"../src/Android/qtandroidserialport/qserialport_android.cpp:395";"";"";"no"
"UI-2665";"qgc_source_uk_UA.ts";"QSerialPort";"Failed to set parity";"";"TODO";"../src/Android/qtandroidserialport/qserialport_android.cpp:425";"";"";"no"
"UI-2666";"qgc_source_uk_UA.ts";"QSerialPort";"Failed to set StopBits";"";"TODO";"../src/Android/qtandroidserialport/qserialport_android.cpp:451";"";"";"no"
"UI-2667";"qgc_source_uk_UA.ts";"QSerialPort";"Failed to set Flow Control";"";"TODO";"../src/Android/qtandroidserialport/qserialport_android.cpp:477";"";"";"no"
"UI-2668";"qgc_source_uk_UA.ts";"QSerialPort";"Failed to set Break Enabled";"";"TODO";"../src/Android/qtandroidserialport/qserialport_android.cpp:487";"";"";"no"
"UI-2669";"qgc_source_uk_UA.ts";"RCChannelMonitor";"Not Mapped";"";"TODO";"../src/QmlControls/RCChannelMonitor.qml:82";"";"";"no"
"UI-2670";"qgc_source_uk_UA.ts";"RCChannelMonitor";"Channel Monitor";"";"TODO";"../src/QmlControls/RCChannelMonitor.qml:104";"";"";"no"
"UI-2671";"qgc_source_uk_UA.ts";"RCRSSIIndicator";"RC RSSI Status";"";"TODO";"../src/UI/toolbar/RCRSSIIndicator.qml:39";"";"";"no"
"UI-2672";"qgc_source_uk_UA.ts";"RCRSSIIndicator";"RSSI";"";"TODO";"../src/UI/toolbar/RCRSSIIndicator.qml:42";"";"";"no"
"UI-2673";"qgc_source_uk_UA.ts";"RCToParamDialog";"RC To Param";"";"TODO";"../src/QmlControls/RCToParamDialog.qml:23";"";"";"no"
"UI-2674";"qgc_source_uk_UA.ts";"RCToParamDialog";"Bind an RC Channel to a parameter value. Tuning IDs can be mapped to an RC Channel from Radio Setup page.";"";"TODO";"../src/QmlControls/RCToParamDialog.qml:41";"";"";"no"
"UI-2675";"qgc_source_uk_UA.ts";"RCToParamDialog";"Waiting on parameter update from Vehicle.";"";"TODO";"../src/QmlControls/RCToParamDialog.qml:47";"";"";"no"
"UI-2676";"qgc_source_uk_UA.ts";"RCToParamDialog";"Parameter";"";"TODO";"../src/QmlControls/RCToParamDialog.qml:58";"";"";"no"
"UI-2677";"qgc_source_uk_UA.ts";"RCToParamDialog";"Tuning ID";"";"TODO";"../src/QmlControls/RCToParamDialog.qml:61";"";"";"no"
"UI-2678";"qgc_source_uk_UA.ts";"RCToParamDialog";"Scale";"";"TODO";"../src/QmlControls/RCToParamDialog.qml:69";"";"";"no"
"UI-2679";"qgc_source_uk_UA.ts";"RCToParamDialog";"Center Value";"";"TODO";"../src/QmlControls/RCToParamDialog.qml:75";"";"";"no"
"UI-2680";"qgc_source_uk_UA.ts";"RCToParamDialog";"Min Value";"";"TODO";"../src/QmlControls/RCToParamDialog.qml:81";"";"";"no"
"UI-2681";"qgc_source_uk_UA.ts";"RCToParamDialog";"Max Value";"";"TODO";"../src/QmlControls/RCToParamDialog.qml:87";"";"";"no"
"UI-2682";"qgc_source_uk_UA.ts";"RCToParamDialog";"Double check that all values are correct prior to confirming dialog.";"";"TODO";"../src/QmlControls/RCToParamDialog.qml:98";"";"";"no"
"UI-2683";"qgc_source_uk_UA.ts";"RadioComponent";"Reboot required";"";"TODO";"../src/AutoPilotPlugins/Common/RadioComponent.qml:52";"";"";"no"
"UI-2684";"qgc_source_uk_UA.ts";"RadioComponent";"Your stick mappings have changed, you must reboot the vehicle for correct operation.";"";"TODO";"../src/AutoPilotPlugins/Common/RadioComponent.qml:52";"";"";"no"
"UI-2685";"qgc_source_uk_UA.ts";"RadioComponent";"Throttle channel reversed";"";"TODO";"../src/AutoPilotPlugins/Common/RadioComponent.qml:53";"";"";"no"
"UI-2686";"qgc_source_uk_UA.ts";"RadioComponent";"Calibration failed. The throttle channel on your transmitter is reversed. You must correct this on your transmitter in order to complete calibration.";"";"TODO";"../src/AutoPilotPlugins/Common/RadioComponent.qml:53";"";"";"no"
"UI-2687";"qgc_source_uk_UA.ts";"RadioComponent";"Click Ok to place your Spektrum receiver in the bind mode.";"";"TODO";"../src/AutoPilotPlugins/Common/RadioComponent.qml:72";"";"";"no"
"UI-2688";"qgc_source_uk_UA.ts";"RadioComponent";"Select the specific receiver type below:";"";"TODO";"../src/AutoPilotPlugins/Common/RadioComponent.qml:77";"";"";"no"
"UI-2689";"qgc_source_uk_UA.ts";"RadioComponent";"CRSF Bind";"";"TODO";"../src/AutoPilotPlugins/Common/RadioComponent.qml:392 | ../src/AutoPilotPlugins/Common/RadioComponent.qml:393";"";"";"no"
"UI-2690";"qgc_source_uk_UA.ts";"RadioComponent";"Click Ok to place your CRSF receiver in the bind mode.";"";"TODO";"../src/AutoPilotPlugins/Common/RadioComponent.qml:394";"";"";"no"
"UI-2691";"qgc_source_uk_UA.ts";"RadioComponent";"Center your sticks and move throttle all the way down, then press Ok to copy trims. After pressing Ok, reset the trims on your radio back to zero.";"";"TODO";"../src/AutoPilotPlugins/Common/RadioComponent.qml:402";"";"";"no"
"UI-2692";"qgc_source_uk_UA.ts";"RadioComponent";"Before calibrating you should zero all your trims and subtrims. Click Ok to start Calibration.

%1";"";"TODO";"../src/AutoPilotPlugins/Common/RadioComponent.qml:324";"";"";"no"
"UI-2693";"qgc_source_uk_UA.ts";"RadioComponent";"Please ensure all motor power is disconnected AND all props are removed from the vehicle.";"";"TODO";"../src/AutoPilotPlugins/Common/RadioComponent.qml:325";"";"";"no"
"UI-2694";"qgc_source_uk_UA.ts";"RadioComponent";"Please turn on transmitter.";"";"TODO";"../src/AutoPilotPlugins/Common/RadioComponent.qml:318";"";"";"no"
"UI-2695";"qgc_source_uk_UA.ts";"RadioComponent";"%1 channels or more are needed to fly.";"";"TODO";"../src/AutoPilotPlugins/Common/RadioComponent.qml:320";"";"";"no"
"UI-2696";"qgc_source_uk_UA.ts";"RadioComponent";"DSM2 Mode";"";"TODO";"../src/AutoPilotPlugins/Common/RadioComponent.qml:81";"";"";"no"
"UI-2697";"qgc_source_uk_UA.ts";"RadioComponent";"DSMX (7 channels or less)";"";"TODO";"../src/AutoPilotPlugins/Common/RadioComponent.qml:87";"";"";"no"
"UI-2698";"qgc_source_uk_UA.ts";"RadioComponent";"DSMX (8 channels or more)";"";"TODO";"../src/AutoPilotPlugins/Common/RadioComponent.qml:94";"";"";"no"
"UI-2699";"qgc_source_uk_UA.ts";"RadioComponent";"Not Mapped";"";"TODO";"../src/AutoPilotPlugins/Common/RadioComponent.qml:150";"";"";"no"
"UI-2700";"qgc_source_uk_UA.ts";"RadioComponent";"Attitude Controls";"";"TODO";"../src/AutoPilotPlugins/Common/RadioComponent.qml:176";"";"";"no"
"UI-2701";"qgc_source_uk_UA.ts";"RadioComponent";"Roll";"";"TODO";"../src/AutoPilotPlugins/Common/RadioComponent.qml:184";"";"";"no"
"UI-2702";"qgc_source_uk_UA.ts";"RadioComponent";"Pitch";"";"TODO";"../src/AutoPilotPlugins/Common/RadioComponent.qml:213";"";"";"no"
"UI-2703";"qgc_source_uk_UA.ts";"RadioComponent";"Yaw";"";"TODO";"../src/AutoPilotPlugins/Common/RadioComponent.qml:242";"";"";"no"
"UI-2704";"qgc_source_uk_UA.ts";"RadioComponent";"Throttle";"";"TODO";"../src/AutoPilotPlugins/Common/RadioComponent.qml:271";"";"";"no"
"UI-2705";"qgc_source_uk_UA.ts";"RadioComponent";"Skip";"";"TODO";"../src/AutoPilotPlugins/Common/RadioComponent.qml:299";"";"";"no"
"UI-2706";"qgc_source_uk_UA.ts";"RadioComponent";"Cancel";"";"TODO";"../src/AutoPilotPlugins/Common/RadioComponent.qml:305";"";"";"no"
"UI-2707";"qgc_source_uk_UA.ts";"RadioComponent";"Calibrate";"";"TODO";"../src/AutoPilotPlugins/Common/RadioComponent.qml:312 | ../src/AutoPilotPlugins/Common/RadioComponent.qml:315";"";"";"no"
"UI-2708";"qgc_source_uk_UA.ts";"RadioComponent";"Radio Not Ready";"";"TODO";"../src/AutoPilotPlugins/Common/RadioComponent.qml:317";"";"";"no"
"UI-2709";"qgc_source_uk_UA.ts";"RadioComponent";"Ready to calibrate.";"";"TODO";"../src/AutoPilotPlugins/Common/RadioComponent.qml:321";"";"";"no"
"UI-2710";"qgc_source_uk_UA.ts";"RadioComponent";"Zero Trims";"";"TODO";"../src/AutoPilotPlugins/Common/RadioComponent.qml:323";"";"";"no"
"UI-2711";"qgc_source_uk_UA.ts";"RadioComponent";"Additional Radio setup:";"";"TODO";"../src/AutoPilotPlugins/Common/RadioComponent.qml:350";"";"";"no"
"UI-2712";"qgc_source_uk_UA.ts";"RadioComponent";"Spektrum Bind";"";"TODO";"../src/AutoPilotPlugins/Common/RadioComponent.qml:60 | ../src/AutoPilotPlugins/Common/RadioComponent.qml:387";"";"";"no"
"UI-2713";"qgc_source_uk_UA.ts";"RadioComponent";"Copy Trims";"";"TODO";"../src/AutoPilotPlugins/Common/RadioComponent.qml:400 | ../src/AutoPilotPlugins/Common/RadioComponent.qml:401";"";"";"no"
"UI-2714";"qgc_source_uk_UA.ts";"RadioComponent";"Mode 1";"";"TODO";"../src/AutoPilotPlugins/Common/RadioComponent.qml:427";"";"";"no"
"UI-2715";"qgc_source_uk_UA.ts";"RadioComponent";"Mode 2";"";"TODO";"../src/AutoPilotPlugins/Common/RadioComponent.qml:433";"";"";"no"
"UI-2716";"qgc_source_uk_UA.ts";"RadioComponentController";"Lower the Throttle stick all the way down as shown in diagram.

It is recommended to disconnect all motors for additional safety, however, the system is designed to not arm during the calibration.

Click Next to continue";"";"TODO";"../src/AutoPilotPlugins/Common/RadioComponentController.cc:66";"";"";"no"
"UI-2717";"qgc_source_uk_UA.ts";"RadioComponentController";"Lower the Throttle stick all the way down as shown in diagram.
Reset all transmitter trims to center.

Please ensure all motor power is disconnected AND all props are removed from the vehicle.

Click Next to continue";"";"TODO";"../src/AutoPilotPlugins/Common/RadioComponentController.cc:71";"";"";"no"
"UI-2718";"qgc_source_uk_UA.ts";"RadioComponentController";"Move the Throttle stick all the way up and hold it there...";"";"TODO";"../src/AutoPilotPlugins/Common/RadioComponentController.cc:76";"";"";"no"
"UI-2719";"qgc_source_uk_UA.ts";"RadioComponentController";"Move the Throttle stick all the way down and leave it there...";"";"TODO";"../src/AutoPilotPlugins/Common/RadioComponentController.cc:77";"";"";"no"
"UI-2720";"qgc_source_uk_UA.ts";"RadioComponentController";"Move the Yaw stick all the way to the left and hold it there...";"";"TODO";"../src/AutoPilotPlugins/Common/RadioComponentController.cc:78";"";"";"no"
"UI-2721";"qgc_source_uk_UA.ts";"RadioComponentController";"Move the Yaw stick all the way to the right and hold it there...";"";"TODO";"../src/AutoPilotPlugins/Common/RadioComponentController.cc:79";"";"";"no"
"UI-2722";"qgc_source_uk_UA.ts";"RadioComponentController";"Move the Roll stick all the way to the left and hold it there...";"";"TODO";"../src/AutoPilotPlugins/Common/RadioComponentController.cc:80";"";"";"no"
"UI-2723";"qgc_source_uk_UA.ts";"RadioComponentController";"Move the Roll stick all the way to the right and hold it there...";"";"TODO";"../src/AutoPilotPlugins/Common/RadioComponentController.cc:81";"";"";"no"
"UI-2724";"qgc_source_uk_UA.ts";"RadioComponentController";"Move the Pitch stick all the way down and hold it there...";"";"TODO";"../src/AutoPilotPlugins/Common/RadioComponentController.cc:82";"";"";"no"
"UI-2725";"qgc_source_uk_UA.ts";"RadioComponentController";"Move the Pitch stick all the way up and hold it there...";"";"TODO";"../src/AutoPilotPlugins/Common/RadioComponentController.cc:83";"";"";"no"
"UI-2726";"qgc_source_uk_UA.ts";"RadioComponentController";"Allow the Pitch stick to move back to center...";"";"TODO";"../src/AutoPilotPlugins/Common/RadioComponentController.cc:84";"";"";"no"
"UI-2727";"qgc_source_uk_UA.ts";"RadioComponentController";"Move all the transmitter switches and/or dials back and forth to their extreme positions.";"";"TODO";"../src/AutoPilotPlugins/Common/RadioComponentController.cc:85";"";"";"no"
"UI-2728";"qgc_source_uk_UA.ts";"RadioComponentController";"All settings have been captured. Click Next to write the new parameters to your board.";"";"TODO";"../src/AutoPilotPlugins/Common/RadioComponentController.cc:86";"";"";"no"
"UI-2729";"qgc_source_uk_UA.ts";"RadioComponentController";"Center the Throttle stick as shown in diagram.
Reset all transmitter trims to center.

Please ensure all motor power is disconnected from the vehicle.

Click Next to continue";"";"TODO";"../src/AutoPilotPlugins/Common/RadioComponentController.cc:163";"";"";"no"
"UI-2730";"qgc_source_uk_UA.ts";"RadioComponentController";"Next";"";"TODO";"../src/AutoPilotPlugins/Common/RadioComponentController.cc:772";"";"";"no"
"UI-2731";"qgc_source_uk_UA.ts";"RadioComponentController";"Calibrate";"";"TODO";"../src/AutoPilotPlugins/Common/RadioComponentController.cc:796";"";"";"no"
"UI-2732";"qgc_source_uk_UA.ts";"RadioComponentController";"The current calibration settings are now displayed for each channel on screen.

Click the Next button to upload calibration to board. Click Cancel if you don't want to save these values.";"";"TODO";"../src/AutoPilotPlugins/Common/RadioComponentController.cc:826";"";"";"no"
"UI-2733";"qgc_source_uk_UA.ts";"RallyPointController";"Rally: %1";"";"TODO";"../src/MissionManager/RallyPointController.cc:103";"";"";"no"
"UI-2734";"qgc_source_uk_UA.ts";"RallyPointController";"Rally Points supports version %1";"";"TODO";"../src/MissionManager/RallyPointController.cc:106";"";"";"no"
"UI-2735";"qgc_source_uk_UA.ts";"RallyPointEditorHeader";"Rally Points";"";"TODO";"../src/QmlControls/RallyPointEditorHeader.qml:30";"";"";"no"
"UI-2736";"qgc_source_uk_UA.ts";"RallyPointEditorHeader";"Rally Points provide alternate landing points when performing a Return to Launch (RTL).";"";"TODO";"../src/QmlControls/RallyPointEditorHeader.qml:51";"";"";"no"
"UI-2737";"qgc_source_uk_UA.ts";"RallyPointItemEditor";"Rally Point";"";"TODO";"../src/QmlControls/RallyPointItemEditor.qml:51";"";"";"no"
"UI-2738";"qgc_source_uk_UA.ts";"RallyPointItemEditor";"Delete";"";"TODO";"../src/QmlControls/RallyPointItemEditor.qml:74";"";"";"no"
"UI-2739";"qgc_source_uk_UA.ts";"RallyPointMapVisuals";"R";"";"TODO";"../src/QmlControls/RallyPointMapVisuals.qml:72";"rally point map item label";"";"no"
"UI-2740";"qgc_source_uk_UA.ts";"RemoteIDIndicatorPage";"RemoteID Status";"";"TODO";"../src/QmlControls/RemoteIDIndicatorPage.qml:84";"";"";"no"
"UI-2741";"qgc_source_uk_UA.ts";"RemoteIDIndicatorPage";"ARM STATUS";"";"TODO";"../src/QmlControls/RemoteIDIndicatorPage.qml:107";"";"";"no"
"UI-2742";"qgc_source_uk_UA.ts";"RemoteIDIndicatorPage";"RID COMMS";"";"TODO";"../src/QmlControls/RemoteIDIndicatorPage.qml:131";"";"";"no"
"UI-2743";"qgc_source_uk_UA.ts";"RemoteIDIndicatorPage";"NOT CONNECTED";"";"TODO";"../src/QmlControls/RemoteIDIndicatorPage.qml:131";"";"";"no"
"UI-2744";"qgc_source_uk_UA.ts";"RemoteIDIndicatorPage";"GCS GPS";"";"TODO";"../src/QmlControls/RemoteIDIndicatorPage.qml:156";"";"";"no"
"UI-2745";"qgc_source_uk_UA.ts";"RemoteIDIndicatorPage";"BASIC ID";"";"TODO";"../src/QmlControls/RemoteIDIndicatorPage.qml:181";"";"";"no"
"UI-2746";"qgc_source_uk_UA.ts";"RemoteIDIndicatorPage";"OPERATOR ID";"";"TODO";"../src/QmlControls/RemoteIDIndicatorPage.qml:206";"";"";"no"
"UI-2747";"qgc_source_uk_UA.ts";"RemoteIDIndicatorPage";"EMERGENCY HAS BEEN DECLARED, Press and Hold for 3 seconds to cancel";"";"TODO";"../src/QmlControls/RemoteIDIndicatorPage.qml:232";"";"";"no"
"UI-2748";"qgc_source_uk_UA.ts";"RemoteIDIndicatorPage";"Press and Hold below button to declare emergency";"";"TODO";"../src/QmlControls/RemoteIDIndicatorPage.qml:232";"";"";"no"
"UI-2749";"qgc_source_uk_UA.ts";"RemoteIDIndicatorPage";"Clear Emergency";"";"TODO";"../src/QmlControls/RemoteIDIndicatorPage.qml:257";"";"";"no"
"UI-2750";"qgc_source_uk_UA.ts";"RemoteIDIndicatorPage";"EMERGENCY";"";"TODO";"../src/QmlControls/RemoteIDIndicatorPage.qml:257";"";"";"no"
"UI-2751";"qgc_source_uk_UA.ts";"RemoteIDIndicatorPage";"Arm Status Error";"";"TODO";"../src/QmlControls/RemoteIDIndicatorPage.qml:335";"";"";"no"
"UI-2752";"qgc_source_uk_UA.ts";"RemoteIDIndicatorPage";"Self ID";"";"TODO";"../src/QmlControls/RemoteIDIndicatorPage.qml:342";"";"";"no"
"UI-2753";"qgc_source_uk_UA.ts";"RemoteIDIndicatorPage";"If an emergency is declared, Emergency Text will be broadcast even if Broadcast setting is not enabled.";"";"TODO";"../src/QmlControls/RemoteIDIndicatorPage.qml:343";"";"";"no"
"UI-2754";"qgc_source_uk_UA.ts";"RemoteIDIndicatorPage";"Broadcast";"";"TODO";"../src/QmlControls/RemoteIDIndicatorPage.qml:349";"";"";"no"
"UI-2755";"qgc_source_uk_UA.ts";"RemoteIDIndicatorPage";"Broadcast Message";"";"TODO";"../src/QmlControls/RemoteIDIndicatorPage.qml:359";"";"";"no"
"UI-2756";"qgc_source_uk_UA.ts";"RemoteIDIndicatorPage";"Remote ID";"";"TODO";"../src/QmlControls/RemoteIDIndicatorPage.qml:412";"";"";"no"
"UI-2757";"qgc_source_uk_UA.ts";"RemoteIDIndicatorPage";"Configure";"";"TODO";"../src/QmlControls/RemoteIDIndicatorPage.qml:414";"";"";"no"
"UI-2758";"qgc_source_uk_UA.ts";"RemoteIDSettings";"ARM STATUS";"";"TODO";"../src/UI/AppSettings/RemoteIDSettings.qml:164";"";"";"no"
"UI-2759";"qgc_source_uk_UA.ts";"RemoteIDSettings";"RID COMMS";"";"TODO";"../src/UI/AppSettings/RemoteIDSettings.qml:181";"";"";"no"
"UI-2760";"qgc_source_uk_UA.ts";"RemoteIDSettings";"NOT CONNECTED";"";"TODO";"../src/UI/AppSettings/RemoteIDSettings.qml:181";"";"";"no"
"UI-2761";"qgc_source_uk_UA.ts";"RemoteIDSettings";"GCS GPS";"";"TODO";"../src/UI/AppSettings/RemoteIDSettings.qml:199";"";"";"no"
"UI-2762";"qgc_source_uk_UA.ts";"RemoteIDSettings";"BASIC ID";"";"TODO";"../src/UI/AppSettings/RemoteIDSettings.qml:217";"";"";"no"
"UI-2763";"qgc_source_uk_UA.ts";"RemoteIDSettings";"OPERATOR ID";"";"TODO";"../src/UI/AppSettings/RemoteIDSettings.qml:235";"";"";"no"
"UI-2764";"qgc_source_uk_UA.ts";"RemoteIDSettings";"Arm Status Error";"";"TODO";"../src/UI/AppSettings/RemoteIDSettings.qml:281";"";"";"no"
"UI-2765";"qgc_source_uk_UA.ts";"RemoteIDSettings";"Basic ID";"";"TODO";"../src/UI/AppSettings/RemoteIDSettings.qml:289";"";"";"no"
"UI-2766";"qgc_source_uk_UA.ts";"RemoteIDSettings";"If Basic ID is already set on the RID device, this will be registered as Basic ID 2";"";"TODO";"../src/UI/AppSettings/RemoteIDSettings.qml:290";"";"";"no"
"UI-2767";"qgc_source_uk_UA.ts";"RemoteIDSettings";"Broadcast";"";"TODO";"../src/UI/AppSettings/RemoteIDSettings.qml:298 | ../src/UI/AppSettings/RemoteIDSettings.qml:422";"";"";"no"
"UI-2768";"qgc_source_uk_UA.ts";"RemoteIDSettings";"If an emergency is declared, Emergency Text will be broadcast even if Broadcast setting is not enabled.";"";"TODO";"../src/UI/AppSettings/RemoteIDSettings.qml:416";"";"";"no"
"UI-2769";"qgc_source_uk_UA.ts";"RemoteIDSettings";"Broadcast Message";"";"TODO";"../src/UI/AppSettings/RemoteIDSettings.qml:432";"";"";"no"
"UI-2770";"qgc_source_uk_UA.ts";"RemoteIDSettings";"GroundStation Location";"";"TODO";"../src/UI/AppSettings/RemoteIDSettings.qml:483";"";"";"no"
"UI-2771";"qgc_source_uk_UA.ts";"RemoteIDSettings";"EU Vehicle Info";"";"TODO";"../src/UI/AppSettings/RemoteIDSettings.qml:603";"";"";"no"
"UI-2772";"qgc_source_uk_UA.ts";"RemoteIDSettings";"Provide Information";"";"TODO";"../src/UI/AppSettings/RemoteIDSettings.qml:609";"";"";"no"
"UI-2773";"qgc_source_uk_UA.ts";"RemoteIDSettings";"NMEA External GPS Device";"";"TODO";"../src/UI/AppSettings/RemoteIDSettings.qml:539";"";"";"no"
"UI-2774";"qgc_source_uk_UA.ts";"RemoteIDSettings";"NMEA GPS Baudrate";"";"TODO";"../src/UI/AppSettings/RemoteIDSettings.qml:570";"";"";"no"
"UI-2775";"qgc_source_uk_UA.ts";"RemoteIDSettings";"NMEA stream UDP port";"";"TODO";"../src/UI/AppSettings/RemoteIDSettings.qml:590";"";"";"no"
"UI-2776";"qgc_source_uk_UA.ts";"RemoteIDSettings";"Operator ID";"";"TODO";"../src/UI/AppSettings/RemoteIDSettings.qml:343";"";"";"no"
"UI-2777";"qgc_source_uk_UA.ts";"RemoteIDSettings";"Broadcast%1";"";"TODO";"../src/UI/AppSettings/RemoteIDSettings.qml:347";"";"";"no"
"UI-2778";"qgc_source_uk_UA.ts";"RemoteIDSettings";" (%1)";"";"TODO";"../src/UI/AppSettings/RemoteIDSettings.qml:372";"";"";"no"
"UI-2779";"qgc_source_uk_UA.ts";"RemoteIDSettings";"Invalid Operator ID";"";"TODO";"../src/UI/AppSettings/RemoteIDSettings.qml:388";"";"";"no"
"UI-2780";"qgc_source_uk_UA.ts";"RemoteIDSettings";"Self ID";"";"TODO";"../src/UI/AppSettings/RemoteIDSettings.qml:415";"";"";"no"
"UI-2781";"qgc_source_uk_UA.ts";"RoverChecklist";"Rover Initial Checks";"";"TODO";"../src/FlightDisplay/RoverChecklist.qml:25";"";"";"no"
"UI-2782";"qgc_source_uk_UA.ts";"RoverChecklist";"Hardware";"";"TODO";"../src/FlightDisplay/RoverChecklist.qml:28";"";"";"no"
"UI-2783";"qgc_source_uk_UA.ts";"RoverChecklist";"Battery mounted and secured?";"";"TODO";"../src/FlightDisplay/RoverChecklist.qml:29";"";"";"no"
"UI-2784";"qgc_source_uk_UA.ts";"RoverChecklist";"Please arm the vehicle here";"";"TODO";"../src/FlightDisplay/RoverChecklist.qml:50";"";"";"no"
"UI-2785";"qgc_source_uk_UA.ts";"RoverChecklist";"Mission";"";"TODO";"../src/FlightDisplay/RoverChecklist.qml:53";"";"";"no"
"UI-2786";"qgc_source_uk_UA.ts";"RoverChecklist";"Please confirm mission is valid (waypoints valid, no terrain collision).";"";"TODO";"../src/FlightDisplay/RoverChecklist.qml:54";"";"";"no"
"UI-2787";"qgc_source_uk_UA.ts";"RoverChecklist";"Last preparations before launch";"";"TODO";"../src/FlightDisplay/RoverChecklist.qml:62";"";"";"no"
"UI-2788";"qgc_source_uk_UA.ts";"RoverChecklist";"Payload";"";"TODO";"../src/FlightDisplay/RoverChecklist.qml:66";"";"";"no"
"UI-2789";"qgc_source_uk_UA.ts";"RoverChecklist";"Configured and started? Payload lid closed?";"";"TODO";"../src/FlightDisplay/RoverChecklist.qml:67";"";"";"no"
"UI-2790";"qgc_source_uk_UA.ts";"RoverChecklist";"Wind & weather";"";"TODO";"../src/FlightDisplay/RoverChecklist.qml:71";"";"";"no"
"UI-2791";"qgc_source_uk_UA.ts";"RoverChecklist";"OK for your platform?";"";"TODO";"../src/FlightDisplay/RoverChecklist.qml:72";"";"";"no"
"UI-2792";"qgc_source_uk_UA.ts";"RoverChecklist";"Mission area";"";"TODO";"../src/FlightDisplay/RoverChecklist.qml:76";"";"";"no"
"UI-2793";"qgc_source_uk_UA.ts";"RoverChecklist";"Mission area and path free of obstacles/people?";"";"TODO";"../src/FlightDisplay/RoverChecklist.qml:77";"";"";"no"
"UI-2794";"qgc_source_uk_UA.ts";"SHP";"File is not a .shp file: %1";"";"TODO";"../src/Utilities/Shape/SHPFileHelper.cc:41";"";"";"no"
"UI-2795";"qgc_source_uk_UA.ts";"SHP";"File not found: %1";"";"TODO";"../src/Utilities/Shape/SHPFileHelper.cc:48";"";"";"no"
"UI-2796";"qgc_source_uk_UA.ts";"SHP";"PRJ file open failed: %1";"";"TODO";"../src/Utilities/Shape/SHPFileHelper.cc:53";"";"";"no"
"UI-2797";"qgc_source_uk_UA.ts";"SHP";"UTM projection is not in supported format. Must be PROJCS[""WGS_1984_UTM_Zone_##N/S";"";"TODO";"../src/Utilities/Shape/SHPFileHelper.cc:75";"";"";"no"
"UI-2798";"qgc_source_uk_UA.ts";"SHP";"Only WGS84 or UTM projections are supported.";"";"TODO";"../src/Utilities/Shape/SHPFileHelper.cc:78";"";"";"no"
"UI-2799";"qgc_source_uk_UA.ts";"SHP";"SHPOpen failed.";"";"TODO";"../src/Utilities/Shape/SHPFileHelper.cc:101";"";"";"no"
"UI-2800";"qgc_source_uk_UA.ts";"SHP";"More than one entity found.";"";"TODO";"../src/Utilities/Shape/SHPFileHelper.cc:125";"";"";"no"
"UI-2801";"qgc_source_uk_UA.ts";"SHP";"No supported types found.";"";"TODO";"../src/Utilities/Shape/SHPFileHelper.cc:131";"";"";"no"
"UI-2802";"qgc_source_uk_UA.ts";"SHP";"File does not contain a polygon.";"";"TODO";"../src/Utilities/Shape/SHPFileHelper.cc:161";"";"";"no"
"UI-2803";"qgc_source_uk_UA.ts";"SHP";"Failed to read polygon object.";"";"TODO";"../src/Utilities/Shape/SHPFileHelper.cc:167";"";"";"no"
"UI-2804";"qgc_source_uk_UA.ts";"SHP";"Only single part polygons are supported.";"";"TODO";"../src/Utilities/Shape/SHPFileHelper.cc:172";"";"";"no"
"UI-2805";"qgc_source_uk_UA.ts";"SHP";"File does not contain a polyline.";"";"TODO";"../src/Utilities/Shape/SHPFileHelper.cc:235";"";"";"no"
"UI-2806";"qgc_source_uk_UA.ts";"SHP";"Failed to read polyline object.";"";"TODO";"../src/Utilities/Shape/SHPFileHelper.cc:241";"";"";"no"
"UI-2807";"qgc_source_uk_UA.ts";"SHP";"Only single part polylines are supported.";"";"TODO";"../src/Utilities/Shape/SHPFileHelper.cc:246";"";"";"no"
"UI-2808";"qgc_source_uk_UA.ts";"SHPFileHelper";"SHP file load failed. %1";"";"TODO";"../src/Utilities/Shape/SHPFileHelper.cc:32";"";"";"no"
"UI-2809";"qgc_source_uk_UA.ts";"SafetyComponent";"Low Battery Failsafe Trigger";"";"TODO";"../src/AutoPilotPlugins/PX4/SafetyComponent.qml:65";"";"";"no"
"UI-2810";"qgc_source_uk_UA.ts";"SafetyComponent";"Failsafe Action:";"";"TODO";"../src/AutoPilotPlugins/PX4/SafetyComponent.qml:93 | ../src/AutoPilotPlugins/PX4/SafetyComponent.qml:275 | ../src/AutoPilotPlugins/PX4/SafetyComponent.qml:327";"";"";"no"
"UI-2811";"qgc_source_uk_UA.ts";"SafetyComponent";"Battery Warn Level:";"";"TODO";"../src/AutoPilotPlugins/PX4/SafetyComponent.qml:105";"";"";"no"
"UI-2812";"qgc_source_uk_UA.ts";"SafetyComponent";"Battery Failsafe Level:";"";"TODO";"../src/AutoPilotPlugins/PX4/SafetyComponent.qml:114";"";"";"no"
"UI-2813";"qgc_source_uk_UA.ts";"SafetyComponent";"Battery Emergency Level:";"";"TODO";"../src/AutoPilotPlugins/PX4/SafetyComponent.qml:123";"";"";"no"
"UI-2814";"qgc_source_uk_UA.ts";"SafetyComponent";"Object Detection";"";"TODO";"../src/AutoPilotPlugins/PX4/SafetyComponent.qml:135";"";"";"no"
"UI-2815";"qgc_source_uk_UA.ts";"SafetyComponent";"Collision Prevention:";"";"TODO";"../src/AutoPilotPlugins/PX4/SafetyComponent.qml:163";"";"";"no"
"UI-2816";"qgc_source_uk_UA.ts";"SafetyComponent";"Disabled";"";"TODO";"../src/AutoPilotPlugins/PX4/SafetyComponent.qml:168 | ../src/AutoPilotPlugins/PX4/SafetyComponent.qml:187 | ../src/AutoPilotPlugins/PX4/SafetyComponent.qml:608";"";"";"no"
"UI-2817";"qgc_source_uk_UA.ts";"SafetyComponent";"Enabled";"";"TODO";"../src/AutoPilotPlugins/PX4/SafetyComponent.qml:168 | ../src/AutoPilotPlugins/PX4/SafetyComponent.qml:187 | ../src/AutoPilotPlugins/PX4/SafetyComponent.qml:608";"";"";"no"
"UI-2818";"qgc_source_uk_UA.ts";"SafetyComponent";"Obstacle Avoidance:";"";"TODO";"../src/AutoPilotPlugins/PX4/SafetyComponent.qml:183";"";"";"no"
"UI-2819";"qgc_source_uk_UA.ts";"SafetyComponent";"Minimum Distance: (";"";"TODO";"../src/AutoPilotPlugins/PX4/SafetyComponent.qml:200";"";"";"no"
"UI-2820";"qgc_source_uk_UA.ts";"SafetyComponent";"Show obstacle distance overlay";"";"TODO";"../src/AutoPilotPlugins/PX4/SafetyComponent.qml:236";"";"";"no"
"UI-2821";"qgc_source_uk_UA.ts";"SafetyComponent";"RC Loss Failsafe Trigger";"";"TODO";"../src/AutoPilotPlugins/PX4/SafetyComponent.qml:247";"";"";"no"
"UI-2822";"qgc_source_uk_UA.ts";"SafetyComponent";"RC Loss Timeout:";"";"TODO";"../src/AutoPilotPlugins/PX4/SafetyComponent.qml:287";"";"";"no"
"UI-2823";"qgc_source_uk_UA.ts";"SafetyComponent";"Data Link Loss Failsafe Trigger";"";"TODO";"../src/AutoPilotPlugins/PX4/SafetyComponent.qml:299";"";"";"no"
"UI-2824";"qgc_source_uk_UA.ts";"SafetyComponent";"Data Link Loss Timeout:";"";"TODO";"../src/AutoPilotPlugins/PX4/SafetyComponent.qml:339";"";"";"no"
"UI-2825";"qgc_source_uk_UA.ts";"SafetyComponent";"Geofence Failsafe Trigger";"";"TODO";"../src/AutoPilotPlugins/PX4/SafetyComponent.qml:351";"";"";"no"
"UI-2826";"qgc_source_uk_UA.ts";"SafetyComponent";"Action on breach:";"";"TODO";"../src/AutoPilotPlugins/PX4/SafetyComponent.qml:380";"";"";"no"
"UI-2827";"qgc_source_uk_UA.ts";"SafetyComponent";"Max Radius:";"";"TODO";"../src/AutoPilotPlugins/PX4/SafetyComponent.qml:393";"";"";"no"
"UI-2828";"qgc_source_uk_UA.ts";"SafetyComponent";"Max Altitude:";"";"TODO";"../src/AutoPilotPlugins/PX4/SafetyComponent.qml:406";"";"";"no"
"UI-2829";"qgc_source_uk_UA.ts";"SafetyComponent";"Return To Launch Settings";"";"TODO";"../src/AutoPilotPlugins/PX4/SafetyComponent.qml:421";"";"";"no"
"UI-2830";"qgc_source_uk_UA.ts";"SafetyComponent";"Return to launch, then:";"";"TODO";"../src/AutoPilotPlugins/PX4/SafetyComponent.qml:460";"";"";"no"
"UI-2831";"qgc_source_uk_UA.ts";"SafetyComponent";"Telemetry logging to vehicle storage:";"";"TODO";"../src/AutoPilotPlugins/PX4/SafetyComponent.qml:603";"";"";"no"
"UI-2832";"qgc_source_uk_UA.ts";"SafetyComponent";"Climb to altitude of:";"";"TODO";"../src/AutoPilotPlugins/PX4/SafetyComponent.qml:449";"";"";"no"
"UI-2833";"qgc_source_uk_UA.ts";"SafetyComponent";"Land immediately";"";"TODO";"../src/AutoPilotPlugins/PX4/SafetyComponent.qml:469";"";"";"no"
"UI-2834";"qgc_source_uk_UA.ts";"SafetyComponent";"Loiter and do not land";"";"TODO";"../src/AutoPilotPlugins/PX4/SafetyComponent.qml:479";"";"";"no"
"UI-2835";"qgc_source_uk_UA.ts";"SafetyComponent";"Loiter and land after specified time";"";"TODO";"../src/AutoPilotPlugins/PX4/SafetyComponent.qml:489";"";"";"no"
"UI-2836";"qgc_source_uk_UA.ts";"SafetyComponent";"Loiter Time";"";"TODO";"../src/AutoPilotPlugins/PX4/SafetyComponent.qml:495";"";"";"no"
"UI-2837";"qgc_source_uk_UA.ts";"SafetyComponent";"Loiter Altitude";"";"TODO";"../src/AutoPilotPlugins/PX4/SafetyComponent.qml:505";"";"";"no"
"UI-2838";"qgc_source_uk_UA.ts";"SafetyComponent";"Land Mode Settings";"";"TODO";"../src/AutoPilotPlugins/PX4/SafetyComponent.qml:518";"";"";"no"
"UI-2839";"qgc_source_uk_UA.ts";"SafetyComponent";"Landing Descent Rate:";"";"TODO";"../src/AutoPilotPlugins/PX4/SafetyComponent.qml:547";"";"";"no"
"UI-2840";"qgc_source_uk_UA.ts";"SafetyComponent";"Disarm After:";"";"TODO";"../src/AutoPilotPlugins/PX4/SafetyComponent.qml:561";"";"";"no"
"UI-2841";"qgc_source_uk_UA.ts";"SafetyComponent";"Vehicle Telemetry Logging";"";"TODO";"../src/AutoPilotPlugins/PX4/SafetyComponent.qml:576";"";"";"no"
"UI-2842";"qgc_source_uk_UA.ts";"SafetyComponent";"Hardware in the Loop Simulation";"";"TODO";"../src/AutoPilotPlugins/PX4/SafetyComponent.qml:626";"";"";"no"
"UI-2843";"qgc_source_uk_UA.ts";"SafetyComponent";"HITL Enabled:";"";"TODO";"../src/AutoPilotPlugins/PX4/SafetyComponent.qml:655";"";"";"no"
"UI-2844";"qgc_source_uk_UA.ts";"SafetyComponent";"Safety";"";"TODO";"../src/AutoPilotPlugins/PX4/SafetyComponent.cc:18";"";"";"no"
"UI-2845";"qgc_source_uk_UA.ts";"SafetyComponentSummary";"Low Battery Failsafe";"";"TODO";"../src/AutoPilotPlugins/PX4/SafetyComponentSummary.qml:28";"";"";"no"
"UI-2846";"qgc_source_uk_UA.ts";"SafetyComponentSummary";"RC Loss Failsafe";"";"TODO";"../src/AutoPilotPlugins/PX4/SafetyComponentSummary.qml:33";"";"";"no"
"UI-2847";"qgc_source_uk_UA.ts";"SafetyComponentSummary";"RC Loss Timeout";"";"TODO";"../src/AutoPilotPlugins/PX4/SafetyComponentSummary.qml:38";"";"";"no"
"UI-2848";"qgc_source_uk_UA.ts";"SafetyComponentSummary";"Data Link Loss Failsafe";"";"TODO";"../src/AutoPilotPlugins/PX4/SafetyComponentSummary.qml:43";"";"";"no"
"UI-2849";"qgc_source_uk_UA.ts";"SafetyComponentSummary";"RTL Climb To";"";"TODO";"../src/AutoPilotPlugins/PX4/SafetyComponentSummary.qml:48";"";"";"no"
"UI-2850";"qgc_source_uk_UA.ts";"SafetyComponentSummary";"RTL, Then";"";"TODO";"../src/AutoPilotPlugins/PX4/SafetyComponentSummary.qml:53";"";"";"no"
"UI-2851";"qgc_source_uk_UA.ts";"SafetyComponentSummary";"Land immediately";"";"TODO";"../src/AutoPilotPlugins/PX4/SafetyComponentSummary.qml:55";"";"";"no"
"UI-2852";"qgc_source_uk_UA.ts";"SafetyComponentSummary";"Loiter and do not land";"";"TODO";"../src/AutoPilotPlugins/PX4/SafetyComponentSummary.qml:57";"";"";"no"
"UI-2853";"qgc_source_uk_UA.ts";"SafetyComponentSummary";"Loiter and land after specified time";"";"TODO";"../src/AutoPilotPlugins/PX4/SafetyComponentSummary.qml:58";"";"";"no"
"UI-2854";"qgc_source_uk_UA.ts";"SafetyComponentSummary";"Loiter Alt";"";"TODO";"../src/AutoPilotPlugins/PX4/SafetyComponentSummary.qml:63";"";"";"no"
"UI-2855";"qgc_source_uk_UA.ts";"SafetyComponentSummary";"Land Delay";"";"TODO";"../src/AutoPilotPlugins/PX4/SafetyComponentSummary.qml:69";"";"";"no"
"UI-2856";"qgc_source_uk_UA.ts";"SensorsComponent";"Sensors";"";"TODO";"../src/AutoPilotPlugins/PX4/SensorsComponent.cc:16";"";"";"no"
"UI-2857";"qgc_source_uk_UA.ts";"SensorsComponent";"Sensors Setup is used to calibrate the sensors within your vehicle.";"";"TODO";"../src/AutoPilotPlugins/PX4/SensorsComponent.cc:37";"";"";"no"
"UI-2858";"qgc_source_uk_UA.ts";"SensorsComponentController";"Calibration complete";"";"TODO";"../src/AutoPilotPlugins/PX4/SensorsComponentController.cc:167";"";"";"no"
"UI-2859";"qgc_source_uk_UA.ts";"SensorsComponentController";"Calibration failed. Calibration log will be displayed.";"";"TODO";"../src/AutoPilotPlugins/PX4/SensorsComponentController.cc:184";"";"";"no"
"UI-2860";"qgc_source_uk_UA.ts";"SensorsComponentController";"Unsupported calibration firmware version, using log";"";"TODO";"../src/AutoPilotPlugins/PX4/SensorsComponentController.cc:274";"";"";"no"
"UI-2861";"qgc_source_uk_UA.ts";"SensorsComponentController";"Place your vehicle into one of the Incomplete orientations shown below and hold it still";"";"TODO";"../src/AutoPilotPlugins/PX4/SensorsComponentController.cc:306";"";"";"no"
"UI-2862";"qgc_source_uk_UA.ts";"SensorsComponentController";"Rotate the vehicle continuously as shown in the diagram until marked as Completed";"";"TODO";"../src/AutoPilotPlugins/PX4/SensorsComponentController.cc:391";"";"";"no"
"UI-2863";"qgc_source_uk_UA.ts";"SensorsComponentController";"Hold still in the current orientation";"";"TODO";"../src/AutoPilotPlugins/PX4/SensorsComponentController.cc:393";"";"";"no"
"UI-2864";"qgc_source_uk_UA.ts";"SensorsComponentController";"Place you vehicle into one of the orientations shown below and hold it still";"";"TODO";"../src/AutoPilotPlugins/PX4/SensorsComponentController.cc:431";"";"";"no"
"UI-2865";"qgc_source_uk_UA.ts";"SensorsComponentController";"Orientation already completed, place you vehicle into one of the incomplete orientations shown below and hold it still";"";"TODO";"../src/AutoPilotPlugins/PX4/SensorsComponentController.cc:440";"";"";"no"
"UI-2866";"qgc_source_uk_UA.ts";"SensorsComponentController";"Reset successful";"";"TODO";"../src/AutoPilotPlugins/PX4/SensorsComponentController.cc:500";"";"";"no"
"UI-2867";"qgc_source_uk_UA.ts";"SensorsComponentController";"Reset failed";"";"TODO";"../src/AutoPilotPlugins/PX4/SensorsComponentController.cc:507";"";"";"no"
"UI-2868";"qgc_source_uk_UA.ts";"SensorsComponentSummary";"Compass 0";"";"TODO";"../src/AutoPilotPlugins/PX4/SensorsComponentSummary.qml:28";"";"";"no"
"UI-2869";"qgc_source_uk_UA.ts";"SensorsComponentSummary";"Setup required";"";"TODO";"../src/AutoPilotPlugins/PX4/SensorsComponentSummary.qml:29 | ../src/AutoPilotPlugins/PX4/SensorsComponentSummary.qml:46 | ../src/AutoPilotPlugins/PX4/SensorsComponentSummary.qml:51";"";"";"no"
"UI-2870";"qgc_source_uk_UA.ts";"SensorsComponentSummary";"Ready";"";"TODO";"../src/AutoPilotPlugins/PX4/SensorsComponentSummary.qml:29 | ../src/AutoPilotPlugins/PX4/SensorsComponentSummary.qml:35 | ../src/AutoPilotPlugins/PX4/SensorsComponentSummary.qml:41 | ../src/AutoPilotPlugins/PX4/SensorsComponentSummary.qml:46 | ../src/AutoPilotPlugins/PX4/SensorsComponentSummary.qml:51";"";"";"no"
"UI-2871";"qgc_source_uk_UA.ts";"SensorsComponentSummary";"Compass 1";"";"TODO";"../src/AutoPilotPlugins/PX4/SensorsComponentSummary.qml:33";"";"";"no"
"UI-2872";"qgc_source_uk_UA.ts";"SensorsComponentSummary";"Compass 2";"";"TODO";"../src/AutoPilotPlugins/PX4/SensorsComponentSummary.qml:39";"";"";"no"
"UI-2873";"qgc_source_uk_UA.ts";"SensorsComponentSummary";"Gyro";"";"TODO";"../src/AutoPilotPlugins/PX4/SensorsComponentSummary.qml:45";"";"";"no"
"UI-2874";"qgc_source_uk_UA.ts";"SensorsComponentSummary";"Accelerometer";"";"TODO";"../src/AutoPilotPlugins/PX4/SensorsComponentSummary.qml:50";"";"";"no"
"UI-2875";"qgc_source_uk_UA.ts";"SensorsComponentSummaryFixedWing";"Compass:";"";"TODO";"../src/AutoPilotPlugins/PX4/SensorsComponentSummaryFixedWing.qml:26";"";"";"no"
"UI-2876";"qgc_source_uk_UA.ts";"SensorsComponentSummaryFixedWing";"Setup required";"";"TODO";"../src/AutoPilotPlugins/PX4/SensorsComponentSummaryFixedWing.qml:27 | ../src/AutoPilotPlugins/PX4/SensorsComponentSummaryFixedWing.qml:32 | ../src/AutoPilotPlugins/PX4/SensorsComponentSummaryFixedWing.qml:37 | ../src/AutoPilotPlugins/PX4/SensorsComponentSummaryFixedWing.qml:43";"";"";"no"
"UI-2877";"qgc_source_uk_UA.ts";"SensorsComponentSummaryFixedWing";"Ready";"";"TODO";"../src/AutoPilotPlugins/PX4/SensorsComponentSummaryFixedWing.qml:27 | ../src/AutoPilotPlugins/PX4/SensorsComponentSummaryFixedWing.qml:32 | ../src/AutoPilotPlugins/PX4/SensorsComponentSummaryFixedWing.qml:37 | ../src/AutoPilotPlugins/PX4/SensorsComponentSummaryFixedWing.qml:43";"";"";"no"
"UI-2878";"qgc_source_uk_UA.ts";"SensorsComponentSummaryFixedWing";"Gyro:";"";"TODO";"../src/AutoPilotPlugins/PX4/SensorsComponentSummaryFixedWing.qml:31";"";"";"no"
"UI-2879";"qgc_source_uk_UA.ts";"SensorsComponentSummaryFixedWing";"Accelerometer:";"";"TODO";"../src/AutoPilotPlugins/PX4/SensorsComponentSummaryFixedWing.qml:36";"";"";"no"
"UI-2880";"qgc_source_uk_UA.ts";"SensorsComponentSummaryFixedWing";"Airspeed:";"";"TODO";"../src/AutoPilotPlugins/PX4/SensorsComponentSummaryFixedWing.qml:41";"";"";"no"
"UI-2881";"qgc_source_uk_UA.ts";"SensorsSetup";"If the orientation is in the direction of flight, select ROTATION_NONE.";"";"TODO";"../src/AutoPilotPlugins/PX4/SensorsSetup.qml:41 | ../src/AutoPilotPlugins/PX4/SensorsSetup.qml:42";"";"";"no"
"UI-2882";"qgc_source_uk_UA.ts";"SensorsSetup";"For Airspeed calibration you will need to keep your airspeed sensor out of any wind and then blow across the sensor. Do not touch the sensor or obstruct any holes during the calibration.";"";"TODO";"../src/AutoPilotPlugins/PX4/SensorsSetup.qml:48";"";"";"no"
"UI-2883";"qgc_source_uk_UA.ts";"SensorsSetup";"Start the individual calibration steps by clicking one of the buttons to the left.";"";"TODO";"../src/AutoPilotPlugins/PX4/SensorsSetup.qml:50";"";"";"no"
"UI-2884";"qgc_source_uk_UA.ts";"SensorsSetup";"Compass Calibration Complete";"";"TODO";"../src/AutoPilotPlugins/PX4/SensorsSetup.qml:210";"";"";"no"
"UI-2885";"qgc_source_uk_UA.ts";"SensorsSetup";"Calibration Cancel";"";"TODO";"../src/AutoPilotPlugins/PX4/SensorsSetup.qml:231";"";"";"no"
"UI-2886";"qgc_source_uk_UA.ts";"SensorsSetup";"Sensor Calibration";"";"TODO";"../src/AutoPilotPlugins/PX4/SensorsSetup.qml:223";"";"";"no"
"UI-2887";"qgc_source_uk_UA.ts";"SensorsSetup";"Performing sensor calibration over a WiFi connection is known to be unreliable. You should disconnect and perform calibration using a direct USB connection instead.";"";"TODO";"../src/AutoPilotPlugins/PX4/SensorsSetup.qml:223";"";"";"no"
"UI-2888";"qgc_source_uk_UA.ts";"SensorsSetup";"Waiting for Vehicle to response to Cancel. This may take a few seconds.";"";"TODO";"../src/AutoPilotPlugins/PX4/SensorsSetup.qml:232";"";"";"no"
"UI-2889";"qgc_source_uk_UA.ts";"SensorsSetup";"Set autopilot orientation before calibrating.";"";"TODO";"../src/AutoPilotPlugins/PX4/SensorsSetup.qml:285";"";"";"no"
"UI-2890";"qgc_source_uk_UA.ts";"SensorsSetup";"Reboot Vehicle";"";"TODO";"../src/AutoPilotPlugins/PX4/SensorsSetup.qml:332";"";"";"no"
"UI-2891";"qgc_source_uk_UA.ts";"SensorsSetup";"For Compass calibration you will need to rotate your vehicle through a number of positions.";"";"TODO";"../src/AutoPilotPlugins/PX4/SensorsSetup.qml:44";"";"";"no"
"UI-2892";"qgc_source_uk_UA.ts";"SensorsSetup";"For Gyroscope calibration you will need to place your vehicle on a surface and leave it still.";"";"TODO";"../src/AutoPilotPlugins/PX4/SensorsSetup.qml:45";"";"";"no"
"UI-2893";"qgc_source_uk_UA.ts";"SensorsSetup";"For Accelerometer calibration you will need to place your vehicle on all six sides on a perfectly level surface and hold it still in each orientation for a few seconds.";"";"TODO";"../src/AutoPilotPlugins/PX4/SensorsSetup.qml:46";"";"";"no"
"UI-2894";"qgc_source_uk_UA.ts";"SensorsSetup";"To level the horizon you need to place the vehicle in its level flight position and leave still.";"";"TODO";"../src/AutoPilotPlugins/PX4/SensorsSetup.qml:47";"";"";"no"
"UI-2895";"qgc_source_uk_UA.ts";"SensorsSetup";"Autopilot Orientation";"";"TODO";"../src/AutoPilotPlugins/PX4/SensorsSetup.qml:290 | ../src/AutoPilotPlugins/PX4/SensorsSetup.qml:346";"";"";"no"
"UI-2896";"qgc_source_uk_UA.ts";"SensorsSetup";"ROTATION_NONE indicates component points in direction of flight.";"";"TODO";"../src/AutoPilotPlugins/PX4/SensorsSetup.qml:300";"";"";"no"
"UI-2897";"qgc_source_uk_UA.ts";"SensorsSetup";"Click Ok to start calibration.";"";"TODO";"../src/AutoPilotPlugins/PX4/SensorsSetup.qml:306";"";"";"no"
"UI-2898";"qgc_source_uk_UA.ts";"SensorsSetup";"Reboot the vehicle prior to flight.";"";"TODO";"../src/AutoPilotPlugins/PX4/SensorsSetup.qml:327";"";"";"no"
"UI-2899";"qgc_source_uk_UA.ts";"SensorsSetup";"Adjust orientations as needed.

ROTATION_NONE indicates component points in direction of flight.";"";"TODO";"../src/AutoPilotPlugins/PX4/SensorsSetup.qml:338";"";"";"no"
"UI-2900";"qgc_source_uk_UA.ts";"SensorsSetup";"Mag %1 Orientation";"";"TODO";"../src/AutoPilotPlugins/PX4/SensorsSetup.qml:367";"";"";"no"
"UI-2901";"qgc_source_uk_UA.ts";"SensorsSetup";"Compass";"";"TODO";"../src/AutoPilotPlugins/PX4/SensorsSetup.qml:395";"";"";"no"
"UI-2902";"qgc_source_uk_UA.ts";"SensorsSetup";"Calibrate Compass";"";"TODO";"../src/AutoPilotPlugins/PX4/SensorsSetup.qml:402";"";"";"no"
"UI-2903";"qgc_source_uk_UA.ts";"SensorsSetup";"Gyroscope";"";"TODO";"../src/AutoPilotPlugins/PX4/SensorsSetup.qml:409";"";"";"no"
"UI-2904";"qgc_source_uk_UA.ts";"SensorsSetup";"Calibrate Gyro";"";"TODO";"../src/AutoPilotPlugins/PX4/SensorsSetup.qml:416";"";"";"no"
"UI-2905";"qgc_source_uk_UA.ts";"SensorsSetup";"Accelerometer";"";"TODO";"../src/AutoPilotPlugins/PX4/SensorsSetup.qml:423";"";"";"no"
"UI-2906";"qgc_source_uk_UA.ts";"SensorsSetup";"Calibrate Accelerometer";"";"TODO";"../src/AutoPilotPlugins/PX4/SensorsSetup.qml:430";"";"";"no"
"UI-2907";"qgc_source_uk_UA.ts";"SensorsSetup";"Level Horizon";"";"TODO";"../src/AutoPilotPlugins/PX4/SensorsSetup.qml:437 | ../src/AutoPilotPlugins/PX4/SensorsSetup.qml:445";"";"";"no"
"UI-2908";"qgc_source_uk_UA.ts";"SensorsSetup";"Airspeed";"";"TODO";"../src/AutoPilotPlugins/PX4/SensorsSetup.qml:452";"";"";"no"
"UI-2909";"qgc_source_uk_UA.ts";"SensorsSetup";"Calibrate Airspeed";"";"TODO";"../src/AutoPilotPlugins/PX4/SensorsSetup.qml:461";"";"";"no"
"UI-2910";"qgc_source_uk_UA.ts";"SensorsSetup";"Cancel";"";"TODO";"../src/AutoPilotPlugins/PX4/SensorsSetup.qml:468";"";"";"no"
"UI-2911";"qgc_source_uk_UA.ts";"SensorsSetup";"Next";"";"TODO";"../src/AutoPilotPlugins/PX4/SensorsSetup.qml:477";"";"";"no"
"UI-2912";"qgc_source_uk_UA.ts";"SensorsSetup";"Orientations";"";"TODO";"../src/AutoPilotPlugins/PX4/SensorsSetup.qml:485";"";"";"no"
"UI-2913";"qgc_source_uk_UA.ts";"SensorsSetup";"Set Orientations";"";"TODO";"../src/AutoPilotPlugins/PX4/SensorsSetup.qml:490";"";"";"no"
"UI-2914";"qgc_source_uk_UA.ts";"SensorsSetup";"Rotate";"";"TODO";"../src/AutoPilotPlugins/PX4/SensorsSetup.qml:561 | ../src/AutoPilotPlugins/PX4/SensorsSetup.qml:570 | ../src/AutoPilotPlugins/PX4/SensorsSetup.qml:579 | ../src/AutoPilotPlugins/PX4/SensorsSetup.qml:588 | ../src/AutoPilotPlugins/PX4/SensorsSetup.qml:597 | ../src/AutoPilotPlugins/PX4/SensorsSetup.qml:606";"";"";"no"
"UI-2915";"qgc_source_uk_UA.ts";"SensorsSetup";"Hold Still";"";"TODO";"../src/AutoPilotPlugins/PX4/SensorsSetup.qml:561 | ../src/AutoPilotPlugins/PX4/SensorsSetup.qml:570 | ../src/AutoPilotPlugins/PX4/SensorsSetup.qml:579 | ../src/AutoPilotPlugins/PX4/SensorsSetup.qml:588 | ../src/AutoPilotPlugins/PX4/SensorsSetup.qml:597 | ../src/AutoPilotPlugins/PX4/SensorsSetup.qml:606";"";"";"no"
"UI-2916";"qgc_source_uk_UA.ts";"SensorsSetup";"Factory reset";"";"TODO";"../src/AutoPilotPlugins/PX4/SensorsSetup.qml:613";"";"";"no"
"UI-2917";"qgc_source_uk_UA.ts";"SerialConfiguration";"Serial Link Settings";"";"TODO";"../src/Comms/SerialLink.h:53";"";"";"no"
"UI-2918";"qgc_source_uk_UA.ts";"SerialLink";"Serial Link Error";"";"TODO";"../src/Comms/SerialLink.cc:408";"";"";"no"
"UI-2919";"qgc_source_uk_UA.ts";"SerialLink";"Link %1: (Port: %2) %3";"";"TODO";"../src/Comms/SerialLink.cc:408";"";"";"no"
"UI-2920";"qgc_source_uk_UA.ts";"SerialSettings";"Baud rate name not in combo box";"";"TODO";"../src/UI/AppSettings/SerialSettings.qml:92";"";"";"no"
"UI-2921";"qgc_source_uk_UA.ts";"SerialSettings";"Enable Flow Control";"";"TODO";"../src/UI/AppSettings/SerialSettings.qml:114";"";"";"no"
"UI-2922";"qgc_source_uk_UA.ts";"SerialSettings";"Serial Port";"";"TODO";"../src/UI/AppSettings/SerialSettings.qml:31";"";"";"no"
"UI-2923";"qgc_source_uk_UA.ts";"SerialSettings";"None Available";"";"TODO";"../src/UI/AppSettings/SerialSettings.qml:65";"";"";"no"
"UI-2924";"qgc_source_uk_UA.ts";"SerialSettings";"Baud Rate";"";"TODO";"../src/UI/AppSettings/SerialSettings.qml:73";"";"";"no"
"UI-2925";"qgc_source_uk_UA.ts";"SerialSettings";"Advanced Settings";"";"TODO";"../src/UI/AppSettings/SerialSettings.qml:102";"";"";"no"
"UI-2926";"qgc_source_uk_UA.ts";"SerialSettings";"Parity";"";"TODO";"../src/UI/AppSettings/SerialSettings.qml:119";"";"";"no"
"UI-2927";"qgc_source_uk_UA.ts";"SerialSettings";"None";"";"TODO";"../src/UI/AppSettings/SerialSettings.qml:122";"";"";"no"
"UI-2928";"qgc_source_uk_UA.ts";"SerialSettings";"Even";"";"TODO";"../src/UI/AppSettings/SerialSettings.qml:122";"";"";"no"
"UI-2929";"qgc_source_uk_UA.ts";"SerialSettings";"Odd";"";"TODO";"../src/UI/AppSettings/SerialSettings.qml:122";"";"";"no"
"UI-2930";"qgc_source_uk_UA.ts";"SerialSettings";"Data Bits";"";"TODO";"../src/UI/AppSettings/SerialSettings.qml:157";"";"";"no"
"UI-2931";"qgc_source_uk_UA.ts";"SerialSettings";"Stop Bits";"";"TODO";"../src/UI/AppSettings/SerialSettings.qml:165";"";"";"no"
"UI-2932";"qgc_source_uk_UA.ts";"SerialWorker";"Not connecting to a bootloader";"";"TODO";"../src/Comms/SerialLink.cc:189";"";"";"no"
"UI-2933";"qgc_source_uk_UA.ts";"SerialWorker";"Could not open port: %1";"";"TODO";"../src/Comms/SerialLink.cc:202";"";"";"no"
"UI-2934";"qgc_source_uk_UA.ts";"SerialWorker";"Data to Send is Empty";"";"TODO";"../src/Comms/SerialLink.cc:228";"";"";"no"
"UI-2935";"qgc_source_uk_UA.ts";"SerialWorker";"Port is not Connected";"";"TODO";"../src/Comms/SerialLink.cc:233";"";"";"no"
"UI-2936";"qgc_source_uk_UA.ts";"SerialWorker";"Port is not Writable";"";"TODO";"../src/Comms/SerialLink.cc:238";"";"";"no"
"UI-2937";"qgc_source_uk_UA.ts";"SerialWorker";"Could Not Send Data - Write Failed: %1";"";"TODO";"../src/Comms/SerialLink.cc:246";"";"";"no"
"UI-2938";"qgc_source_uk_UA.ts";"SerialWorker";"Could Not Send Data - Write Returned 0 Bytes";"";"TODO";"../src/Comms/SerialLink.cc:249";"";"";"no"
"UI-2939";"qgc_source_uk_UA.ts";"SettingsPagesModel";"General";"";"TODO";"../src/UI/AppSettings/SettingsPagesModel.qml:17";"";"";"no"
"UI-2940";"qgc_source_uk_UA.ts";"SettingsPagesModel";"Fly View";"";"TODO";"../src/UI/AppSettings/SettingsPagesModel.qml:24";"";"";"no"
"UI-2941";"qgc_source_uk_UA.ts";"SettingsPagesModel";"Plan View";"";"TODO";"../src/UI/AppSettings/SettingsPagesModel.qml:31";"";"";"no"
"UI-2942";"qgc_source_uk_UA.ts";"SettingsPagesModel";"Video";"";"TODO";"../src/UI/AppSettings/SettingsPagesModel.qml:38";"";"";"no"
"UI-2943";"qgc_source_uk_UA.ts";"SettingsPagesModel";"Telemetry";"";"TODO";"../src/UI/AppSettings/SettingsPagesModel.qml:45";"";"";"no"
"UI-2944";"qgc_source_uk_UA.ts";"SettingsPagesModel";"ADSB Server";"";"TODO";"../src/UI/AppSettings/SettingsPagesModel.qml:52";"";"";"no"
"UI-2945";"qgc_source_uk_UA.ts";"SettingsPagesModel";"Comm Links";"";"TODO";"../src/UI/AppSettings/SettingsPagesModel.qml:59";"";"";"no"
"UI-2946";"qgc_source_uk_UA.ts";"SettingsPagesModel";"Maps";"";"TODO";"../src/UI/AppSettings/SettingsPagesModel.qml:66";"";"";"no"
"UI-2947";"qgc_source_uk_UA.ts";"SettingsPagesModel";"PX4 Log Transfer";"";"TODO";"../src/UI/AppSettings/SettingsPagesModel.qml:73";"";"";"no"
"UI-2948";"qgc_source_uk_UA.ts";"SettingsPagesModel";"Remote ID";"";"TODO";"../src/UI/AppSettings/SettingsPagesModel.qml:85";"";"";"no"
"UI-2949";"qgc_source_uk_UA.ts";"SettingsPagesModel";"Console";"";"TODO";"../src/UI/AppSettings/SettingsPagesModel.qml:92";"";"";"no"
"UI-2950";"qgc_source_uk_UA.ts";"SettingsPagesModel";"Help";"";"TODO";"../src/UI/AppSettings/SettingsPagesModel.qml:99";"";"";"no"
"UI-2951";"qgc_source_uk_UA.ts";"SettingsPagesModel";"Mock Link";"";"TODO";"../src/UI/AppSettings/SettingsPagesModel.qml:106";"";"";"no"
"UI-2952";"qgc_source_uk_UA.ts";"SettingsPagesModel";"Debug";"";"TODO";"../src/UI/AppSettings/SettingsPagesModel.qml:113";"";"";"no"
"UI-2953";"qgc_source_uk_UA.ts";"SettingsPagesModel";"Palette Test";"";"TODO";"../src/UI/AppSettings/SettingsPagesModel.qml:120";"";"";"no"
"UI-2954";"qgc_source_uk_UA.ts";"SetupPage";"armed";"";"TODO";"../src/QmlControls/SetupPage.qml:42";"";"";"no"
"UI-2955";"qgc_source_uk_UA.ts";"SetupPage";"flying";"";"TODO";"../src/QmlControls/SetupPage.qml:42";"";"";"no"
"UI-2956";"qgc_source_uk_UA.ts";"SetupPage";"%1 Config";"";"TODO";"../src/QmlControls/SetupPage.qml:44";"";"";"no"
"UI-2957";"qgc_source_uk_UA.ts";"SetupPage";"Advanced";"";"TODO";"../src/QmlControls/SetupPage.qml:67";"";"";"no"
"UI-2958";"qgc_source_uk_UA.ts";"SetupPage";" (Disabled while the vehicle is %1)";"";"TODO";"../src/QmlControls/SetupPage.qml:78";"";"";"no"
"UI-2959";"qgc_source_uk_UA.ts";"SetupView";"This operation cannot be performed while the vehicle is armed.";"";"TODO";"../src/Vehicle/VehicleSetup/SetupView.qml:33";"";"";"no"
"UI-2960";"qgc_source_uk_UA.ts";"SetupView";"missing message panel text";"";"TODO";"../src/Vehicle/VehicleSetup/SetupView.qml:36";"";"";"no"
"UI-2961";"qgc_source_uk_UA.ts";"SetupView";"%1 setup must be completed prior to %2 setup.";"";"TODO";"../src/Vehicle/VehicleSetup/SetupView.qml:74";"";"";"no"
"UI-2962";"qgc_source_uk_UA.ts";"SetupView";"%1 does not currently support setup of your vehicle type. ";"";"TODO";"../src/Vehicle/VehicleSetup/SetupView.qml:132";"";"";"no"
"UI-2963";"qgc_source_uk_UA.ts";"SetupView";"Vehicle settings and info will display after connecting your vehicle.";"";"TODO";"../src/Vehicle/VehicleSetup/SetupView.qml:150";"";"";"no"
"UI-2964";"qgc_source_uk_UA.ts";"SetupView";"You are currently connected to a vehicle but it did not return the full parameter list. ";"";"TODO";"../src/Vehicle/VehicleSetup/SetupView.qml:171";"";"";"no"
"UI-2965";"qgc_source_uk_UA.ts";"SetupView";"As a result, the full set of vehicle setup options are not available.";"";"TODO";"../src/Vehicle/VehicleSetup/SetupView.qml:172";"";"";"no"
"UI-2966";"qgc_source_uk_UA.ts";"SetupView";"Summary";"";"TODO";"../src/Vehicle/VehicleSetup/SetupView.qml:215";"";"";"no"
"UI-2967";"qgc_source_uk_UA.ts";"SetupView";"Firmware";"";"TODO";"../src/Vehicle/VehicleSetup/SetupView.qml:273";"";"";"no"
"UI-2968";"qgc_source_uk_UA.ts";"SetupView";"Optical Flow";"";"TODO";"../src/Vehicle/VehicleSetup/SetupView.qml:223";"";"";"no"
"UI-2969";"qgc_source_uk_UA.ts";"SetupView";"Joystick";"";"TODO";"../src/Vehicle/VehicleSetup/SetupView.qml:233";"";"";"no"
"UI-2970";"qgc_source_uk_UA.ts";"SetupView";"Buttons";"";"TODO";"../src/Vehicle/VehicleSetup/SetupView.qml:233";"";"";"no"
"UI-2971";"qgc_source_uk_UA.ts";"SetupView";"Parameters";"";"TODO";"../src/Vehicle/VehicleSetup/SetupView.qml:263";"";"";"no"
"UI-2972";"qgc_source_uk_UA.ts";"ShapeFileHelper";"Shape file load failed. %1";"";"TODO";"../src/Utilities/Shape/ShapeFileHelper.h:49";"";"";"no"
"UI-2973";"qgc_source_uk_UA.ts";"ShapeFileHelper";"Unsupported file type. Only .%1 and .%2 are supported.";"";"TODO";"../src/Utilities/Shape/ShapeFileHelper.cc:33";"";"";"no"
"UI-2974";"qgc_source_uk_UA.ts";"ShapeFileHelper";"KML Files (*.%1)";"";"TODO";"../src/Utilities/Shape/ShapeFileHelper.cc:88";"";"";"no"
"UI-2975";"qgc_source_uk_UA.ts";"ShapeFileHelper";"KML/SHP Files (*.%1 *.%2)";"";"TODO";"../src/Utilities/Shape/ShapeFileHelper.cc:94";"";"";"no"
"UI-2976";"qgc_source_uk_UA.ts";"SimpleItemEditor";"Move '%1' %2 to the %3 location. %4";"";"TODO";"../src/QmlControls/SimpleItemEditor.qml:75";"";"";"no"
"UI-2977";"qgc_source_uk_UA.ts";"SimpleItemEditor";"Altitude";"";"TODO";"../src/QmlControls/SimpleItemEditor.qml:156";"";"";"no"
"UI-2978";"qgc_source_uk_UA.ts";"SimpleItemEditor";"Internal Error";"";"TODO";"../src/QmlControls/SimpleItemEditor.qml:37";"";"";"no"
"UI-2979";"qgc_source_uk_UA.ts";"SimpleItemEditor";"Provides advanced access to all commands/parameters. Be very careful!";"";"TODO";"../src/QmlControls/SimpleItemEditor.qml:64";"";"";"no"
"UI-2980";"qgc_source_uk_UA.ts";"SimpleItemEditor";"T";"";"TODO";"../src/QmlControls/SimpleItemEditor.qml:76";"";"";"no"
"UI-2981";"qgc_source_uk_UA.ts";"SimpleItemEditor";"Transition Direction";"";"TODO";"../src/QmlControls/SimpleItemEditor.qml:77";"";"";"no"
"UI-2982";"qgc_source_uk_UA.ts";"SimpleItemEditor";"Takeoff";"";"TODO";"../src/QmlControls/SimpleItemEditor.qml:77";"";"";"no"
"UI-2983";"qgc_source_uk_UA.ts";"SimpleItemEditor";"desired";"";"TODO";"../src/QmlControls/SimpleItemEditor.qml:78";"";"";"no"
"UI-2984";"qgc_source_uk_UA.ts";"SimpleItemEditor";"climbout";"";"TODO";"../src/QmlControls/SimpleItemEditor.qml:78";"";"";"no"
"UI-2985";"qgc_source_uk_UA.ts";"SimpleItemEditor";"Ensure distance from launch to transition direction is far enough to complete transition.";"";"TODO";"../src/QmlControls/SimpleItemEditor.qml:79";"";"";"no"
"UI-2986";"qgc_source_uk_UA.ts";"SimpleItemEditor";"Ensure clear of obstacles and into the wind.";"";"TODO";"../src/QmlControls/SimpleItemEditor.qml:86";"";"";"no"
"UI-2987";"qgc_source_uk_UA.ts";"SimpleItemEditor";"Done";"";"TODO";"../src/QmlControls/SimpleItemEditor.qml:93";"";"";"no"
"UI-2988";"qgc_source_uk_UA.ts";"SimpleItemEditor";"Click in map to set planned Takeoff location.";"";"TODO";"../src/QmlControls/SimpleItemEditor.qml:104";"";"";"no"
"UI-2989";"qgc_source_uk_UA.ts";"SimpleItemEditor";"Click in map to set planned Launch location.";"";"TODO";"../src/QmlControls/SimpleItemEditor.qml:105";"";"";"no"
"UI-2990";"qgc_source_uk_UA.ts";"SimpleItemEditor";"Altitude below specifies the approximate altitude of the ground. Normally 0 for landing back at original launch location.";"";"TODO";"../src/QmlControls/SimpleItemEditor.qml:128";"";"";"no"
"UI-2991";"qgc_source_uk_UA.ts";"SimpleItemEditor";"Actual AMSL alt sent: %1 %2";"";"TODO";"../src/QmlControls/SimpleItemEditor.qml:182";"";"";"no"
"UI-2992";"qgc_source_uk_UA.ts";"SimpleItemEditor";"Flight Speed";"";"TODO";"../src/QmlControls/SimpleItemEditor.qml:242";"";"";"no"
"UI-2993";"qgc_source_uk_UA.ts";"SimpleMissionItem";"Unknown: %1";"";"TODO";"../src/MissionManager/SimpleMissionItem.cc:375";"";"";"no"
"UI-2994";"qgc_source_uk_UA.ts";"SimpleMissionItem";"L";"";"TODO";"../src/MissionManager/SimpleMissionItem.cc:382";"";"";"no"
"UI-2995";"qgc_source_uk_UA.ts";"SimpleMissionItem";"Takeoff";"";"TODO";"../src/MissionManager/SimpleMissionItem.cc:386";"";"";"no"
"UI-2996";"qgc_source_uk_UA.ts";"SimpleMissionItem";"Land";"";"TODO";"../src/MissionManager/SimpleMissionItem.cc:388";"";"";"no"
"UI-2997";"qgc_source_uk_UA.ts";"SimpleMissionItem";"Transition Direction";"";"TODO";"../src/MissionManager/SimpleMissionItem.cc:390";"";"";"no"
"UI-2998";"qgc_source_uk_UA.ts";"SimpleMissionItem";"VTOL Land";"";"TODO";"../src/MissionManager/SimpleMissionItem.cc:392";"";"";"no"
"UI-2999";"qgc_source_uk_UA.ts";"SimpleMissionItem";"ROI";"";"TODO";"../src/MissionManager/SimpleMissionItem.cc:395";"";"";"no"
"UI-3000";"qgc_source_uk_UA.ts";"SimpleMissionItem";"Loiter";"";"TODO";"../src/MissionManager/SimpleMissionItem.cc:400";"";"";"no"
"UI-3001";"qgc_source_uk_UA.ts";"SimulatedCameraControl";"Time lapse capture not supported by this camera";"";"TODO";"../src/Camera/SimulatedCameraControl.cc:142";"";"";"no"
"UI-3002";"qgc_source_uk_UA.ts";"StatusTextHandler";"EMERGENCY";"";"TODO";"../src/MAVLink/StatusTextHandler.cc:194";"";"";"no"
"UI-3003";"qgc_source_uk_UA.ts";"StatusTextHandler";"ALERT";"";"TODO";"../src/MAVLink/StatusTextHandler.cc:198";"";"";"no"
"UI-3004";"qgc_source_uk_UA.ts";"StatusTextHandler";"Critical";"";"TODO";"../src/MAVLink/StatusTextHandler.cc:202";"";"";"no"
"UI-3005";"qgc_source_uk_UA.ts";"StatusTextHandler";"Error";"";"TODO";"../src/MAVLink/StatusTextHandler.cc:206";"";"";"no"
"UI-3006";"qgc_source_uk_UA.ts";"StatusTextHandler";"Warning";"";"TODO";"../src/MAVLink/StatusTextHandler.cc:210";"";"";"no"
"UI-3007";"qgc_source_uk_UA.ts";"StatusTextHandler";"Notice";"";"TODO";"../src/MAVLink/StatusTextHandler.cc:214";"";"";"no"
"UI-3008";"qgc_source_uk_UA.ts";"StatusTextHandler";"Info";"";"TODO";"../src/MAVLink/StatusTextHandler.cc:218";"";"";"no"
"UI-3009";"qgc_source_uk_UA.ts";"StatusTextHandler";"Debug";"";"TODO";"../src/MAVLink/StatusTextHandler.cc:222";"";"";"no"
"UI-3010";"qgc_source_uk_UA.ts";"StatusTextHandler";" ... ";"";"TODO";"../src/MAVLink/StatusTextHandler.cc:332";"Indicates missing chunk from chunked STATUS_TEXT";"";"no"
"UI-3011";"qgc_source_uk_UA.ts";"StructureScanComplexItem";"%1 does not support loading this complex mission item type: %2:%3";"";"TODO";"../src/MissionManager/StructureScanComplexItem.cc:223";"";"";"no"
"UI-3012";"qgc_source_uk_UA.ts";"StructureScanComplexItem";"%1 version %2 not supported";"";"TODO";"../src/MissionManager/StructureScanComplexItem.cc:229";"";"";"no"
"UI-3013";"qgc_source_uk_UA.ts";"StructureScanComplexItem";"Structure Scan";"";"TODO";"../src/MissionManager/StructureScanComplexItem.cc:25 | ../src/MissionManager/StructureScanComplexItem.h:79 | ../src/MissionManager/StructureScanComplexItem.h:80";"";"";"no"
"UI-3014";"qgc_source_uk_UA.ts";"StructureScanEditor";"Use the Polygon Tools to create the polygon which outlines the structure.";"";"TODO";"../src/QmlControls/StructureScanEditor.qml:62";"";"";"no"
"UI-3015";"qgc_source_uk_UA.ts";"StructureScanEditor";"Grid";"";"TODO";"../src/QmlControls/StructureScanEditor.qml:77";"";"";"no"
"UI-3016";"qgc_source_uk_UA.ts";"StructureScanEditor";"Camera";"";"TODO";"../src/QmlControls/StructureScanEditor.qml:78";"";"";"no"
"UI-3017";"qgc_source_uk_UA.ts";"StructureScanEditor";"Note: Polygon respresents structure surface not vehicle flight path.";"";"TODO";"../src/QmlControls/StructureScanEditor.qml:88";"";"";"no"
"UI-3018";"qgc_source_uk_UA.ts";"StructureScanEditor";"WARNING: Photo interval is below minimum interval (%1 secs) supported by camera.";"";"TODO";"../src/QmlControls/StructureScanEditor.qml:95";"";"";"no"
"UI-3019";"qgc_source_uk_UA.ts";"StructureScanEditor";"Scan Distance";"";"TODO";"../src/QmlControls/StructureScanEditor.qml:105";"";"";"no"
"UI-3020";"qgc_source_uk_UA.ts";"StructureScanEditor";"Layer Height";"";"TODO";"../src/QmlControls/StructureScanEditor.qml:106 | ../src/QmlControls/StructureScanEditor.qml:193";"";"";"no"
"UI-3021";"qgc_source_uk_UA.ts";"StructureScanEditor";"Trigger Distance";"";"TODO";"../src/QmlControls/StructureScanEditor.qml:107 | ../src/QmlControls/StructureScanEditor.qml:208";"";"";"no"
"UI-3022";"qgc_source_uk_UA.ts";"StructureScanEditor";"Scan";"";"TODO";"../src/QmlControls/StructureScanEditor.qml:113";"";"";"no"
"UI-3023";"qgc_source_uk_UA.ts";"StructureScanEditor";"Start Scan From Bottom";"";"TODO";"../src/QmlControls/StructureScanEditor.qml:130";"";"";"no"
"UI-3024";"qgc_source_uk_UA.ts";"StructureScanEditor";"Start Scan From Top";"";"TODO";"../src/QmlControls/StructureScanEditor.qml:130";"";"";"no"
"UI-3025";"qgc_source_uk_UA.ts";"StructureScanEditor";"Structure Height";"";"TODO";"../src/QmlControls/StructureScanEditor.qml:136";"";"";"no"
"UI-3026";"qgc_source_uk_UA.ts";"StructureScanEditor";"Scan Bottom Alt";"";"TODO";"../src/QmlControls/StructureScanEditor.qml:143";"";"";"no"
"UI-3027";"qgc_source_uk_UA.ts";"StructureScanEditor";"Entrance/Exit Alt";"";"TODO";"../src/QmlControls/StructureScanEditor.qml:150";"";"";"no"
"UI-3028";"qgc_source_uk_UA.ts";"StructureScanEditor";"Gimbal Pitch";"";"TODO";"../src/QmlControls/StructureScanEditor.qml:158";"";"";"no"
"UI-3029";"qgc_source_uk_UA.ts";"StructureScanEditor";"Rotate entry point";"";"TODO";"../src/QmlControls/StructureScanEditor.qml:174";"";"";"no"
"UI-3030";"qgc_source_uk_UA.ts";"StructureScanEditor";"Statistics";"";"TODO";"../src/QmlControls/StructureScanEditor.qml:182";"";"";"no"
"UI-3031";"qgc_source_uk_UA.ts";"StructureScanEditor";"Layers";"";"TODO";"../src/QmlControls/StructureScanEditor.qml:190";"";"";"no"
"UI-3032";"qgc_source_uk_UA.ts";"StructureScanEditor";"Top Layer Alt";"";"TODO";"../src/QmlControls/StructureScanEditor.qml:196";"";"";"no"
"UI-3033";"qgc_source_uk_UA.ts";"StructureScanEditor";"Bottom Layer Alt";"";"TODO";"../src/QmlControls/StructureScanEditor.qml:199";"";"";"no"
"UI-3034";"qgc_source_uk_UA.ts";"StructureScanEditor";"Photo Count";"";"TODO";"../src/QmlControls/StructureScanEditor.qml:202";"";"";"no"
"UI-3035";"qgc_source_uk_UA.ts";"StructureScanEditor";"Photo Interval";"";"TODO";"../src/QmlControls/StructureScanEditor.qml:205";"";"";"no"
"UI-3036";"qgc_source_uk_UA.ts";"StructureScanEditor";"secs";"";"TODO";"../src/QmlControls/StructureScanEditor.qml:206";"";"";"no"
"UI-3037";"qgc_source_uk_UA.ts";"SubChecklist";"Submarine Initial checks";"";"TODO";"../src/FlightDisplay/SubChecklist.qml:25";"";"";"no"
"UI-3038";"qgc_source_uk_UA.ts";"SubChecklist";"Hardware";"";"TODO";"../src/FlightDisplay/SubChecklist.qml:28";"";"";"no"
"UI-3039";"qgc_source_uk_UA.ts";"SubChecklist";"All seals in place?";"";"TODO";"../src/FlightDisplay/SubChecklist.qml:29";"";"";"no"
"UI-3040";"qgc_source_uk_UA.ts";"SubChecklist";"Please arm the vehicle here";"";"TODO";"../src/FlightDisplay/SubChecklist.qml:50";"";"";"no"
"UI-3041";"qgc_source_uk_UA.ts";"SubChecklist";"Actuators";"";"TODO";"../src/FlightDisplay/SubChecklist.qml:53";"";"";"no"
"UI-3042";"qgc_source_uk_UA.ts";"SubChecklist";"Move all control surfaces. Did they work properly?";"";"TODO";"../src/FlightDisplay/SubChecklist.qml:54";"";"";"no"
"UI-3043";"qgc_source_uk_UA.ts";"SubChecklist";"Motors";"";"TODO";"../src/FlightDisplay/SubChecklist.qml:58";"";"";"no"
"UI-3044";"qgc_source_uk_UA.ts";"SubChecklist";"Propellers free? Then throttle up gently. Working properly?";"";"TODO";"../src/FlightDisplay/SubChecklist.qml:59";"";"";"no"
"UI-3045";"qgc_source_uk_UA.ts";"SubChecklist";"Mission";"";"TODO";"../src/FlightDisplay/SubChecklist.qml:63";"";"";"no"
"UI-3046";"qgc_source_uk_UA.ts";"SubChecklist";"Please confirm mission is valid (waypoints valid, no terrain collision).";"";"TODO";"../src/FlightDisplay/SubChecklist.qml:64";"";"";"no"
"UI-3047";"qgc_source_uk_UA.ts";"SubChecklist";"Last preparations before launch";"";"TODO";"../src/FlightDisplay/SubChecklist.qml:72";"";"";"no"
"UI-3048";"qgc_source_uk_UA.ts";"SubChecklist";"Payload";"";"TODO";"../src/FlightDisplay/SubChecklist.qml:76";"";"";"no"
"UI-3049";"qgc_source_uk_UA.ts";"SubChecklist";"Configured and started? Payload lid closed?";"";"TODO";"../src/FlightDisplay/SubChecklist.qml:77";"";"";"no"
"UI-3050";"qgc_source_uk_UA.ts";"SurveyComplexItem";"Survey items do not support version %1";"";"TODO";"../src/MissionManager/SurveyComplexItem.cc:126";"";"";"no"
"UI-3051";"qgc_source_uk_UA.ts";"SurveyComplexItem";"%1 does not support loading this complex mission item type: %2:%3";"";"TODO";"../src/MissionManager/SurveyComplexItem.cc:183 | ../src/MissionManager/SurveyComplexItem.cc:239";"";"";"no"
"UI-3052";"qgc_source_uk_UA.ts";"SurveyComplexItem";"%1 but %2 object is missing";"";"TODO";"../src/MissionManager/SurveyComplexItem.cc:287";"";"";"no"
"UI-3053";"qgc_source_uk_UA.ts";"SurveyComplexItem";"Survey";"";"TODO";"../src/MissionManager/SurveyComplexItem.cc:29 | ../src/MissionManager/SurveyComplexItem.h:59 | ../src/MissionManager/SurveyComplexItem.h:60";"";"";"no"
"UI-3054";"qgc_source_uk_UA.ts";"SurveyComplexItem";"S";"";"TODO";"../src/MissionManager/SurveyComplexItem.h:61";"";"";"no"
"UI-3055";"qgc_source_uk_UA.ts";"SurveyItemEditor";"Use the Polygon Tools to create the polygon which outlines your survey area.";"";"TODO";"../src/QmlControls/SurveyItemEditor.qml:17";"";"";"no"
"UI-3056";"qgc_source_uk_UA.ts";"SurveyItemEditor";"Transects";"";"TODO";"../src/QmlControls/SurveyItemEditor.qml:18";"";"";"no"
"UI-3057";"qgc_source_uk_UA.ts";"SurveyItemEditor";"Angle";"";"TODO";"../src/QmlControls/SurveyItemEditor.qml:38";"";"";"no"
"UI-3058";"qgc_source_uk_UA.ts";"SurveyItemEditor";"Turnaround dist";"";"TODO";"../src/QmlControls/SurveyItemEditor.qml:60";"";"";"no"
"UI-3059";"qgc_source_uk_UA.ts";"SurveyItemEditor";"Hover and capture image";"";"TODO";"../src/QmlControls/SurveyItemEditor.qml:76";"";"";"no"
"UI-3060";"qgc_source_uk_UA.ts";"SurveyItemEditor";"Refly at 90 deg offset";"";"TODO";"../src/QmlControls/SurveyItemEditor.qml:82";"";"";"no"
"UI-3061";"qgc_source_uk_UA.ts";"SurveyItemEditor";"Images in turnarounds";"";"TODO";"../src/QmlControls/SurveyItemEditor.qml:88";"";"";"no"
"UI-3062";"qgc_source_uk_UA.ts";"SurveyItemEditor";"Fly alternate transects";"";"TODO";"../src/QmlControls/SurveyItemEditor.qml:94";"";"";"no"
"UI-3063";"qgc_source_uk_UA.ts";"SurveyItemEditor";"Select Polygon File";"";"TODO";"../src/QmlControls/SurveyItemEditor.qml:106";"";"";"no"
"UI-3064";"qgc_source_uk_UA.ts";"SysStatusSensorInfo";"Error";"";"TODO";"../src/MAVLink/SysStatusSensorInfo.cc:98";"";"";"no"
"UI-3065";"qgc_source_uk_UA.ts";"SysStatusSensorInfo";"Normal";"";"TODO";"../src/MAVLink/SysStatusSensorInfo.cc:104";"";"";"no"
"UI-3066";"qgc_source_uk_UA.ts";"SysStatusSensorInfo";"Disabled";"";"TODO";"../src/MAVLink/SysStatusSensorInfo.cc:110";"";"";"no"
"UI-3067";"qgc_source_uk_UA.ts";"SyslinkComponent";"Radio Settings";"";"TODO";"../src/AutoPilotPlugins/Common/SyslinkComponent.qml:43";"";"";"no"
"UI-3068";"qgc_source_uk_UA.ts";"SyslinkComponent";"Channel";"";"TODO";"../src/AutoPilotPlugins/Common/SyslinkComponent.qml:61";"";"";"no"
"UI-3069";"qgc_source_uk_UA.ts";"SyslinkComponent";"Address";"";"TODO";"../src/AutoPilotPlugins/Common/SyslinkComponent.qml:86";"";"";"no"
"UI-3070";"qgc_source_uk_UA.ts";"SyslinkComponent";"Address in hex. Default is E7E7E7E7E7.";"";"TODO";"../src/AutoPilotPlugins/Common/SyslinkComponent.qml:106";"";"";"no"
"UI-3071";"qgc_source_uk_UA.ts";"SyslinkComponent";"Data Rate";"";"TODO";"../src/AutoPilotPlugins/Common/SyslinkComponent.qml:112";"";"";"no"
"UI-3072";"qgc_source_uk_UA.ts";"SyslinkComponent";"Restore Defaults";"";"TODO";"../src/AutoPilotPlugins/Common/SyslinkComponent.qml:126";"";"";"no"
"UI-3073";"qgc_source_uk_UA.ts";"SyslinkComponent";"Syslink";"";"TODO";"../src/AutoPilotPlugins/Common/SyslinkComponent.cc:14";"";"";"no"
"UI-3074";"qgc_source_uk_UA.ts";"SyslinkComponent";"The Syslink Component is used to setup the radio connection on Crazyflies.";"";"TODO";"../src/AutoPilotPlugins/Common/SyslinkComponent.h:23";"";"";"no"
"UI-3075";"qgc_source_uk_UA.ts";"TCPConfiguration";"TCP Link Settings";"";"TODO";"../src/Comms/TCPLink.h:45";"";"";"no"
"UI-3076";"qgc_source_uk_UA.ts";"TCPLink";"TCP Link Error";"";"TODO";"../src/Comms/TCPLink.cc:296";"";"";"no"
"UI-3077";"qgc_source_uk_UA.ts";"TCPLink";"Link %1: (Host: %2 Port: %3) %4";"";"TODO";"../src/Comms/TCPLink.cc:296";"";"";"no"
"UI-3078";"qgc_source_uk_UA.ts";"TCPWorker";"Connection Failed: %1";"";"TODO";"../src/Comms/TCPLink.cc:142";"";"";"no"
"UI-3079";"qgc_source_uk_UA.ts";"TCPWorker";"Data to Send is Empty";"";"TODO";"../src/Comms/TCPLink.cc:167";"";"";"no"
"UI-3080";"qgc_source_uk_UA.ts";"TCPWorker";"Socket is not connected";"";"TODO";"../src/Comms/TCPLink.cc:172";"";"";"no"
"UI-3081";"qgc_source_uk_UA.ts";"TCPWorker";"Could Not Send Data - Write Failed: %1";"";"TODO";"../src/Comms/TCPLink.cc:180";"";"";"no"
"UI-3082";"qgc_source_uk_UA.ts";"TCPWorker";"Could Not Send Data - Write Returned 0 Bytes";"";"TODO";"../src/Comms/TCPLink.cc:183";"";"";"no"
"UI-3083";"qgc_source_uk_UA.ts";"TakeoffItemMapVisual";"Launch";"";"TODO";"../src/QmlControls/TakeoffItemMapVisual.qml:132";"";"";"no"
"UI-3084";"qgc_source_uk_UA.ts";"TcpSettings";"Server Address";"";"TODO";"../src/UI/AppSettings/TcpSettings.qml:29";"";"";"no"
"UI-3085";"qgc_source_uk_UA.ts";"TcpSettings";"Port";"";"TODO";"../src/UI/AppSettings/TcpSettings.qml:36";"";"";"no"
"UI-3086";"qgc_source_uk_UA.ts";"TelemetryRSSIIndicator";"Telemetry RSSI Status";"";"TODO";"../src/UI/toolbar/TelemetryRSSIIndicator.qml:55";"";"";"no"
"UI-3087";"qgc_source_uk_UA.ts";"TelemetryRSSIIndicator";"Local RSSI:";"";"TODO";"../src/UI/toolbar/TelemetryRSSIIndicator.qml:58";"";"";"no"
"UI-3088";"qgc_source_uk_UA.ts";"TelemetryRSSIIndicator";"dBm";"";"TODO";"../src/UI/toolbar/TelemetryRSSIIndicator.qml:59 | ../src/UI/toolbar/TelemetryRSSIIndicator.qml:64";"";"";"no"
"UI-3089";"qgc_source_uk_UA.ts";"TelemetryRSSIIndicator";"Remote RSSI:";"";"TODO";"../src/UI/toolbar/TelemetryRSSIIndicator.qml:63";"";"";"no"
"UI-3090";"qgc_source_uk_UA.ts";"TelemetryRSSIIndicator";"RX Errors:";"";"TODO";"../src/UI/toolbar/TelemetryRSSIIndicator.qml:68";"";"";"no"
"UI-3091";"qgc_source_uk_UA.ts";"TelemetryRSSIIndicator";"Errors Fixed:";"";"TODO";"../src/UI/toolbar/TelemetryRSSIIndicator.qml:73";"";"";"no"
"UI-3092";"qgc_source_uk_UA.ts";"TelemetryRSSIIndicator";"TX Buffer:";"";"TODO";"../src/UI/toolbar/TelemetryRSSIIndicator.qml:78";"";"";"no"
"UI-3093";"qgc_source_uk_UA.ts";"TelemetryRSSIIndicator";"Local Noise:";"";"TODO";"../src/UI/toolbar/TelemetryRSSIIndicator.qml:83";"";"";"no"
"UI-3094";"qgc_source_uk_UA.ts";"TelemetryRSSIIndicator";"Remote Noise:";"";"TODO";"../src/UI/toolbar/TelemetryRSSIIndicator.qml:88";"";"";"no"
"UI-3095";"qgc_source_uk_UA.ts";"TelemetrySettings";"Not Connected";"";"TODO";"../src/UI/AppSettings/TelemetrySettings.qml:30";"";"";"no"
"UI-3096";"qgc_source_uk_UA.ts";"TelemetrySettings";"Ground Station";"";"TODO";"../src/UI/AppSettings/TelemetrySettings.qml:37";"";"";"no"
"UI-3097";"qgc_source_uk_UA.ts";"TelemetrySettings";"Emit heartbeat";"";"TODO";"../src/UI/AppSettings/TelemetrySettings.qml:47";"";"";"no"
"UI-3098";"qgc_source_uk_UA.ts";"TelemetrySettings";"MAVLink System ID";"";"TODO";"../src/UI/AppSettings/TelemetrySettings.qml:41";"";"";"no"
"UI-3099";"qgc_source_uk_UA.ts";"TelemetrySettings";"MAVLink 2 Signing";"";"TODO";"../src/UI/AppSettings/TelemetrySettings.qml:55";"";"";"no"
"UI-3100";"qgc_source_uk_UA.ts";"TelemetrySettings";"Signing keys should only be sent to the vehicle over secure links.";"";"TODO";"../src/UI/AppSettings/TelemetrySettings.qml:56";"";"";"no"
"UI-3101";"qgc_source_uk_UA.ts";"TelemetrySettings";"Key";"";"TODO";"../src/UI/AppSettings/TelemetrySettings.qml:72";"";"";"no"
"UI-3102";"qgc_source_uk_UA.ts";"TelemetrySettings";"Send to Vehicle";"";"TODO";"../src/UI/AppSettings/TelemetrySettings.qml:77";"";"";"no"
"UI-3103";"qgc_source_uk_UA.ts";"TelemetrySettings";"Signing key has changed. Don't forget to send to Vehicle(s) if needed.";"";"TODO";"../src/UI/AppSettings/TelemetrySettings.qml:90";"";"";"no"
"UI-3104";"qgc_source_uk_UA.ts";"TelemetrySettings";"MAVLink Forwarding";"";"TODO";"../src/UI/AppSettings/TelemetrySettings.qml:97";"";"";"no"
"UI-3105";"qgc_source_uk_UA.ts";"TelemetrySettings";"Enable";"";"TODO";"../src/UI/AppSettings/TelemetrySettings.qml:101";"";"";"no"
"UI-3106";"qgc_source_uk_UA.ts";"TelemetrySettings";"Host name";"";"TODO";"../src/UI/AppSettings/TelemetrySettings.qml:109";"";"";"no"
"UI-3107";"qgc_source_uk_UA.ts";"TelemetrySettings";"Logging";"";"TODO";"../src/UI/AppSettings/TelemetrySettings.qml:118";"";"";"no"
"UI-3108";"qgc_source_uk_UA.ts";"TelemetrySettings";"Save log after each flight";"";"TODO";"../src/UI/AppSettings/TelemetrySettings.qml:123";"";"";"no"
"UI-3109";"qgc_source_uk_UA.ts";"TelemetrySettings";"Save logs even if vehicle was not armed";"";"TODO";"../src/UI/AppSettings/TelemetrySettings.qml:131";"";"";"no"
"UI-3110";"qgc_source_uk_UA.ts";"TelemetrySettings";"Save CSV log of telemetry data";"";"TODO";"../src/UI/AppSettings/TelemetrySettings.qml:140";"";"";"no"
"UI-3111";"qgc_source_uk_UA.ts";"TelemetrySettings";"Stream Rates (ArduPilot Only)";"";"TODO";"../src/UI/AppSettings/TelemetrySettings.qml:149";"";"";"no"
"UI-3112";"qgc_source_uk_UA.ts";"TelemetrySettings";"Controlled By vehicle";"";"TODO";"../src/UI/AppSettings/TelemetrySettings.qml:155";"";"";"no"
"UI-3113";"qgc_source_uk_UA.ts";"TelemetrySettings";"Raw Sensors";"";"TODO";"../src/UI/AppSettings/TelemetrySettings.qml:162";"";"";"no"
"UI-3114";"qgc_source_uk_UA.ts";"TelemetrySettings";"Extended Status";"";"TODO";"../src/UI/AppSettings/TelemetrySettings.qml:170";"";"";"no"
"UI-3115";"qgc_source_uk_UA.ts";"TelemetrySettings";"RC Channels";"";"TODO";"../src/UI/AppSettings/TelemetrySettings.qml:178";"";"";"no"
"UI-3116";"qgc_source_uk_UA.ts";"TelemetrySettings";"Position";"";"TODO";"../src/UI/AppSettings/TelemetrySettings.qml:186";"";"";"no"
"UI-3117";"qgc_source_uk_UA.ts";"TelemetrySettings";"Extra 1";"";"TODO";"../src/UI/AppSettings/TelemetrySettings.qml:194";"";"";"no"
"UI-3118";"qgc_source_uk_UA.ts";"TelemetrySettings";"Extra 2";"";"TODO";"../src/UI/AppSettings/TelemetrySettings.qml:202";"";"";"no"
"UI-3119";"qgc_source_uk_UA.ts";"TelemetrySettings";"Extra 3";"";"TODO";"../src/UI/AppSettings/TelemetrySettings.qml:210";"";"";"no"
"UI-3120";"qgc_source_uk_UA.ts";"TelemetrySettings";"Link Status (Current Vehicle))";"";"TODO";"../src/UI/AppSettings/TelemetrySettings.qml:219";"";"";"no"
"UI-3121";"qgc_source_uk_UA.ts";"TelemetrySettings";"Total messages sent (computed)";"";"TODO";"../src/UI/AppSettings/TelemetrySettings.qml:223";"";"";"no"
"UI-3122";"qgc_source_uk_UA.ts";"TelemetrySettings";"Total messages received";"";"TODO";"../src/UI/AppSettings/TelemetrySettings.qml:229";"";"";"no"
"UI-3123";"qgc_source_uk_UA.ts";"TelemetrySettings";"Total message loss";"";"TODO";"../src/UI/AppSettings/TelemetrySettings.qml:235";"";"";"no"
"UI-3124";"qgc_source_uk_UA.ts";"TelemetrySettings";"Loss rate:";"";"TODO";"../src/UI/AppSettings/TelemetrySettings.qml:241";"";"";"no"
"UI-3125";"qgc_source_uk_UA.ts";"TelemetrySettings";"Signing:";"";"TODO";"../src/UI/AppSettings/TelemetrySettings.qml:247";"";"";"no"
"UI-3126";"qgc_source_uk_UA.ts";"TerrainProgress";"Terrain Load Progress";"";"TODO";"../src/FlightDisplay/TerrainProgress.qml:69";"";"";"no"
"UI-3127";"qgc_source_uk_UA.ts";"TerrainProgress";"Done";"";"TODO";"../src/FlightDisplay/TerrainProgress.qml:87";"";"";"no"
"UI-3128";"qgc_source_uk_UA.ts";"TerrainStatus";"Height AMSL (%1)";"";"TODO";"../src/QmlControls/TerrainStatus.qml:45";"";"";"no"
"UI-3129";"qgc_source_uk_UA.ts";"ToolIndicatorPage";"Waiting for parameters...";"";"TODO";"../src/QmlControls/ToolIndicatorPage.qml:39";"";"";"no"
"UI-3130";"qgc_source_uk_UA.ts";"TransectStyleComplexItem";"TransectStyleComplexItem version %2 not supported";"";"TODO";"../src/MissionManager/TransectStyleComplexItem.cc:215";"";"";"no"
"UI-3131";"qgc_source_uk_UA.ts";"TransectStyleComplexItem";"Transect";"";"TODO";"../src/MissionManager/TransectStyleComplexItem.h:101 | ../src/MissionManager/TransectStyleComplexItem.h:102";"";"";"no"
"UI-3132";"qgc_source_uk_UA.ts";"TransectStyleComplexItem";"T";"";"TODO";"../src/MissionManager/TransectStyleComplexItem.h:103";"";"";"no"
"UI-3133";"qgc_source_uk_UA.ts";"TransectStyleComplexItemEditor";"Done";"";"TODO";"../src/QmlControls/TransectStyleComplexItemEditor.qml:35";"";"";"no"
"UI-3134";"qgc_source_uk_UA.ts";"TransectStyleComplexItemEditor";"WARNING: Photo interval is below minimum interval (%1 secs) supported by camera.";"";"TODO";"../src/QmlControls/TransectStyleComplexItemEditor.qml:91";"";"";"no"
"UI-3135";"qgc_source_uk_UA.ts";"TransectStyleComplexItemEditor";"Altitude";"";"TODO";"../src/QmlControls/TransectStyleComplexItemEditor.qml:101";"";"";"no"
"UI-3136";"qgc_source_uk_UA.ts";"TransectStyleComplexItemEditor";"Trigger Dist";"";"TODO";"../src/QmlControls/TransectStyleComplexItemEditor.qml:102";"";"";"no"
"UI-3137";"qgc_source_uk_UA.ts";"TransectStyleComplexItemEditor";"Spacing";"";"TODO";"../src/QmlControls/TransectStyleComplexItemEditor.qml:103";"";"";"no"
"UI-3138";"qgc_source_uk_UA.ts";"TransectStyleComplexItemEditor";"Rotate Entry Point";"";"TODO";"../src/QmlControls/TransectStyleComplexItemEditor.qml:122";"";"";"no"
"UI-3139";"qgc_source_uk_UA.ts";"TransectStyleComplexItemEditor";"Statistics";"";"TODO";"../src/QmlControls/TransectStyleComplexItemEditor.qml:130 | ../src/QmlControls/TransectStyleComplexItemEditor.qml:231";"";"";"no"
"UI-3140";"qgc_source_uk_UA.ts";"TransectStyleComplexItemEditor";"Presets";"";"TODO";"../src/QmlControls/TransectStyleComplexItemEditor.qml:162";"";"";"no"
"UI-3141";"qgc_source_uk_UA.ts";"TransectStyleComplexItemEditor";"Apply Preset";"";"TODO";"../src/QmlControls/TransectStyleComplexItemEditor.qml:177";"";"";"no"
"UI-3142";"qgc_source_uk_UA.ts";"TransectStyleComplexItemEditor";"Delete Preset";"";"TODO";"../src/QmlControls/TransectStyleComplexItemEditor.qml:184 | ../src/QmlControls/TransectStyleComplexItemEditor.qml:192";"";"";"no"
"UI-3143";"qgc_source_uk_UA.ts";"TransectStyleComplexItemEditor";"Are you sure you want to delete '%1' preset?";"";"TODO";"../src/QmlControls/TransectStyleComplexItemEditor.qml:193";"";"";"no"
"UI-3144";"qgc_source_uk_UA.ts";"TransectStyleComplexItemEditor";"Save Settings As New Preset";"";"TODO";"../src/QmlControls/TransectStyleComplexItemEditor.qml:209";"";"";"no"
"UI-3145";"qgc_source_uk_UA.ts";"TransectStyleComplexItemEditor";"Save Preset";"";"TODO";"../src/QmlControls/TransectStyleComplexItemEditor.qml:246";"";"";"no"
"UI-3146";"qgc_source_uk_UA.ts";"TransectStyleComplexItemEditor";"Save the current settings as a named preset.";"";"TODO";"../src/QmlControls/TransectStyleComplexItemEditor.qml:263";"";"";"no"
"UI-3147";"qgc_source_uk_UA.ts";"TransectStyleComplexItemEditor";"Preset Name";"";"TODO";"../src/QmlControls/TransectStyleComplexItemEditor.qml:268";"";"";"no"
"UI-3148";"qgc_source_uk_UA.ts";"TransectStyleComplexItemEditor";"Enter preset name";"";"TODO";"../src/QmlControls/TransectStyleComplexItemEditor.qml:274";"";"";"no"
"UI-3149";"qgc_source_uk_UA.ts";"TransectStyleComplexItemEditor";"Preset name cannot be blank.";"";"TODO";"../src/QmlControls/TransectStyleComplexItemEditor.qml:281";"";"";"no"
"UI-3150";"qgc_source_uk_UA.ts";"TransectStyleComplexItemEditor";"Preset name cannot include the ""/"" character.";"";"TODO";"../src/QmlControls/TransectStyleComplexItemEditor.qml:284";"";"";"no"
"UI-3151";"qgc_source_uk_UA.ts";"TransectStyleComplexItemStats";"Survey Area";"";"TODO";"../src/QmlControls/TransectStyleComplexItemStats.qml:16";"";"";"no"
"UI-3152";"qgc_source_uk_UA.ts";"TransectStyleComplexItemStats";"Photo Count";"";"TODO";"../src/QmlControls/TransectStyleComplexItemStats.qml:19";"";"";"no"
"UI-3153";"qgc_source_uk_UA.ts";"TransectStyleComplexItemStats";"Photo Interval";"";"TODO";"../src/QmlControls/TransectStyleComplexItemStats.qml:22";"";"";"no"
"UI-3154";"qgc_source_uk_UA.ts";"TransectStyleComplexItemStats";"secs";"";"TODO";"../src/QmlControls/TransectStyleComplexItemStats.qml:23";"";"";"no"
"UI-3155";"qgc_source_uk_UA.ts";"TransectStyleComplexItemStats";"Trigger Distance";"";"TODO";"../src/QmlControls/TransectStyleComplexItemStats.qml:25";"";"";"no"
"UI-3156";"qgc_source_uk_UA.ts";"TransectStyleComplexItemTerrainFollow";"Tolerance";"";"TODO";"../src/QmlControls/TransectStyleComplexItemTerrainFollow.qml:56";"";"";"no"
"UI-3157";"qgc_source_uk_UA.ts";"TransectStyleComplexItemTerrainFollow";"Max Climb Rate";"";"TODO";"../src/QmlControls/TransectStyleComplexItemTerrainFollow.qml:62";"";"";"no"
"UI-3158";"qgc_source_uk_UA.ts";"TransectStyleComplexItemTerrainFollow";"Max Descent Rate";"";"TODO";"../src/QmlControls/TransectStyleComplexItemTerrainFollow.qml:68";"";"";"no"
"UI-3159";"qgc_source_uk_UA.ts";"UDPConfiguration";"UDP Link Settings";"";"TODO";"../src/Comms/UDPLink.h:90";"";"";"no"
"UI-3160";"qgc_source_uk_UA.ts";"UDPLink";"UDP Link Error";"";"TODO";"../src/Comms/UDPLink.cc:625";"";"";"no"
"UI-3161";"qgc_source_uk_UA.ts";"UDPLink";"Link %1: %2";"";"TODO";"../src/Comms/UDPLink.cc:625";"";"";"no"
"UI-3162";"qgc_source_uk_UA.ts";"UDPWorker";"Failed to bind UDP socket to port";"";"TODO";"../src/Comms/UDPLink.cc:340";"";"";"no"
"UI-3163";"qgc_source_uk_UA.ts";"UDPWorker";"Could Not Send Data - Link is Disconnected!";"";"TODO";"../src/Comms/UDPLink.cc:380";"";"";"no"
"UI-3164";"qgc_source_uk_UA.ts";"UDPWorker";"Could Not Read Data - Link is Disconnected!";"";"TODO";"../src/Comms/UDPLink.cc:426";"";"";"no"
"UI-3165";"qgc_source_uk_UA.ts";"UDPWorker";"Could Not Read Data - No Data Available!";"";"TODO";"../src/Comms/UDPLink.cc:432";"";"";"no"
"UI-3166";"qgc_source_uk_UA.ts";"UDPWorker";"Zeroconf Register Error: %1";"";"TODO";"../src/Comms/UDPLink.cc:500";"";"";"no"
"UI-3167";"qgc_source_uk_UA.ts";"UDPWorker";"Error Registering Zeroconf: %1";"";"TODO";"../src/Comms/UDPLink.cc:530";"";"";"no"
"UI-3168";"qgc_source_uk_UA.ts";"UDPWorker";"Invalid sockfd";"";"TODO";"../src/Comms/UDPLink.cc:536";"";"";"no"
"UI-3169";"qgc_source_uk_UA.ts";"UDPWorker";"DNSServiceProcessResult Error: %1";"";"TODO";"../src/Comms/UDPLink.cc:544";"";"";"no"
"UI-3170";"qgc_source_uk_UA.ts";"UTMSPAdapterEditor";"UTM Service Editor";"";"TODO";"../src/UTMSP/UTMSPAdapterEditor.qml:91";"";"";"no"
"UI-3171";"qgc_source_uk_UA.ts";"UTMSPAdapterEditor";"Enabled";"";"TODO";"../src/UTMSP/UTMSPAdapterEditor.qml:130 | ../src/UTMSP/UTMSPAdapterEditor.qml:421";"";"";"no"
"UI-3172";"qgc_source_uk_UA.ts";"UTMSPAdapterEditor";"Disabled";"";"TODO";"../src/UTMSP/UTMSPAdapterEditor.qml:130 | ../src/UTMSP/UTMSPAdapterEditor.qml:421";"";"";"no"
"UI-3173";"qgc_source_uk_UA.ts";"UTMSPAdapterEditor";"Logout";"";"TODO";"../src/UTMSP/UTMSPAdapterEditor.qml:163";"";"";"no"
"UI-3174";"qgc_source_uk_UA.ts";"UTMSPAdapterEditor";"User ID";"";"TODO";"../src/UTMSP/UTMSPAdapterEditor.qml:234";"";"";"no"
"UI-3175";"qgc_source_uk_UA.ts";"UTMSPAdapterEditor";"Password:";"";"TODO";"../src/UTMSP/UTMSPAdapterEditor.qml:250";"";"";"no"
"UI-3176";"qgc_source_uk_UA.ts";"UTMSPAdapterEditor";"Login";"";"TODO";"../src/UTMSP/UTMSPAdapterEditor.qml:275";"";"";"no"
"UI-3177";"qgc_source_uk_UA.ts";"UTMSPAdapterEditor";"Forgot Your Password?";"";"TODO";"../src/UTMSP/UTMSPAdapterEditor.qml:336";"";"";"no"
"UI-3178";"qgc_source_uk_UA.ts";"UTMSPAdapterEditor";"New User? Register Now";"";"TODO";"../src/UTMSP/UTMSPAdapterEditor.qml:356";"";"";"no"
"UI-3179";"qgc_source_uk_UA.ts";"UTMSPAdapterEditor";"Insert Geofence";"";"TODO";"../src/UTMSP/UTMSPAdapterEditor.qml:397";"";"";"no"
"UI-3180";"qgc_source_uk_UA.ts";"UTMSPAdapterEditor";"Min Altitude";"";"TODO";"../src/UTMSP/UTMSPAdapterEditor.qml:468";"";"";"no"
"UI-3181";"qgc_source_uk_UA.ts";"UTMSPAdapterEditor";"Max Altitude";"";"TODO";"../src/UTMSP/UTMSPAdapterEditor.qml:532";"";"";"no"
"UI-3182";"qgc_source_uk_UA.ts";"UTMSPAdapterEditor";"Date & Time";"";"TODO";"../src/UTMSP/UTMSPAdapterEditor.qml:597";"";"";"no"
"UI-3183";"qgc_source_uk_UA.ts";"UTMSPAdapterEditor";"Date";"";"TODO";"../src/UTMSP/UTMSPAdapterEditor.qml:622";"";"";"no"
"UI-3184";"qgc_source_uk_UA.ts";"UTMSPAdapterEditor";"Time";"";"TODO";"../src/UTMSP/UTMSPAdapterEditor.qml:637";"";"";"no"
"UI-3185";"qgc_source_uk_UA.ts";"UTMSPAdapterEditor";"Start Time";"";"TODO";"../src/UTMSP/UTMSPAdapterEditor.qml:1230";"";"";"no"
"UI-3186";"qgc_source_uk_UA.ts";"UTMSPAdapterEditor";"End Time";"";"TODO";"../src/UTMSP/UTMSPAdapterEditor.qml:1238";"";"";"no"
"UI-3187";"qgc_source_uk_UA.ts";"UTMSPAdapterEditor";"Mission Altitude";"";"TODO";"../src/UTMSP/UTMSPAdapterEditor.qml:1255";"";"";"no"
"UI-3188";"qgc_source_uk_UA.ts";"UTMSPAdapterEditor";"Register Flight Plan";"";"TODO";"../src/UTMSP/UTMSPAdapterEditor.qml:1283";"";"";"no"
"UI-3189";"qgc_source_uk_UA.ts";"UTMSPAdapterEditor";"Remove Flight Plan";"";"TODO";"../src/UTMSP/UTMSPAdapterEditor.qml:1353";"";"";"no"
"UI-3190";"qgc_source_uk_UA.ts";"UTMSPMapPolygonVisuals";"Option";"";"TODO";"../src/UTMSP/UTMSPMapPolygonVisuals.qml:40";"";"";"no"
"UI-3191";"qgc_source_uk_UA.ts";"UTMSPMapPolygonVisuals";"Click on the map to add vertices. Click 'Done Fencing' when finished.";"";"TODO";"../src/UTMSP/UTMSPMapPolygonVisuals.qml:41";"";"";"no"
"UI-3192";"qgc_source_uk_UA.ts";"UTMSPMapPolygonVisuals";"Remove vertex";"";"TODO";"../src/UTMSP/UTMSPMapPolygonVisuals.qml:373";"";"";"no"
"UI-3193";"qgc_source_uk_UA.ts";"UTMSPMapPolygonVisuals";"Edit position...";"";"TODO";"../src/UTMSP/UTMSPMapPolygonVisuals.qml:386 | ../src/UTMSP/UTMSPMapPolygonVisuals.qml:391";"";"";"no"
"UI-3194";"qgc_source_uk_UA.ts";"UTMSPMapPolygonVisuals";"Edit Center Position";"";"TODO";"../src/UTMSP/UTMSPMapPolygonVisuals.qml:576";"";"";"no"
"UI-3195";"qgc_source_uk_UA.ts";"UTMSPMapPolygonVisuals";"Edit Vertex Position";"";"TODO";"../src/UTMSP/UTMSPMapPolygonVisuals.qml:592";"";"";"no"
"UI-3196";"qgc_source_uk_UA.ts";"UTMSPMapPolygonVisuals";"Automatic";"";"TODO";"../src/UTMSP/UTMSPMapPolygonVisuals.qml:645";"";"";"no"
"UI-3197";"qgc_source_uk_UA.ts";"UTMSPMapPolygonVisuals";"Done fencing";"";"TODO";"../src/UTMSP/UTMSPMapPolygonVisuals.qml:653";"";"";"no"
"UI-3198";"qgc_source_uk_UA.ts";"UTMSPMapPolygonVisuals";"Mannual";"";"TODO";"../src/UTMSP/UTMSPMapPolygonVisuals.qml:653";"";"";"no"
"UI-3199";"qgc_source_uk_UA.ts";"UdpSettings";"Note: For best perfomance, please disable AutoConnect to UDP devices on the General page.";"";"TODO";"../src/UI/AppSettings/UdpSettings.qml:31";"";"";"no"
"UI-3200";"qgc_source_uk_UA.ts";"UdpSettings";"Port";"";"TODO";"../src/UI/AppSettings/UdpSettings.qml:37";"";"";"no"
"UI-3201";"qgc_source_uk_UA.ts";"UdpSettings";"Server Addresses (optional)";"";"TODO";"../src/UI/AppSettings/UdpSettings.qml:48";"";"";"no"
"UI-3202";"qgc_source_uk_UA.ts";"UdpSettings";"Remove";"";"TODO";"../src/UI/AppSettings/UdpSettings.qml:62";"";"";"no"
"UI-3203";"qgc_source_uk_UA.ts";"UdpSettings";"Example: 127.0.0.1:14550";"";"TODO";"../src/UI/AppSettings/UdpSettings.qml:74";"";"";"no"
"UI-3204";"qgc_source_uk_UA.ts";"UdpSettings";"Add Server";"";"TODO";"../src/UI/AppSettings/UdpSettings.qml:77";"";"";"no"
"UI-3205";"qgc_source_uk_UA.ts";"UnitsFirstRunPrompt";"Measurement Units";"";"TODO";"../src/FirstRunPromptDialogs/UnitsFirstRunPrompt.qml:21";"";"";"no"
"UI-3206";"qgc_source_uk_UA.ts";"UnitsFirstRunPrompt";"Horizontal Distance";"";"TODO";"../src/FirstRunPromptDialogs/UnitsFirstRunPrompt.qml:27";"";"";"no"
"UI-3207";"qgc_source_uk_UA.ts";"UnitsFirstRunPrompt";"Vertical Distance";"";"TODO";"../src/FirstRunPromptDialogs/UnitsFirstRunPrompt.qml:27";"";"";"no"
"UI-3208";"qgc_source_uk_UA.ts";"UnitsFirstRunPrompt";"Area";"";"TODO";"../src/FirstRunPromptDialogs/UnitsFirstRunPrompt.qml:27";"";"";"no"
"UI-3209";"qgc_source_uk_UA.ts";"UnitsFirstRunPrompt";"Speed";"";"TODO";"../src/FirstRunPromptDialogs/UnitsFirstRunPrompt.qml:27";"";"";"no"
"UI-3210";"qgc_source_uk_UA.ts";"UnitsFirstRunPrompt";"Temperature";"";"TODO";"../src/FirstRunPromptDialogs/UnitsFirstRunPrompt.qml:27";"";"";"no"
"UI-3211";"qgc_source_uk_UA.ts";"UnitsFirstRunPrompt";"Choose the measurement units you want to use. You can also change it later in General Settings.";"";"TODO";"../src/FirstRunPromptDialogs/UnitsFirstRunPrompt.qml:68";"";"";"no"
"UI-3212";"qgc_source_uk_UA.ts";"UnitsFirstRunPrompt";"System of units";"";"TODO";"../src/FirstRunPromptDialogs/UnitsFirstRunPrompt.qml:88";"";"";"no"
"UI-3213";"qgc_source_uk_UA.ts";"UnitsFirstRunPrompt";"Metric System";"";"TODO";"../src/FirstRunPromptDialogs/UnitsFirstRunPrompt.qml:101";"";"";"no"
"UI-3214";"qgc_source_uk_UA.ts";"UnitsFirstRunPrompt";"Imperial System";"";"TODO";"../src/FirstRunPromptDialogs/UnitsFirstRunPrompt.qml:101";"";"";"no"
"UI-3215";"qgc_source_uk_UA.ts";"UnitsSettings";"Feet";"";"TODO";"../src/Settings/UnitsSettings.cc:25 | ../src/Settings/UnitsSettings.cc:56";"";"";"no"
"UI-3216";"qgc_source_uk_UA.ts";"UnitsSettings";"Meters";"";"TODO";"../src/Settings/UnitsSettings.cc:25 | ../src/Settings/UnitsSettings.cc:56";"";"";"no"
"UI-3217";"qgc_source_uk_UA.ts";"UnitsSettings";"Horizontal Distance";"";"TODO";"../src/Settings/UnitsSettings.cc:30";"";"";"no"
"UI-3218";"qgc_source_uk_UA.ts";"UnitsSettings";"Vertical Distance";"";"TODO";"../src/Settings/UnitsSettings.cc:61";"";"";"no"
"UI-3219";"qgc_source_uk_UA.ts";"UnitsSettings";"SquareFeet";"";"TODO";"../src/Settings/UnitsSettings.cc:86";"";"";"no"
"UI-3220";"qgc_source_uk_UA.ts";"UnitsSettings";"SquareMeters";"";"TODO";"../src/Settings/UnitsSettings.cc:86";"";"";"no"
"UI-3221";"qgc_source_uk_UA.ts";"UnitsSettings";"SquareKilometers";"";"TODO";"../src/Settings/UnitsSettings.cc:86";"";"";"no"
"UI-3222";"qgc_source_uk_UA.ts";"UnitsSettings";"Hectares";"";"TODO";"../src/Settings/UnitsSettings.cc:86";"";"";"no"
"UI-3223";"qgc_source_uk_UA.ts";"UnitsSettings";"Acres";"";"TODO";"../src/Settings/UnitsSettings.cc:86";"";"";"no"
"UI-3224";"qgc_source_uk_UA.ts";"UnitsSettings";"SquareMiles";"";"TODO";"../src/Settings/UnitsSettings.cc:86";"";"";"no"
"UI-3225";"qgc_source_uk_UA.ts";"UnitsSettings";"Area";"";"TODO";"../src/Settings/UnitsSettings.cc:96";"";"";"no"
"UI-3226";"qgc_source_uk_UA.ts";"UnitsSettings";"Knots";"";"TODO";"../src/Settings/UnitsSettings.cc:122";"";"";"no"
"UI-3227";"qgc_source_uk_UA.ts";"UnitsSettings";"Speed";"";"TODO";"../src/Settings/UnitsSettings.cc:131";"";"";"no"
"UI-3228";"qgc_source_uk_UA.ts";"UnitsSettings";"Celsius";"";"TODO";"../src/Settings/UnitsSettings.cc:157";"";"";"no"
"UI-3229";"qgc_source_uk_UA.ts";"UnitsSettings";"Fahrenheit";"";"TODO";"../src/Settings/UnitsSettings.cc:157";"";"";"no"
"UI-3230";"qgc_source_uk_UA.ts";"UnitsSettings";"Temperature";"";"TODO";"../src/Settings/UnitsSettings.cc:161";"";"";"no"
"UI-3231";"qgc_source_uk_UA.ts";"UnitsSettings";"Grams";"";"TODO";"../src/Settings/UnitsSettings.cc:187";"";"";"no"
"UI-3232";"qgc_source_uk_UA.ts";"UnitsSettings";"Kilograms";"";"TODO";"../src/Settings/UnitsSettings.cc:187";"";"";"no"
"UI-3233";"qgc_source_uk_UA.ts";"UnitsSettings";"Ounces";"";"TODO";"../src/Settings/UnitsSettings.cc:187";"";"";"no"
"UI-3234";"qgc_source_uk_UA.ts";"UnitsSettings";"Pounds";"";"TODO";"../src/Settings/UnitsSettings.cc:187";"";"";"no"
"UI-3235";"qgc_source_uk_UA.ts";"UnitsSettings";"Weight";"";"TODO";"../src/Settings/UnitsSettings.cc:195";"";"";"no"
"UI-3236";"qgc_source_uk_UA.ts";"VTOLChecklist";"VTOL Initial Checks";"";"TODO";"../src/FlightDisplay/VTOLChecklist.qml:25";"";"";"no"
"UI-3237";"qgc_source_uk_UA.ts";"VTOLChecklist";"Hardware";"";"TODO";"../src/FlightDisplay/VTOLChecklist.qml:28";"";"";"no"
"UI-3238";"qgc_source_uk_UA.ts";"VTOLChecklist";"Props mounted? Wings secured? Tail secured?";"";"TODO";"../src/FlightDisplay/VTOLChecklist.qml:29";"";"";"no"
"UI-3239";"qgc_source_uk_UA.ts";"VTOLChecklist";"Please arm the vehicle here";"";"TODO";"../src/FlightDisplay/VTOLChecklist.qml:50";"";"";"no"
"UI-3240";"qgc_source_uk_UA.ts";"VTOLChecklist";"Actuators";"";"TODO";"../src/FlightDisplay/VTOLChecklist.qml:53";"";"";"no"
"UI-3241";"qgc_source_uk_UA.ts";"VTOLChecklist";"Move all control surfaces. Did they work properly?";"";"TODO";"../src/FlightDisplay/VTOLChecklist.qml:54";"";"";"no"
"UI-3242";"qgc_source_uk_UA.ts";"VTOLChecklist";"Motors";"";"TODO";"../src/FlightDisplay/VTOLChecklist.qml:58";"";"";"no"
"UI-3243";"qgc_source_uk_UA.ts";"VTOLChecklist";"Propellers free? Then throttle up gently. Working properly?";"";"TODO";"../src/FlightDisplay/VTOLChecklist.qml:59";"";"";"no"
"UI-3244";"qgc_source_uk_UA.ts";"VTOLChecklist";"Mission";"";"TODO";"../src/FlightDisplay/VTOLChecklist.qml:63";"";"";"no"
"UI-3245";"qgc_source_uk_UA.ts";"VTOLChecklist";"Please confirm mission is valid (waypoints valid, no terrain collision).";"";"TODO";"../src/FlightDisplay/VTOLChecklist.qml:64";"";"";"no"
"UI-3246";"qgc_source_uk_UA.ts";"VTOLChecklist";"Last preparations before launch";"";"TODO";"../src/FlightDisplay/VTOLChecklist.qml:72";"";"";"no"
"UI-3247";"qgc_source_uk_UA.ts";"VTOLChecklist";"Payload";"";"TODO";"../src/FlightDisplay/VTOLChecklist.qml:76";"";"";"no"
"UI-3248";"qgc_source_uk_UA.ts";"VTOLChecklist";"Configured and started? Payload lid closed?";"";"TODO";"../src/FlightDisplay/VTOLChecklist.qml:77";"";"";"no"
"UI-3249";"qgc_source_uk_UA.ts";"VTOLChecklist";"OK for your platform? Lauching into the wind?";"";"TODO";"../src/FlightDisplay/VTOLChecklist.qml:82";"";"";"no"
"UI-3250";"qgc_source_uk_UA.ts";"VTOLChecklist";"Flight area";"";"TODO";"../src/FlightDisplay/VTOLChecklist.qml:86";"";"";"no"
"UI-3251";"qgc_source_uk_UA.ts";"VTOLChecklist";"Launch area and path free of obstacles/people?";"";"TODO";"../src/FlightDisplay/VTOLChecklist.qml:87";"";"";"no"
"UI-3252";"qgc_source_uk_UA.ts";"VTOLLandingComplexItem";"VTOL Landing";"";"TODO";"../src/MissionManager/VTOLLandingComplexItem.cc:25";"";"";"no"
"UI-3253";"qgc_source_uk_UA.ts";"VTOLLandingComplexItem";"%1 complex item version %2 not supported";"";"TODO";"../src/MissionManager/VTOLLandingComplexItem.cc:92";"";"";"no"
"UI-3254";"qgc_source_uk_UA.ts";"VTOLLandingPatternEditor";"Set to vehicle heading";"";"TODO";"../src/QmlControls/VTOLLandingPatternEditor.qml:40";"";"";"no"
"UI-3255";"qgc_source_uk_UA.ts";"VTOLLandingPatternEditor";"Set to vehicle location";"";"TODO";"../src/QmlControls/VTOLLandingPatternEditor.qml:41";"";"";"no"
"UI-3256";"qgc_source_uk_UA.ts";"VTOLLandingPatternEditor";"Final approach";"";"TODO";"../src/QmlControls/VTOLLandingPatternEditor.qml:58";"";"";"no"
"UI-3257";"qgc_source_uk_UA.ts";"VTOLLandingPatternEditor";"Use loiter to altitude";"";"TODO";"../src/QmlControls/VTOLLandingPatternEditor.qml:70";"";"";"no"
"UI-3258";"qgc_source_uk_UA.ts";"VTOLLandingPatternEditor";"Altitude";"";"TODO";"../src/QmlControls/VTOLLandingPatternEditor.qml:79 | ../src/QmlControls/VTOLLandingPatternEditor.qml:141";"";"";"no"
"UI-3259";"qgc_source_uk_UA.ts";"VTOLLandingPatternEditor";"Radius";"";"TODO";"../src/QmlControls/VTOLLandingPatternEditor.qml:88";"";"";"no"
"UI-3260";"qgc_source_uk_UA.ts";"VTOLLandingPatternEditor";"Loiter clockwise";"";"TODO";"../src/QmlControls/VTOLLandingPatternEditor.qml:102";"";"";"no"
"UI-3261";"qgc_source_uk_UA.ts";"VTOLLandingPatternEditor";"Landing point";"";"TODO";"../src/QmlControls/VTOLLandingPatternEditor.qml:118";"";"";"no"
"UI-3262";"qgc_source_uk_UA.ts";"VTOLLandingPatternEditor";"Heading";"";"TODO";"../src/QmlControls/VTOLLandingPatternEditor.qml:134";"";"";"no"
"UI-3263";"qgc_source_uk_UA.ts";"VTOLLandingPatternEditor";"Landing Dist";"";"TODO";"../src/QmlControls/VTOLLandingPatternEditor.qml:149";"";"";"no"
"UI-3264";"qgc_source_uk_UA.ts";"VTOLLandingPatternEditor";"Altitudes relative to launch";"";"TODO";"../src/QmlControls/VTOLLandingPatternEditor.qml:169";"";"";"no"
"UI-3265";"qgc_source_uk_UA.ts";"VTOLLandingPatternEditor";"Camera";"";"TODO";"../src/QmlControls/VTOLLandingPatternEditor.qml:179";"";"";"no"
"UI-3266";"qgc_source_uk_UA.ts";"VTOLLandingPatternEditor";"* Actual flight path will vary.";"";"TODO";"../src/QmlControls/VTOLLandingPatternEditor.qml:217";"";"";"no"
"UI-3267";"qgc_source_uk_UA.ts";"VTOLLandingPatternEditor";"* Avoid tailwind on approach to land.";"";"TODO";"../src/QmlControls/VTOLLandingPatternEditor.qml:226";"";"";"no"
"UI-3268";"qgc_source_uk_UA.ts";"VTOLLandingPatternEditor";"* Ensure landing distance is enough to complete transition.";"";"TODO";"../src/QmlControls/VTOLLandingPatternEditor.qml:235";"";"";"no"
"UI-3269";"qgc_source_uk_UA.ts";"VTOLLandingPatternEditor";"Click in map to set landing point.";"";"TODO";"../src/QmlControls/VTOLLandingPatternEditor.qml:261";"";"";"no"
"UI-3270";"qgc_source_uk_UA.ts";"VTOLLandingPatternEditor";"- or -";"";"TODO";"../src/QmlControls/VTOLLandingPatternEditor.qml:268";"";"";"no"
"UI-3271";"qgc_source_uk_UA.ts";"VTOLLandingPatternEditor";"Drag the loiter point to adjust landing direction for wind and obstacles as well as distance to land point.";"";"TODO";"../src/QmlControls/VTOLLandingPatternEditor.qml:300";"";"";"no"
"UI-3272";"qgc_source_uk_UA.ts";"VTOLLandingPatternEditor";"Done";"";"TODO";"../src/QmlControls/VTOLLandingPatternEditor.qml:304";"";"";"no"
"UI-3273";"qgc_source_uk_UA.ts";"VTOLLandingPatternMapVisual";"Loiter";"";"TODO";"../src/QmlControls/VTOLLandingPatternMapVisual.qml:237";"";"";"no"
"UI-3274";"qgc_source_uk_UA.ts";"VTOLLandingPatternMapVisual";"Approach";"";"TODO";"../src/QmlControls/VTOLLandingPatternMapVisual.qml:237";"";"";"no"
"UI-3275";"qgc_source_uk_UA.ts";"VTOLLandingPatternMapVisual";"Land";"";"TODO";"../src/QmlControls/VTOLLandingPatternMapVisual.qml:258";"";"";"no"
"UI-3276";"qgc_source_uk_UA.ts";"Vehicle";"Mission transfer failed. Error: %1";"";"TODO";"../src/Vehicle/Vehicle.cc:1775";"";"";"no"
"UI-3277";"qgc_source_uk_UA.ts";"Vehicle";"GeoFence transfer failed. Error: %1";"";"TODO";"../src/Vehicle/Vehicle.cc:1781";"";"";"no"
"UI-3278";"qgc_source_uk_UA.ts";"Vehicle";"Rally Point transfer failed. Error: %1";"";"TODO";"../src/Vehicle/Vehicle.cc:1787";"";"";"no"
"UI-3279";"qgc_source_uk_UA.ts";"Vehicle";"battery %1 level low";"";"TODO";"../src/Vehicle/Vehicle.cc:1056";"";"";"no"
"UI-3280";"qgc_source_uk_UA.ts";"Vehicle";"battery %1 level is critical";"";"TODO";"../src/Vehicle/Vehicle.cc:1062";"";"";"no"
"UI-3281";"qgc_source_uk_UA.ts";"Vehicle";"battery %1 level emergency";"";"TODO";"../src/Vehicle/Vehicle.cc:1068";"";"";"no"
"UI-3282";"qgc_source_uk_UA.ts";"Vehicle";"battery %1 failed";"";"TODO";"../src/Vehicle/Vehicle.cc:1074";"";"";"no"
"UI-3283";"qgc_source_uk_UA.ts";"Vehicle";"battery %1 unhealthy";"";"TODO";"../src/Vehicle/Vehicle.cc:1080";"";"";"no"
"UI-3284";"qgc_source_uk_UA.ts";"Vehicle";"warning";"";"TODO";"../src/Vehicle/Vehicle.cc:1092";"";"";"no"
"UI-3285";"qgc_source_uk_UA.ts";"Vehicle";"Set Home failed, terrain data not available for selected coordinate";"";"TODO";"../src/Vehicle/Vehicle.cc:3711";"";"";"no"
"UI-3286";"qgc_source_uk_UA.ts";"Vehicle";"minimum altitude";"";"TODO";"../src/Vehicle/Vehicle.cc:3800";"";"";"no"
"UI-3287";"qgc_source_uk_UA.ts";"Vehicle";"maximum altitude";"";"TODO";"../src/Vehicle/Vehicle.cc:3803";"";"";"no"
"UI-3288";"qgc_source_uk_UA.ts";"Vehicle";"boundary";"";"TODO";"../src/Vehicle/Vehicle.cc:3806";"";"";"no"
"UI-3289";"qgc_source_uk_UA.ts";"Vehicle";"fence breached";"";"TODO";"../src/Vehicle/Vehicle.cc:3812";"";"";"no"
"UI-3290";"qgc_source_uk_UA.ts";"Vehicle";"Waiting for previous operator control request";"";"TODO";"../src/Vehicle/Vehicle.cc:4060";"";"";"no"
"UI-3291";"qgc_source_uk_UA.ts";"Vehicle";"No response to operator control request";"";"TODO";"../src/Vehicle/Vehicle.cc:4063";"";"";"no"
"UI-3292";"qgc_source_uk_UA.ts";"Vehicle";"Vehicle %1 ";"";"TODO";"../src/Vehicle/Vehicle.cc:2008";"";"";"no"
"UI-3293";"qgc_source_uk_UA.ts";"Vehicle";"Vehicle reboot failed.";"";"TODO";"../src/Vehicle/Vehicle.cc:3083";"";"";"no"
"UI-3294";"qgc_source_uk_UA.ts";"Vehicle";"%1 %2 flight mode";"";"TODO";"../src/Vehicle/Vehicle.cc:2016";"";"";"no"
"UI-3295";"qgc_source_uk_UA.ts";"Vehicle";"armed";"";"TODO";"../src/Vehicle/Vehicle.cc:2022";"";"";"no"
"UI-3296";"qgc_source_uk_UA.ts";"Vehicle";"disarmed";"";"TODO";"../src/Vehicle/Vehicle.cc:2022";"";"";"no"
"UI-3297";"qgc_source_uk_UA.ts";"Vehicle";"Change Heading not supported by Vehicle.";"";"TODO";"../src/Vehicle/Vehicle.cc:2311";"";"";"no"
"UI-3298";"qgc_source_uk_UA.ts";"Vehicle";"Unable to send command: %1.";"";"TODO";"../src/Vehicle/Vehicle.cc:2662";"";"";"no"
"UI-3299";"qgc_source_uk_UA.ts";"Vehicle";"Internal error - MAV_COMP_ID_ALL not supported";"";"TODO";"../src/Vehicle/Vehicle.cc:2662";"";"";"no"
"UI-3300";"qgc_source_uk_UA.ts";"Vehicle";"Waiting on previous response to same command.";"";"TODO";"../src/Vehicle/Vehicle.cc:2662";"";"";"no"
"UI-3301";"qgc_source_uk_UA.ts";"Vehicle";"Vehicle did not respond to command: %1";"";"TODO";"../src/Vehicle/Vehicle.cc:2719";"";"";"no"
"UI-3302";"qgc_source_uk_UA.ts";"Vehicle";"Bootloader flash succeeded";"";"TODO";"../src/Vehicle/Vehicle.cc:2853";"";"";"no"
"UI-3303";"qgc_source_uk_UA.ts";"Vehicle";"%1 command temporarily rejected";"";"TODO";"../src/Vehicle/Vehicle.cc:2807";"";"";"no"
"UI-3304";"qgc_source_uk_UA.ts";"Vehicle";"%1 command denied";"";"TODO";"../src/Vehicle/Vehicle.cc:2810";"";"";"no"
"UI-3305";"qgc_source_uk_UA.ts";"Vehicle";"%1 command not supported";"";"TODO";"../src/Vehicle/Vehicle.cc:2813";"";"";"no"
"UI-3306";"qgc_source_uk_UA.ts";"Vehicle";"%1 command failed";"";"TODO";"../src/Vehicle/Vehicle.cc:2816";"";"";"no"
"UI-3307";"qgc_source_uk_UA.ts";"Vehicle Class";"Airship";"";"TODO";"../src/MAVLink/QGCMAVLink.cc:203";"";"";"no"
"UI-3308";"qgc_source_uk_UA.ts";"Vehicle Class";"Fixed Wing";"";"TODO";"../src/MAVLink/QGCMAVLink.cc:205";"";"";"no"
"UI-3309";"qgc_source_uk_UA.ts";"Vehicle Class";"Rover-Boat";"";"TODO";"../src/MAVLink/QGCMAVLink.cc:207";"";"";"no"
"UI-3310";"qgc_source_uk_UA.ts";"Vehicle Class";"Sub";"";"TODO";"../src/MAVLink/QGCMAVLink.cc:209";"";"";"no"
"UI-3311";"qgc_source_uk_UA.ts";"Vehicle Class";"Multi-Rotor";"";"TODO";"../src/MAVLink/QGCMAVLink.cc:211";"";"";"no"
"UI-3312";"qgc_source_uk_UA.ts";"Vehicle Class";"VTOL";"";"TODO";"../src/MAVLink/QGCMAVLink.cc:213";"";"";"no"
"UI-3313";"qgc_source_uk_UA.ts";"Vehicle Class";"Generic";"";"TODO";"../src/MAVLink/QGCMAVLink.cc:215";"";"";"no"
"UI-3314";"qgc_source_uk_UA.ts";"Vehicle Class";"Unknown";"";"TODO";"../src/MAVLink/QGCMAVLink.cc:217";"";"";"no"
"UI-3315";"qgc_source_uk_UA.ts";"VehicleLinkManager";"%1Communication regained on %2 link";"";"TODO";"../src/Vehicle/VehicleLinkManager.cc:75";"";"";"no"
"UI-3316";"qgc_source_uk_UA.ts";"VehicleLinkManager";"primary";"";"TODO";"../src/Vehicle/VehicleLinkManager.cc:75 | ../src/Vehicle/VehicleLinkManager.cc:131";"";"";"no"
"UI-3317";"qgc_source_uk_UA.ts";"VehicleLinkManager";"secondary";"";"TODO";"../src/Vehicle/VehicleLinkManager.cc:75 | ../src/Vehicle/VehicleLinkManager.cc:131";"";"";"no"
"UI-3318";"qgc_source_uk_UA.ts";"VehicleLinkManager";"%1Communication regained";"";"TODO";"../src/Vehicle/VehicleLinkManager.cc:77";"";"";"no"
"UI-3319";"qgc_source_uk_UA.ts";"VehicleLinkManager";"%1Switching communication to new primary link";"";"TODO";"../src/Vehicle/VehicleLinkManager.cc:83";"";"";"no"
"UI-3320";"qgc_source_uk_UA.ts";"VehicleLinkManager";"%1Communication lost on %2 link.";"";"TODO";"../src/Vehicle/VehicleLinkManager.cc:131";"";"";"no"
"UI-3321";"qgc_source_uk_UA.ts";"VehicleLinkManager";"%1Switching communication to secondary link.";"";"TODO";"../src/Vehicle/VehicleLinkManager.cc:142";"";"";"no"
"UI-3322";"qgc_source_uk_UA.ts";"VehicleLinkManager";"%1Communication lost";"";"TODO";"../src/Vehicle/VehicleLinkManager.cc:166";"";"";"no"
"UI-3323";"qgc_source_uk_UA.ts";"VehicleLinkManager";"Comm Lost";"";"TODO";"../src/Vehicle/VehicleLinkManager.cc:418";"";"";"no"
"UI-3324";"qgc_source_uk_UA.ts";"VehicleMapItem";"Vehicle %1";"";"TODO";"../src/FlightMap/MapItems/VehicleMapItem.qml:147";"";"";"no"
"UI-3325";"qgc_source_uk_UA.ts";"VehicleMessageList";"No Messages";"";"TODO";"../src/QmlControls/VehicleMessageList.qml:28";"";"";"no"
"UI-3326";"qgc_source_uk_UA.ts";"VehicleMessageList";"Edit Parameter";"";"TODO";"../src/QmlControls/VehicleMessageList.qml:76";"";"";"no"
"UI-3327";"qgc_source_uk_UA.ts";"VehicleRotationCal";"Hold Still";"";"TODO";"../src/QmlControls/VehicleRotationCal.qml:25";"";"";"no"
"UI-3328";"qgc_source_uk_UA.ts";"VehicleRotationCal";"Completed";"";"TODO";"../src/QmlControls/VehicleRotationCal.qml:57";"";"";"no"
"UI-3329";"qgc_source_uk_UA.ts";"VehicleRotationCal";"Incomplete";"";"TODO";"../src/QmlControls/VehicleRotationCal.qml:57";"";"";"no"
"UI-3330";"qgc_source_uk_UA.ts";"VehicleSummary";"Below you will find a summary of the settings for your vehicle. To the left are the setup menus for each component.";"";"TODO";"../src/Vehicle/VehicleSetup/VehicleSummary.qml:88";"";"";"no"
"UI-3331";"qgc_source_uk_UA.ts";"VehicleSummary";"WARNING: Your vehicle requires setup prior to flight. Please resolve the items marked in red using the menu on the left.";"";"TODO";"../src/Vehicle/VehicleSetup/VehicleSummary.qml:89";"";"";"no"
"UI-3332";"qgc_source_uk_UA.ts";"VehicleWarnings";"No GPS Lock for Vehicle";"";"TODO";"../src/FlightDisplay/VehicleWarnings.qml:37";"";"";"no"
"UI-3333";"qgc_source_uk_UA.ts";"VehicleWarnings";"The vehicle has failed a pre-arm check. In order to arm the vehicle, resolve the failure.";"";"TODO";"../src/FlightDisplay/VehicleWarnings.qml:56";"";"";"no"
"UI-3334";"qgc_source_uk_UA.ts";"VibrationPage";"Analyze vibration associated with your vehicle.";"";"TODO";"../src/AnalyzeView/VibrationPage.qml:26";"";"";"no"
"UI-3335";"qgc_source_uk_UA.ts";"VibrationPage";"X (%1)";"";"TODO";"../src/AnalyzeView/VibrationPage.qml:98";"";"";"no"
"UI-3336";"qgc_source_uk_UA.ts";"VibrationPage";"Y (%1)";"";"TODO";"../src/AnalyzeView/VibrationPage.qml:143";"";"";"no"
"UI-3337";"qgc_source_uk_UA.ts";"VibrationPage";"Z (%1)";"";"TODO";"../src/AnalyzeView/VibrationPage.qml:188";"";"";"no"
"UI-3338";"qgc_source_uk_UA.ts";"VibrationPage";"Accel 1: %1";"";"TODO";"../src/AnalyzeView/VibrationPage.qml:202";"";"";"no"
"UI-3339";"qgc_source_uk_UA.ts";"VibrationPage";"Accel 2: %1";"";"TODO";"../src/AnalyzeView/VibrationPage.qml:206";"";"";"no"
"UI-3340";"qgc_source_uk_UA.ts";"VibrationPage";"Accel 3: %1";"";"TODO";"../src/AnalyzeView/VibrationPage.qml:210";"";"";"no"
"UI-3341";"qgc_source_uk_UA.ts";"VibrationPage";"Clip count";"";"TODO";"../src/AnalyzeView/VibrationPage.qml:198";"";"";"no"
"UI-3342";"qgc_source_uk_UA.ts";"VibrationPage";"Not Available";"";"TODO";"../src/AnalyzeView/VibrationPage.qml:224";"";"";"no"
"UI-3343";"qgc_source_uk_UA.ts";"VideoManager";"Invalid video format defined.";"";"TODO";"../src/VideoManager/VideoManager.cc:170";"";"";"no"
"UI-3344";"qgc_source_uk_UA.ts";"VideoManager";"Unabled to record video. Video save path must be specified in Settings.";"";"TODO";"../src/VideoManager/VideoManager.cc:178";"";"";"no"
"UI-3345";"qgc_source_uk_UA.ts";"VideoSettings";"No Video Available";"";"TODO";"../src/Settings/VideoSettings.h:55";"";"";"no"
"UI-3346";"qgc_source_uk_UA.ts";"VideoSettings";"Video Stream Disabled";"";"TODO";"../src/Settings/VideoSettings.h:56";"";"";"no"
"UI-3347";"qgc_source_uk_UA.ts";"VideoSettings";"RTSP Video Stream";"";"TODO";"../src/Settings/VideoSettings.h:57";"";"";"no"
"UI-3348";"qgc_source_uk_UA.ts";"VideoSettings";"UDP h.264 Video Stream";"";"TODO";"../src/Settings/VideoSettings.h:58";"";"";"no"
"UI-3349";"qgc_source_uk_UA.ts";"VideoSettings";"UDP h.265 Video Stream";"";"TODO";"../src/Settings/VideoSettings.h:59";"";"";"no"
"UI-3350";"qgc_source_uk_UA.ts";"VideoSettings";"TCP-MPEG2 Video Stream";"";"TODO";"../src/Settings/VideoSettings.h:60";"";"";"no"
"UI-3351";"qgc_source_uk_UA.ts";"VideoSettings";"MPEG-TS Video Stream";"";"TODO";"../src/Settings/VideoSettings.h:61";"";"";"no"
"UI-3352";"qgc_source_uk_UA.ts";"VideoSettings";"3DR Solo (requires restart)";"";"TODO";"../src/Settings/VideoSettings.h:62";"";"";"no"
"UI-3353";"qgc_source_uk_UA.ts";"VideoSettings";"Parrot Discovery";"";"TODO";"../src/Settings/VideoSettings.h:63";"";"";"no"
"UI-3354";"qgc_source_uk_UA.ts";"VideoSettings";"Yuneec Mantis G";"";"TODO";"../src/Settings/VideoSettings.h:64";"";"";"no"
"UI-3355";"qgc_source_uk_UA.ts";"VideoSettings";"Herelink AirUnit";"";"TODO";"../src/Settings/VideoSettings.h:65";"";"";"no"
"UI-3356";"qgc_source_uk_UA.ts";"VideoSettings";"Herelink Hotspot";"";"TODO";"../src/Settings/VideoSettings.h:66";"";"";"no"
"UI-3357";"qgc_source_uk_UA.ts";"VideoSettings";"Video Source";"";"TODO";"../src/UI/AppSettings/VideoSettings.qml:40";"";"";"no"
"UI-3358";"qgc_source_uk_UA.ts";"VideoSettings";"Mavlink camera stream is automatically configured";"";"TODO";"../src/UI/AppSettings/VideoSettings.qml:41";"";"";"no"
"UI-3359";"qgc_source_uk_UA.ts";"VideoSettings";"Source";"";"TODO";"../src/UI/AppSettings/VideoSettings.qml:46";"";"";"no"
"UI-3360";"qgc_source_uk_UA.ts";"VideoSettings";"Connection";"";"TODO";"../src/UI/AppSettings/VideoSettings.qml:55";"";"";"no"
"UI-3361";"qgc_source_uk_UA.ts";"VideoSettings";"RTSP URL";"";"TODO";"../src/UI/AppSettings/VideoSettings.qml:61";"";"";"no"
"UI-3362";"qgc_source_uk_UA.ts";"VideoSettings";"TCP URL";"";"TODO";"../src/UI/AppSettings/VideoSettings.qml:68";"";"";"no"
"UI-3363";"qgc_source_uk_UA.ts";"VideoSettings";"UDP URL";"";"TODO";"../src/UI/AppSettings/VideoSettings.qml:77";"";"";"no"
"UI-3364";"qgc_source_uk_UA.ts";"VideoSettings";"Settings";"";"TODO";"../src/UI/AppSettings/VideoSettings.qml:85";"";"";"no"
"UI-3365";"qgc_source_uk_UA.ts";"VideoSettings";"Aspect Ratio";"";"TODO";"../src/UI/AppSettings/VideoSettings.qml:90";"";"";"no"
"UI-3366";"qgc_source_uk_UA.ts";"VideoSettings";"Stop recording when disarmed";"";"TODO";"../src/UI/AppSettings/VideoSettings.qml:97";"";"";"no"
"UI-3367";"qgc_source_uk_UA.ts";"VideoSettings";"Low Latency Mode";"";"TODO";"../src/UI/AppSettings/VideoSettings.qml:104";"";"";"no"
"UI-3368";"qgc_source_uk_UA.ts";"VideoSettings";"Video decode priority";"";"TODO";"../src/UI/AppSettings/VideoSettings.qml:111";"";"";"no"
"UI-3369";"qgc_source_uk_UA.ts";"VideoSettings";"Local Video Storage";"";"TODO";"../src/UI/AppSettings/VideoSettings.qml:120";"";"";"no"
"UI-3370";"qgc_source_uk_UA.ts";"VideoSettings";"Record File Format";"";"TODO";"../src/UI/AppSettings/VideoSettings.qml:124";"";"";"no"
"UI-3371";"qgc_source_uk_UA.ts";"VideoSettings";"Auto-Delete Saved Recordings";"";"TODO";"../src/UI/AppSettings/VideoSettings.qml:131";"";"";"no"
"UI-3372";"qgc_source_uk_UA.ts";"VideoSettings";"Max Storage Usage";"";"TODO";"../src/UI/AppSettings/VideoSettings.qml:138";"";"";"no"
"UI-3373";"qgc_source_uk_UA.ts";"Viewer3DModel";"Downloading Imageries: ";"";"TODO";"../src/Viewer3D/Viewer3DQml/Models3D/Viewer3DModel.qml:117";"";"";"no"
"UI-3374";"qgc_source_uk_UA.ts";"Viewer3DProgressBar";"Progress";"";"TODO";"../src/Viewer3D/Viewer3DQml/Viewer3DProgressBar.qml:19";"";"";"no"
"UI-3375";"qgc_source_uk_UA.ts";"Viewer3DVehicleItems";"L";"";"TODO";"../src/Viewer3D/Viewer3DQml/Models3D/Viewer3DVehicleItems.qml:53";"";"";"no"
"UI-3376";"qgc_source_uk_UA.ts";"Viewer3DVehicleItems";"T";"";"TODO";"../src/Viewer3D/Viewer3DQml/Models3D/Viewer3DVehicleItems.qml:57 | ../src/Viewer3D/Viewer3DQml/Models3D/Viewer3DVehicleItems.qml:65";"";"";"no"
"UI-3377";"qgc_source_uk_UA.ts";"Viewer3DVehicleItems";"W";"";"TODO";"../src/Viewer3D/Viewer3DQml/Models3D/Viewer3DVehicleItems.qml:63";"";"";"no"
"UI-3378";"qgc_source_uk_UA.ts";"Viewer3DVehicleItems";"R";"";"TODO";"../src/Viewer3D/Viewer3DQml/Models3D/Viewer3DVehicleItems.qml:67 | ../src/Viewer3D/Viewer3DQml/Models3D/Viewer3DVehicleItems.qml:69";"";"";"no"
"UI-3379";"qgc_source_uk_UA.ts";"Viewer3DVehicleItems";"null";"";"TODO";"../src/Viewer3D/Viewer3DQml/Models3D/Viewer3DVehicleItems.qml:72";"";"";"no"
"JSON-0001";"qgc_json_uk_UA.ts";"GimbalFact.json";"Gimbal Roll";"";"TODO";"../src/Gimbal/GimbalFact.json";"";".QGC.MetaData.Facts[gimbalRoll].shortDesc, ";"no"
"JSON-0002";"qgc_json_uk_UA.ts";"GimbalFact.json";"Gimbal Pitch";"";"TODO";"../src/Gimbal/GimbalFact.json";"";".QGC.MetaData.Facts[gimbalPitch].shortDesc, ";"no"
"JSON-0003";"qgc_json_uk_UA.ts";"GimbalFact.json";"Gimbal Yaw";"";"TODO";"../src/Gimbal/GimbalFact.json";"";".QGC.MetaData.Facts[gimbalYaw].shortDesc, ";"no"
"JSON-0004";"qgc_json_uk_UA.ts";"GimbalFact.json";"Azimuth";"";"TODO";"../src/Gimbal/GimbalFact.json";"";".QGC.MetaData.Facts[gimbalAzimuth].shortDesc, ";"no"
"JSON-0005";"qgc_json_uk_UA.ts";"GimbalFact.json";"gimbal device Id";"";"TODO";"../src/Gimbal/GimbalFact.json";"";".QGC.MetaData.Facts[deviceId].shortDesc, ";"no"
"JSON-0006";"qgc_json_uk_UA.ts";"OfflineMaps.SettingsGroup.json";"Minimum zoom level for downloads.";"";"TODO";"../src/Settings/OfflineMaps.SettingsGroup.json";"";".QGC.MetaData.Facts[minZoomLevelDownload].shortDesc, ";"no"
"JSON-0007";"qgc_json_uk_UA.ts";"OfflineMaps.SettingsGroup.json";"Maximum zoom level for downloads.";"";"TODO";"../src/Settings/OfflineMaps.SettingsGroup.json";"";".QGC.MetaData.Facts[maxZoomLevelDownload].shortDesc, ";"no"
"JSON-0008";"qgc_json_uk_UA.ts";"OfflineMaps.SettingsGroup.json";"Maximum number of tiles for download.";"";"TODO";"../src/Settings/OfflineMaps.SettingsGroup.json";"";".QGC.MetaData.Facts[maxTilesForDownload].shortDesc, ";"no"
"JSON-0009";"qgc_json_uk_UA.ts";"FlyView.SettingsGroup.json";"Minimum altitude for guided actions altitude slider.";"";"TODO";"../src/Settings/FlyView.SettingsGroup.json";"";".QGC.MetaData.Facts[guidedMinimumAltitude].shortDesc, ";"no"
"JSON-0010";"qgc_json_uk_UA.ts";"FlyView.SettingsGroup.json";"Maximum altitude for guided actions altitude slider.";"";"TODO";"../src/Settings/FlyView.SettingsGroup.json";"";".QGC.MetaData.Facts[guidedMaximumAltitude].shortDesc, ";"no"
"JSON-0011";"qgc_json_uk_UA.ts";"FlyView.SettingsGroup.json";"Show/Hide Log Replay status bar";"";"TODO";"../src/Settings/FlyView.SettingsGroup.json";"";".QGC.MetaData.Facts[showLogReplayStatusBar].shortDesc, ";"no"
"JSON-0012";"qgc_json_uk_UA.ts";"FlyView.SettingsGroup.json";"Show additional heading indicators on Compass";"";"TODO";"../src/Settings/FlyView.SettingsGroup.json";"";".QGC.MetaData.Facts[showAdditionalIndicatorsCompass].shortDesc, ";"no"
"JSON-0013";"qgc_json_uk_UA.ts";"FlyView.SettingsGroup.json";"Lock Compass Nose-Up";"";"TODO";"../src/Settings/FlyView.SettingsGroup.json";"";".QGC.MetaData.Facts[lockNoseUpCompass].shortDesc, ";"no"
"JSON-0014";"qgc_json_uk_UA.ts";"FlyView.SettingsGroup.json";"Keep map centered on vehicle";"";"TODO";"../src/Settings/FlyView.SettingsGroup.json";"";".QGC.MetaData.Facts[keepMapCenteredOnVehicle].shortDesc, ";"no"
"JSON-0015";"qgc_json_uk_UA.ts";"FlyView.SettingsGroup.json";"Show controls for camera triggering using MAV_CMD_DO_DIGICAM_CONTROL.";"";"TODO";"../src/Settings/FlyView.SettingsGroup.json";"";".QGC.MetaData.Facts[showSimpleCameraControl].shortDesc, ";"no"
"JSON-0016";"qgc_json_uk_UA.ts";"FlyView.SettingsGroup.json";"Show obstacle distance overlay on map and video.";"";"TODO";"../src/Settings/FlyView.SettingsGroup.json";"";".QGC.MetaData.Facts[showObstacleDistanceOverlay].shortDesc, ";"no"
"JSON-0017";"qgc_json_uk_UA.ts";"FlyView.SettingsGroup.json";"Maximum distance allowed for Go To Location.";"";"TODO";"../src/Settings/FlyView.SettingsGroup.json";"";".QGC.MetaData.Facts[maxGoToLocationDistance].shortDesc, ";"no"
"JSON-0018";"qgc_json_uk_UA.ts";"FlyView.SettingsGroup.json";"Loiter radius for orbiting the Go To Location during forward flight. This only applies if the firmware supports a radius in MAV_CMD_DO_REPOSITION commands.";"";"TODO";"../src/Settings/FlyView.SettingsGroup.json";"";".QGC.MetaData.Facts[forwardFlightGoToLocationLoiterRad].shortDesc, ";"no"
"JSON-0019";"qgc_json_uk_UA.ts";"FlyView.SettingsGroup.json";"Require slide confirmation for Go To Location when the vehicle is already in Guided mode.";"";"TODO";"../src/Settings/FlyView.SettingsGroup.json";"";".QGC.MetaData.Facts[goToLocationRequiresConfirmInGuided].shortDesc, ";"no"
"JSON-0020";"qgc_json_uk_UA.ts";"FlyView.SettingsGroup.json";"Send updated GCS' home position to autopilot in case of change of the home position";"";"TODO";"../src/Settings/FlyView.SettingsGroup.json";"";".QGC.MetaData.Facts[updateHomePosition].shortDesc, ";"no"
"JSON-0021";"qgc_json_uk_UA.ts";"FlyView.SettingsGroup.json";"Qml file for instrument panel";"";"TODO";"../src/Settings/FlyView.SettingsGroup.json";"";".QGC.MetaData.Facts[instrumentQmlFile2].shortDesc, ";"no"
"JSON-0022";"qgc_json_uk_UA.ts";"FlyView.SettingsGroup.json";"Integrated Compass & Attitude,Horizontal Compass & Attitude,Large Vertical";"";"TODO";"../src/Settings/FlyView.SettingsGroup.json";"";".QGC.MetaData.Facts[instrumentQmlFile2].enumStrings, ";"no"
"JSON-0023";"qgc_json_uk_UA.ts";"FlyView.SettingsGroup.json";"When requesting vehicle control, allow other GCS to override control automatically, or require this GCS to accept the request first.";"";"TODO";"../src/Settings/FlyView.SettingsGroup.json";"";".QGC.MetaData.Facts[requestControlAllowTakeover].shortDesc, ";"no"
"JSON-0024";"qgc_json_uk_UA.ts";"FlyView.SettingsGroup.json";"Timeout in seconds before a request to a GCS to allow takeover is assumed to be rejected. This is used to display the timeout graphically on requestor and GCS in control.";"";"TODO";"../src/Settings/FlyView.SettingsGroup.json";"";".QGC.MetaData.Facts[requestControlTimeout].shortDesc, ";"no"
"JSON-0025";"qgc_json_uk_UA.ts";"App.SettingsGroup.json";"Offline editing firmware class";"";"TODO";"../src/Settings/App.SettingsGroup.json";"";".QGC.MetaData.Facts[offlineEditingFirmwareClass].shortDesc, ";"no"
"JSON-0026";"qgc_json_uk_UA.ts";"App.SettingsGroup.json";"ArduPilot,PX4 Pro,Mavlink Generic";"";"TODO";"../src/Settings/App.SettingsGroup.json";"";".QGC.MetaData.Facts[offlineEditingFirmwareClass].enumStrings, ";"no"
"JSON-0027";"qgc_json_uk_UA.ts";"App.SettingsGroup.json";"Offline editing vehicle class";"";"TODO";"../src/Settings/App.SettingsGroup.json";"";".QGC.MetaData.Facts[offlineEditingVehicleClass].shortDesc, ";"no"
"JSON-0028";"qgc_json_uk_UA.ts";"App.SettingsGroup.json";"Fixed Wing,Multi-Rotor,VTOL,Rover,Sub,Mavlink Generic";"";"TODO";"../src/Settings/App.SettingsGroup.json";"";".QGC.MetaData.Facts[offlineEditingVehicleClass].enumStrings, ";"no"
"JSON-0029";"qgc_json_uk_UA.ts";"App.SettingsGroup.json";"Offline editing cruise speed";"";"TODO";"../src/Settings/App.SettingsGroup.json";"";".QGC.MetaData.Facts[offlineEditingCruiseSpeed].shortDesc, ";"no"
"JSON-0030";"qgc_json_uk_UA.ts";"App.SettingsGroup.json";"This value defines the default speed for calculating mission statistics for vehicles which do not support hover or VTOL vehicles in fixed wing mode. It does not modify the flight speed for a specific flight plan.";"";"TODO";"../src/Settings/App.SettingsGroup.json";"";".QGC.MetaData.Facts[offlineEditingCruiseSpeed].longDesc, ";"no"
"JSON-0031";"qgc_json_uk_UA.ts";"App.SettingsGroup.json";"Offline editing hover speed";"";"TODO";"../src/Settings/App.SettingsGroup.json";"";".QGC.MetaData.Facts[offlineEditingHoverSpeed].shortDesc, ";"no"
"JSON-0032";"qgc_json_uk_UA.ts";"App.SettingsGroup.json";"This value defines the default speed for calculating mission statistics for multi-rotor vehicles or VTOL vehicle in multi-rotor mode. It does not modify the flight speed for a specific flight plan.";"";"TODO";"../src/Settings/App.SettingsGroup.json";"";".QGC.MetaData.Facts[offlineEditingHoverSpeed].longDesc, ";"no"
"JSON-0033";"qgc_json_uk_UA.ts";"App.SettingsGroup.json";"Offline editing ascent speed";"";"TODO";"../src/Settings/App.SettingsGroup.json";"";".QGC.MetaData.Facts[offlineEditingAscentSpeed].shortDesc, ";"no"
"JSON-0034";"qgc_json_uk_UA.ts";"App.SettingsGroup.json";"This value defines the ascent speed for multi-rotor vehicles for use in calculating mission duration.";"";"TODO";"../src/Settings/App.SettingsGroup.json";"";".QGC.MetaData.Facts[offlineEditingAscentSpeed].longDesc, ";"no"
"JSON-0035";"qgc_json_uk_UA.ts";"App.SettingsGroup.json";"Offline editing descent speed";"";"TODO";"../src/Settings/App.SettingsGroup.json";"";".QGC.MetaData.Facts[offlineEditingDescentSpeed].shortDesc, ";"no"
"JSON-0036";"qgc_json_uk_UA.ts";"App.SettingsGroup.json";"This value defines the cruising speed for multi-rotor vehicles for use in calculating mission duration.";"";"TODO";"../src/Settings/App.SettingsGroup.json";"";".QGC.MetaData.Facts[offlineEditingDescentSpeed].longDesc, ";"no"
"JSON-0037";"qgc_json_uk_UA.ts";"App.SettingsGroup.json";"Announce battery remaining percent";"";"TODO";"../src/Settings/App.SettingsGroup.json";"";".QGC.MetaData.Facts[batteryPercentRemainingAnnounce].shortDesc, ";"no"
"JSON-0038";"qgc_json_uk_UA.ts";"App.SettingsGroup.json";"Announce the remaining battery percent when it falls below the specified percentage.";"";"TODO";"../src/Settings/App.SettingsGroup.json";"";".QGC.MetaData.Facts[batteryPercentRemainingAnnounce].longDesc, ";"no"
"JSON-0039";"qgc_json_uk_UA.ts";"App.SettingsGroup.json";"Default value for altitude";"";"TODO";"../src/Settings/App.SettingsGroup.json";"";".QGC.MetaData.Facts[defaultMissionItemAltitude].shortDesc, ";"no"
"JSON-0040";"qgc_json_uk_UA.ts";"App.SettingsGroup.json";"This value specifies the default altitude for new items added to a mission.";"";"TODO";"../src/Settings/App.SettingsGroup.json";"";".QGC.MetaData.Facts[defaultMissionItemAltitude].longDesc, ";"no"
"JSON-0041";"qgc_json_uk_UA.ts";"App.SettingsGroup.json";"Mute audio output";"";"TODO";"../src/Settings/App.SettingsGroup.json";"";".QGC.MetaData.Facts[audioMuted].shortDesc, ";"no"
"JSON-0042";"qgc_json_uk_UA.ts";"App.SettingsGroup.json";"If this option is enabled all audio output will be muted.";"";"TODO";"../src/Settings/App.SettingsGroup.json";"";".QGC.MetaData.Facts[audioMuted].longDesc, ";"no"
"JSON-0043";"qgc_json_uk_UA.ts";"App.SettingsGroup.json";"Show virtual joystick";"";"TODO";"../src/Settings/App.SettingsGroup.json";"";".QGC.MetaData.Facts[virtualJoystick].shortDesc, ";"no"
"JSON-0044";"qgc_json_uk_UA.ts";"App.SettingsGroup.json";"If this option is enabled the virtual joystick will be shown on the Fly view.";"";"TODO";"../src/Settings/App.SettingsGroup.json";"";".QGC.MetaData.Facts[virtualJoystick].longDesc, ";"no"
"JSON-0045";"qgc_json_uk_UA.ts";"App.SettingsGroup.json";"Auto-Center Throttle";"";"TODO";"../src/Settings/App.SettingsGroup.json";"";".QGC.MetaData.Facts[virtualJoystickAutoCenterThrottle].shortDesc, ";"no"
"JSON-0046";"qgc_json_uk_UA.ts";"App.SettingsGroup.json";"If enabled the throttle stick will snap back to center when released.";"";"TODO";"../src/Settings/App.SettingsGroup.json";"";".QGC.MetaData.Facts[virtualJoystickAutoCenterThrottle].longDesc, ";"no"
"JSON-0047";"qgc_json_uk_UA.ts";"App.SettingsGroup.json";"Left Handed Mode";"";"TODO";"../src/Settings/App.SettingsGroup.json";"";".QGC.MetaData.Facts[virtualJoystickLeftHandedMode].shortDesc, ";"no"
"JSON-0048";"qgc_json_uk_UA.ts";"App.SettingsGroup.json";"If this option is enabled the virtual joystick layout will be reversed";"";"TODO";"../src/Settings/App.SettingsGroup.json";"";".QGC.MetaData.Facts[virtualJoystickLeftHandedMode].longDesc, ";"no"
"JSON-0049";"qgc_json_uk_UA.ts";"App.SettingsGroup.json";"Video streaming debug";"";"TODO";"../src/Settings/App.SettingsGroup.json";"";".QGC.MetaData.Facts[gstDebugLevel].shortDesc, ";"no"
"JSON-0050";"qgc_json_uk_UA.ts";"App.SettingsGroup.json";"Sets the environment variable GST_DEBUG for all pipeline elements on boot.";"";"TODO";"../src/Settings/App.SettingsGroup.json";"";".QGC.MetaData.Facts[gstDebugLevel].longDesc, ";"no"
"JSON-0051";"qgc_json_uk_UA.ts";"App.SettingsGroup.json";"Disabled,Error,Warning,FixMe,Info,Debug,Log,Trace";"";"TODO";"../src/Settings/App.SettingsGroup.json";"";".QGC.MetaData.Facts[gstDebugLevel].enumStrings, ";"no"
"JSON-0052";"qgc_json_uk_UA.ts";"App.SettingsGroup.json";"Use preflight checklist";"";"TODO";"../src/Settings/App.SettingsGroup.json";"";".QGC.MetaData.Facts[useChecklist].shortDesc, ";"no"
"JSON-0053";"qgc_json_uk_UA.ts";"App.SettingsGroup.json";"If this option is enabled the preflight checklist will be used.";"";"TODO";"../src/Settings/App.SettingsGroup.json";"";".QGC.MetaData.Facts[useChecklist].longDesc, ";"no"
"JSON-0054";"qgc_json_uk_UA.ts";"App.SettingsGroup.json";"Preflight checklist must pass before arming";"";"TODO";"../src/Settings/App.SettingsGroup.json";"";".QGC.MetaData.Facts[enforceChecklist].shortDesc, ";"no"
"JSON-0055";"qgc_json_uk_UA.ts";"App.SettingsGroup.json";"If this option is enabled the preflight checklist must pass before arming.";"";"TODO";"../src/Settings/App.SettingsGroup.json";"";".QGC.MetaData.Facts[enforceChecklist].longDesc, ";"no"
"JSON-0056";"qgc_json_uk_UA.ts";"App.SettingsGroup.json";"Enable Multi-Vehicle Panel";"";"TODO";"../src/Settings/App.SettingsGroup.json";"";".QGC.MetaData.Facts[enableMultiVehiclePanel].shortDesc, ";"no"
"JSON-0057";"qgc_json_uk_UA.ts";"App.SettingsGroup.json";"Enable Multi-Vehicle Panel when multiple vehicles are connected.";"";"TODO";"../src/Settings/App.SettingsGroup.json";"";".QGC.MetaData.Facts[enableMultiVehiclePanel].longDesc, ";"no"
"JSON-0058";"qgc_json_uk_UA.ts";"App.SettingsGroup.json";"Application font size";"";"TODO";"../src/Settings/App.SettingsGroup.json";"";".QGC.MetaData.Facts[appFontPointSize].shortDesc, ";"no"
"JSON-0059";"qgc_json_uk_UA.ts";"App.SettingsGroup.json";"The point size for the default font used.";"";"TODO";"../src/Settings/App.SettingsGroup.json";"";".QGC.MetaData.Facts[appFontPointSize].longDesc, ";"no"
"JSON-0060";"qgc_json_uk_UA.ts";"App.SettingsGroup.json";"Application color scheme";"";"TODO";"../src/Settings/App.SettingsGroup.json";"";".QGC.MetaData.Facts[indoorPalette].shortDesc, ";"no"
"JSON-0061";"qgc_json_uk_UA.ts";"App.SettingsGroup.json";"The color scheme for the user interface.";"";"TODO";"../src/Settings/App.SettingsGroup.json";"";".QGC.MetaData.Facts[indoorPalette].longDesc, ";"no"
"JSON-0062";"qgc_json_uk_UA.ts";"App.SettingsGroup.json";"Indoor,Outdoor";"";"TODO";"../src/Settings/App.SettingsGroup.json";"";".QGC.MetaData.Facts[indoorPalette].enumStrings, ";"no"
"JSON-0063";"qgc_json_uk_UA.ts";"App.SettingsGroup.json";"Application save directory";"";"TODO";"../src/Settings/App.SettingsGroup.json";"";".QGC.MetaData.Facts[savePath].shortDesc, ";"no"
"JSON-0064";"qgc_json_uk_UA.ts";"App.SettingsGroup.json";"Directory to which all data files are saved/loaded from";"";"TODO";"../src/Settings/App.SettingsGroup.json";"";".QGC.MetaData.Facts[savePath].longDesc, ";"no"
"JSON-0065";"qgc_json_uk_UA.ts";"App.SettingsGroup.json";"Save to SD card";"";"TODO";"../src/Settings/App.SettingsGroup.json";"";".QGC.MetaData.Facts[androidSaveToSDCard].shortDesc, ";"no"
"JSON-0066";"qgc_json_uk_UA.ts";"App.SettingsGroup.json";"Application data is saved to the sd card";"";"TODO";"../src/Settings/App.SettingsGroup.json";"";".QGC.MetaData.Facts[androidSaveToSDCard].longDesc, ";"no"
"JSON-0067";"qgc_json_uk_UA.ts";"App.SettingsGroup.json";"Access token to Mapbox maps";"";"TODO";"../src/Settings/App.SettingsGroup.json";"";".QGC.MetaData.Facts[mapboxToken].shortDesc, ";"no"
"JSON-0068";"qgc_json_uk_UA.ts";"App.SettingsGroup.json";"Your personal access token for Mapbox maps";"";"TODO";"../src/Settings/App.SettingsGroup.json";"";".QGC.MetaData.Facts[mapboxToken].longDesc, ";"no"
"JSON-0069";"qgc_json_uk_UA.ts";"App.SettingsGroup.json";"Account name for Mapbox maps";"";"TODO";"../src/Settings/App.SettingsGroup.json";"";".QGC.MetaData.Facts[mapboxAccount].shortDesc, ";"no"
"JSON-0070";"qgc_json_uk_UA.ts";"App.SettingsGroup.json";"Your personal account name for Mapbox maps";"";"TODO";"../src/Settings/App.SettingsGroup.json";"";".QGC.MetaData.Facts[mapboxAccount].longDesc, ";"no"
"JSON-0071";"qgc_json_uk_UA.ts";"App.SettingsGroup.json";"Map style ID";"";"TODO";"../src/Settings/App.SettingsGroup.json";"";".QGC.MetaData.Facts[mapboxStyle].shortDesc, ";"no"
"JSON-0072";"qgc_json_uk_UA.ts";"App.SettingsGroup.json";"Map design style ID for Mapbox maps";"";"TODO";"../src/Settings/App.SettingsGroup.json";"";".QGC.MetaData.Facts[mapboxStyle].longDesc, ";"no"
"JSON-0073";"qgc_json_uk_UA.ts";"App.SettingsGroup.json";"Access token to Esri maps";"";"TODO";"../src/Settings/App.SettingsGroup.json";"";".QGC.MetaData.Facts[esriToken].shortDesc, ";"no"
"JSON-0074";"qgc_json_uk_UA.ts";"App.SettingsGroup.json";"Your personal access token for Esri maps";"";"TODO";"../src/Settings/App.SettingsGroup.json";"";".QGC.MetaData.Facts[esriToken].longDesc, ";"no"
"JSON-0075";"qgc_json_uk_UA.ts";"App.SettingsGroup.json";"Custom Map URL";"";"TODO";"../src/Settings/App.SettingsGroup.json";"";".QGC.MetaData.Facts[customURL].shortDesc, ";"no"
"JSON-0076";"qgc_json_uk_UA.ts";"App.SettingsGroup.json";"URL for X Y Z map with {x} {y} {z} or {zoom} substitutions. Eg: https://basemaps.linz.govt.nz/v1/tiles/aerial/EPSG:3857/{z}/{x}/{y}.png?api=d01ev80nqcjxddfvc6amyvkk1ka";"";"TODO";"../src/Settings/App.SettingsGroup.json";"";".QGC.MetaData.Facts[customURL].longDesc, ";"no"
"JSON-0077";"qgc_json_uk_UA.ts";"App.SettingsGroup.json";"VWorld Token";"";"TODO";"../src/Settings/App.SettingsGroup.json";"";".QGC.MetaData.Facts[vworldToken].shortDesc, ";"no"
"JSON-0078";"qgc_json_uk_UA.ts";"App.SettingsGroup.json";"Your personal access token for VWorld maps";"";"TODO";"../src/Settings/App.SettingsGroup.json";"";".QGC.MetaData.Facts[vworldToken].longDesc, ";"no"
"JSON-0079";"qgc_json_uk_UA.ts";"App.SettingsGroup.json";"Stream GCS' coordinates to Autopilot";"";"TODO";"../src/Settings/App.SettingsGroup.json";"";".QGC.MetaData.Facts[followTarget].shortDesc, ";"no"
"JSON-0080";"qgc_json_uk_UA.ts";"App.SettingsGroup.json";"Never,Always,When in Follow Me Flight Mode";"";"TODO";"../src/Settings/App.SettingsGroup.json";"";".QGC.MetaData.Facts[followTarget].enumStrings, ";"no"
"JSON-0081";"qgc_json_uk_UA.ts";"App.SettingsGroup.json";"Language";"";"TODO";"../src/Settings/App.SettingsGroup.json";"";".QGC.MetaData.Facts[qLocaleLanguage].shortDesc, ";"no"
"JSON-0082";"qgc_json_uk_UA.ts";"App.SettingsGroup.json";"Disable all data persistence";"";"TODO";"../src/Settings/App.SettingsGroup.json";"";".QGC.MetaData.Facts[disableAllPersistence].shortDesc, ";"no"
"JSON-0083";"qgc_json_uk_UA.ts";"App.SettingsGroup.json";"If this option is set, nothing will be saved to disk.";"";"TODO";"../src/Settings/App.SettingsGroup.json";"";".QGC.MetaData.Facts[disableAllPersistence].longDesc, ";"no"
"JSON-0084";"qgc_json_uk_UA.ts";"App.SettingsGroup.json";"Comma separated list of first run prompt ids which have already been shown.";"";"TODO";"../src/Settings/App.SettingsGroup.json";"";".QGC.MetaData.Facts[firstRunPromptIdsShown].shortDesc, ";"no"
"JSON-0085";"qgc_json_uk_UA.ts";"App.SettingsGroup.json";"AirLink User Name";"";"TODO";"../src/Settings/App.SettingsGroup.json";"";".QGC.MetaData.Facts[loginAirLink].shortDesc, ";"no"
"JSON-0086";"qgc_json_uk_UA.ts";"App.SettingsGroup.json";"AirLink Password";"";"TODO";"../src/Settings/App.SettingsGroup.json";"";".QGC.MetaData.Facts[passAirLink].shortDesc, ";"no"
"JSON-0087";"qgc_json_uk_UA.ts";"MavlinkActions.SettingsGroup.json";"Name of JSON custom actions file for Fly View";"";"TODO";"../src/Settings/MavlinkActions.SettingsGroup.json";"";".QGC.MetaData.Facts[flyViewActionsFile].shortDesc, ";"no"
"JSON-0088";"qgc_json_uk_UA.ts";"MavlinkActions.SettingsGroup.json";"Name of JSON custom actions file for Joysticks";"";"TODO";"../src/Settings/MavlinkActions.SettingsGroup.json";"";".QGC.MetaData.Facts[joystickActionsFile].shortDesc, ";"no"
"JSON-0089";"qgc_json_uk_UA.ts";"FirmwareUpgrade.SettingsGroup.json";"Default firmware type for flashing";"";"TODO";"../src/Settings/FirmwareUpgrade.SettingsGroup.json";"";".QGC.MetaData.Facts[defaultFirmwareType].shortDesc, ";"no"
"JSON-0090";"qgc_json_uk_UA.ts";"FirmwareUpgrade.SettingsGroup.json";"ChibiOS,NuttX";"";"TODO";"../src/Settings/FirmwareUpgrade.SettingsGroup.json";"";".QGC.MetaData.Facts[apmChibiOS].enumStrings, ";"no"
"JSON-0091";"qgc_json_uk_UA.ts";"FirmwareUpgrade.SettingsGroup.json";"Multi-Rotor,Helicopter,Plane,Rover,Sub";"";"TODO";"../src/Settings/FirmwareUpgrade.SettingsGroup.json";"";".QGC.MetaData.Facts[apmVehicleType].enumStrings, ";"no"
"JSON-0092";"qgc_json_uk_UA.ts";"BrandImage.SettingsGroup.json";"User-selected brand image";"";"TODO";"../src/Settings/BrandImage.SettingsGroup.json";"";".QGC.MetaData.Facts[userBrandImageIndoor].shortDesc, .QGC.MetaData.Facts[userBrandImageOutdoor].shortDesc, ";"no"
"JSON-0093";"qgc_json_uk_UA.ts";"BrandImage.SettingsGroup.json";"Location in file system of user-selected brand image (indoor)";"";"TODO";"../src/Settings/BrandImage.SettingsGroup.json";"";".QGC.MetaData.Facts[userBrandImageIndoor].longDesc, ";"no"
"JSON-0094";"qgc_json_uk_UA.ts";"BrandImage.SettingsGroup.json";"Location in file system of user-selected brand image (outdoor)";"";"TODO";"../src/Settings/BrandImage.SettingsGroup.json";"";".QGC.MetaData.Facts[userBrandImageOutdoor].longDesc, ";"no"
"JSON-0095";"qgc_json_uk_UA.ts";"FlightMode.SettingsGroup.json";"Comma separated list of hidden flight modes";"";"TODO";"../src/Settings/FlightMode.SettingsGroup.json";"";".QGC.MetaData.Facts[px4HiddenFlightModes].shortDesc, ";"no"
"JSON-0096";"qgc_json_uk_UA.ts";"FlightMode.SettingsGroup.json";"Comma separated list of hidden flight modes for MultiRotor";"";"TODO";"../src/Settings/FlightMode.SettingsGroup.json";"";".QGC.MetaData.Facts[px4HiddenFlightModesMultiRotor].shortDesc, .QGC.MetaData.Facts[apmHiddenFlightModesMultiRotor].shortDesc, ";"no"
"JSON-0097";"qgc_json_uk_UA.ts";"FlightMode.SettingsGroup.json";"Comma separated list of hidden flight modes for FixedWing";"";"TODO";"../src/Settings/FlightMode.SettingsGroup.json";"";".QGC.MetaData.Facts[px4HiddenFlightModesFixedWing].shortDesc, .QGC.MetaData.Facts[apmHiddenFlightModesFixedWing].shortDesc, ";"no"
"JSON-0098";"qgc_json_uk_UA.ts";"FlightMode.SettingsGroup.json";"Comma separated list of hidden flight modes for VTOL";"";"TODO";"../src/Settings/FlightMode.SettingsGroup.json";"";".QGC.MetaData.Facts[px4HiddenFlightModesVTOL].shortDesc, .QGC.MetaData.Facts[apmHiddenFlightModesVTOL].shortDesc, ";"no"
"JSON-0099";"qgc_json_uk_UA.ts";"FlightMode.SettingsGroup.json";"Comma separated list of hidden flight modes for RoverBoat";"";"TODO";"../src/Settings/FlightMode.SettingsGroup.json";"";".QGC.MetaData.Facts[px4HiddenFlightModesRoverBoat].shortDesc, .QGC.MetaData.Facts[apmHiddenFlightModesRoverBoat].shortDesc, ";"no"
"JSON-0100";"qgc_json_uk_UA.ts";"FlightMode.SettingsGroup.json";"Comma separated list of hidden flight modes for Sub";"";"TODO";"../src/Settings/FlightMode.SettingsGroup.json";"";".QGC.MetaData.Facts[px4HiddenFlightModesSub].shortDesc, .QGC.MetaData.Facts[apmHiddenFlightModesSub].shortDesc, ";"no"
"JSON-0101";"qgc_json_uk_UA.ts";"FlightMode.SettingsGroup.json";"Comma separated list of hidden flight modes for Airship";"";"TODO";"../src/Settings/FlightMode.SettingsGroup.json";"";".QGC.MetaData.Facts[px4HiddenFlightModesAirship].shortDesc, .QGC.MetaData.Facts[apmHiddenFlightModesAirship].shortDesc, ";"no"
"JSON-0102";"qgc_json_uk_UA.ts";"RTK.SettingsGroup.json";"Survey in accuracy (U-blox only)";"";"TODO";"../src/Settings/RTK.SettingsGroup.json";"";".QGC.MetaData.Facts[surveyInAccuracyLimit].shortDesc, ";"no"
"JSON-0103";"qgc_json_uk_UA.ts";"RTK.SettingsGroup.json";"The minimum accuracy value that Survey-In must achieve before it can complete.";"";"TODO";"../src/Settings/RTK.SettingsGroup.json";"";".QGC.MetaData.Facts[surveyInAccuracyLimit].longDesc, ";"no"
"JSON-0104";"qgc_json_uk_UA.ts";"RTK.SettingsGroup.json";"Min observation time";"";"TODO";"../src/Settings/RTK.SettingsGroup.json";"";".QGC.MetaData.Facts[surveyInMinObservationDuration].shortDesc, ";"no"
"JSON-0105";"qgc_json_uk_UA.ts";"RTK.SettingsGroup.json";"Defines the minimum amount of observation time for the position calculation.";"";"TODO";"../src/Settings/RTK.SettingsGroup.json";"";".QGC.MetaData.Facts[surveyInMinObservationDuration].longDesc, ";"no"
"JSON-0106";"qgc_json_uk_UA.ts";"RTK.SettingsGroup.json";"Use specified base position";"";"TODO";"../src/Settings/RTK.SettingsGroup.json";"";".QGC.MetaData.Facts[useFixedBasePosition].shortDesc, ";"no"
"JSON-0107";"qgc_json_uk_UA.ts";"RTK.SettingsGroup.json";"Specify the values for the RTK base position without having to do a survey in.";"";"TODO";"../src/Settings/RTK.SettingsGroup.json";"";".QGC.MetaData.Facts[useFixedBasePosition].longDesc, ";"no"
"JSON-0108";"qgc_json_uk_UA.ts";"RTK.SettingsGroup.json";"Base Position Latitude";"";"TODO";"../src/Settings/RTK.SettingsGroup.json";"";".QGC.MetaData.Facts[fixedBasePositionLatitude].shortDesc, ";"no"
"JSON-0109";"qgc_json_uk_UA.ts";"RTK.SettingsGroup.json";"Defines the latitude of the fixed RTK base position.";"";"TODO";"../src/Settings/RTK.SettingsGroup.json";"";".QGC.MetaData.Facts[fixedBasePositionLatitude].longDesc, ";"no"
"JSON-0110";"qgc_json_uk_UA.ts";"RTK.SettingsGroup.json";"Base Position Longitude";"";"TODO";"../src/Settings/RTK.SettingsGroup.json";"";".QGC.MetaData.Facts[fixedBasePositionLongitude].shortDesc, ";"no"
"JSON-0111";"qgc_json_uk_UA.ts";"RTK.SettingsGroup.json";"Defines the longitude of the fixed RTK base position.";"";"TODO";"../src/Settings/RTK.SettingsGroup.json";"";".QGC.MetaData.Facts[fixedBasePositionLongitude].longDesc, ";"no"
"JSON-0112";"qgc_json_uk_UA.ts";"RTK.SettingsGroup.json";"Base Position Alt (WGS84)";"";"TODO";"../src/Settings/RTK.SettingsGroup.json";"";".QGC.MetaData.Facts[fixedBasePositionAltitude].shortDesc, ";"no"
"JSON-0113";"qgc_json_uk_UA.ts";"RTK.SettingsGroup.json";"Defines the altitude of the fixed RTK base position.";"";"TODO";"../src/Settings/RTK.SettingsGroup.json";"";".QGC.MetaData.Facts[fixedBasePositionAltitude].longDesc, ";"no"
"JSON-0114";"qgc_json_uk_UA.ts";"RTK.SettingsGroup.json";"Base Position Accuracy";"";"TODO";"../src/Settings/RTK.SettingsGroup.json";"";".QGC.MetaData.Facts[fixedBasePositionAccuracy].shortDesc, ";"no"
"JSON-0115";"qgc_json_uk_UA.ts";"RTK.SettingsGroup.json";"Defines the accuracy of the fixed RTK base position.";"";"TODO";"../src/Settings/RTK.SettingsGroup.json";"";".QGC.MetaData.Facts[fixedBasePositionAccuracy].longDesc, ";"no"
"JSON-0116";"qgc_json_uk_UA.ts";"APMMavlinkStreamRate.SettingsGroup.json";"Controlled By Vehicle,0 hz,1 hz,2 hz,3 hz,4 hz,5 hz,6 hz,7 hz,8 hz,9 hz,10 hz,50 hz,100 hz";"";"TODO";"../src/Settings/APMMavlinkStreamRate.SettingsGroup.json";"";".QGC.MetaData.Defines.StreamRateEnumStrings, ";"no"
"JSON-0117";"qgc_json_uk_UA.ts";"FlightMap.SettingsGroup.json";"Currently selected map provider for flight maps";"";"TODO";"../src/Settings/FlightMap.SettingsGroup.json";"";".QGC.MetaData.Facts[mapProvider].shortDesc, ";"no"
"JSON-0118";"qgc_json_uk_UA.ts";"FlightMap.SettingsGroup.json";"Currently selected map type for flight maps";"";"TODO";"../src/Settings/FlightMap.SettingsGroup.json";"";".QGC.MetaData.Facts[mapType].shortDesc, ";"no"
"JSON-0119";"qgc_json_uk_UA.ts";"FlightMap.SettingsGroup.json";"Currently selected elevation map provider";"";"TODO";"../src/Settings/FlightMap.SettingsGroup.json";"";".QGC.MetaData.Facts[elevationMapProvider].shortDesc, ";"no"
"JSON-0120";"qgc_json_uk_UA.ts";"AutoConnect.SettingsGroup.json";"Automatically open a connection over UDP";"";"TODO";"../src/Settings/AutoConnect.SettingsGroup.json";"";".QGC.MetaData.Facts[autoConnectUDP].shortDesc, ";"no"
"JSON-0121";"qgc_json_uk_UA.ts";"AutoConnect.SettingsGroup.json";"If this option is enabled GroundControl will automatically connect to a vehicle which is detected on a UDP communication link.";"";"TODO";"../src/Settings/AutoConnect.SettingsGroup.json";"";".QGC.MetaData.Facts[autoConnectUDP].longDesc, ";"no"
"JSON-0122";"qgc_json_uk_UA.ts";"AutoConnect.SettingsGroup.json";"Automatically connect to a Pixhawk board";"";"TODO";"../src/Settings/AutoConnect.SettingsGroup.json";"";".QGC.MetaData.Facts[autoConnectPixhawk].shortDesc, ";"no"
"JSON-0123";"qgc_json_uk_UA.ts";"AutoConnect.SettingsGroup.json";"If this option is enabled GroundControl will automatically connect to a Pixhawk board which is connected via USB.";"";"TODO";"../src/Settings/AutoConnect.SettingsGroup.json";"";".QGC.MetaData.Facts[autoConnectPixhawk].longDesc, ";"no"
"JSON-0124";"qgc_json_uk_UA.ts";"AutoConnect.SettingsGroup.json";"Automatically connect to a SiK Radio";"";"TODO";"../src/Settings/AutoConnect.SettingsGroup.json";"";".QGC.MetaData.Facts[autoConnectSiKRadio].shortDesc, ";"no"
"JSON-0125";"qgc_json_uk_UA.ts";"AutoConnect.SettingsGroup.json";"If this option is enabled GroundControl will automatically connect to a vehicle which is detected on a SiK Radio communication link.";"";"TODO";"../src/Settings/AutoConnect.SettingsGroup.json";"";".QGC.MetaData.Facts[autoConnectSiKRadio].longDesc, ";"no"
"JSON-0126";"qgc_json_uk_UA.ts";"AutoConnect.SettingsGroup.json";"Automatically connect to an RTK GPS";"";"TODO";"../src/Settings/AutoConnect.SettingsGroup.json";"";".QGC.MetaData.Facts[autoConnectRTKGPS].shortDesc, ";"no"
"JSON-0127";"qgc_json_uk_UA.ts";"AutoConnect.SettingsGroup.json";"If this option is enabled GroundControl will automatically connect to an RTK GPS which is connected via USB.";"";"TODO";"../src/Settings/AutoConnect.SettingsGroup.json";"";".QGC.MetaData.Facts[autoConnectRTKGPS].longDesc, ";"no"
"JSON-0128";"qgc_json_uk_UA.ts";"AutoConnect.SettingsGroup.json";"Automatically connect to a LibrePilot";"";"TODO";"../src/Settings/AutoConnect.SettingsGroup.json";"";".QGC.MetaData.Facts[autoConnectLibrePilot].shortDesc, ";"no"
"JSON-0129";"qgc_json_uk_UA.ts";"AutoConnect.SettingsGroup.json";"If this option is enabled GroundControl will automatically connect to a LibrePilot board which is connected via USB.";"";"TODO";"../src/Settings/AutoConnect.SettingsGroup.json";"";".QGC.MetaData.Facts[autoConnectLibrePilot].longDesc, ";"no"
"JSON-0130";"qgc_json_uk_UA.ts";"AutoConnect.SettingsGroup.json";"NMEA GPS device for GCS position";"";"TODO";"../src/Settings/AutoConnect.SettingsGroup.json";"";".QGC.MetaData.Facts[autoConnectNmeaPort].shortDesc, .QGC.MetaData.Facts[autoConnectNmeaPort].longDesc, ";"no"
"JSON-0131";"qgc_json_uk_UA.ts";"AutoConnect.SettingsGroup.json";"NMEA GPS Baudrate";"";"TODO";"../src/Settings/AutoConnect.SettingsGroup.json";"";".QGC.MetaData.Facts[autoConnectNmeaBaud].shortDesc, .QGC.MetaData.Facts[autoConnectNmeaBaud].longDesc, ";"no"
"JSON-0132";"qgc_json_uk_UA.ts";"AutoConnect.SettingsGroup.json";"Automatically open a connection with Zero-Conf";"";"TODO";"../src/Settings/AutoConnect.SettingsGroup.json";"";".QGC.MetaData.Facts[autoConnectZeroConf].shortDesc, ";"no"
"JSON-0133";"qgc_json_uk_UA.ts";"AutoConnect.SettingsGroup.json";"If this option is enabled GroundControl will automatically connect to a vehicle which is detected over Zero-Conf.";"";"TODO";"../src/Settings/AutoConnect.SettingsGroup.json";"";".QGC.MetaData.Facts[autoConnectZeroConf].longDesc, ";"no"
"JSON-0134";"qgc_json_uk_UA.ts";"AutoConnect.SettingsGroup.json";"UDP port for autoconnect";"";"TODO";"../src/Settings/AutoConnect.SettingsGroup.json";"";".QGC.MetaData.Facts[udpListenPort].shortDesc, ";"no"
"JSON-0135";"qgc_json_uk_UA.ts";"AutoConnect.SettingsGroup.json";"UDP target host IP for autoconnect";"";"TODO";"../src/Settings/AutoConnect.SettingsGroup.json";"";".QGC.MetaData.Facts[udpTargetHostIP].shortDesc, ";"no"
"JSON-0136";"qgc_json_uk_UA.ts";"AutoConnect.SettingsGroup.json";"UDP target host port for autoconnect";"";"TODO";"../src/Settings/AutoConnect.SettingsGroup.json";"";".QGC.MetaData.Facts[udpTargetHostPort].shortDesc, ";"no"
"JSON-0137";"qgc_json_uk_UA.ts";"AutoConnect.SettingsGroup.json";"Udp port to receive NMEA streams";"";"TODO";"../src/Settings/AutoConnect.SettingsGroup.json";"";".QGC.MetaData.Facts[nmeaUdpPort].shortDesc, ";"no"
"JSON-0138";"qgc_json_uk_UA.ts";"Viewer3D.SettingsGroup.json";"Enable the 3D viewer";"";"TODO";"../src/Settings/Viewer3D.SettingsGroup.json";"";".QGC.MetaData.Facts[enabled].shortDesc, ";"no"
"JSON-0139";"qgc_json_uk_UA.ts";"Viewer3D.SettingsGroup.json";"Path to the OSM file for the 3D viewer.";"";"TODO";"../src/Settings/Viewer3D.SettingsGroup.json";"";".QGC.MetaData.Facts[osmFilePath].shortDesc, ";"no"
"JSON-0140";"qgc_json_uk_UA.ts";"Viewer3D.SettingsGroup.json";"Average Height for each level of the buildings";"";"TODO";"../src/Settings/Viewer3D.SettingsGroup.json";"";".QGC.MetaData.Facts[buildingLevelHeight].shortDesc, ";"no"
"JSON-0141";"qgc_json_uk_UA.ts";"Viewer3D.SettingsGroup.json";"Altitude bias for vehicles in the 3D View";"";"TODO";"../src/Settings/Viewer3D.SettingsGroup.json";"";".QGC.MetaData.Facts[altitudeBias].shortDesc, ";"no"
"JSON-0142";"qgc_json_uk_UA.ts";"Maps.SettingsGroup.json";"Max disk cache";"";"TODO";"../src/Settings/Maps.SettingsGroup.json";"";".QGC.MetaData.Facts[maxCacheDiskSize].shortDesc, ";"no"
"JSON-0143";"qgc_json_uk_UA.ts";"Maps.SettingsGroup.json";"Max memory cache";"";"TODO";"../src/Settings/Maps.SettingsGroup.json";"";".QGC.MetaData.Facts[maxCacheMemorySize].shortDesc, ";"no"
"JSON-0144";"qgc_json_uk_UA.ts";"BatteryIndicator.SettingsGroup.json";"Select values to display in indicator";"";"TODO";"../src/Settings/BatteryIndicator.SettingsGroup.json";"";".QGC.MetaData.Facts[valueDisplay].shortDesc, ";"no"
"JSON-0145";"qgc_json_uk_UA.ts";"BatteryIndicator.SettingsGroup.json";"Percentage,Voltage,Percentage and Voltage";"";"TODO";"../src/Settings/BatteryIndicator.SettingsGroup.json";"";".QGC.MetaData.Facts[valueDisplay].enumStrings, ";"no"
"JSON-0146";"qgc_json_uk_UA.ts";"BatteryIndicator.SettingsGroup.json";"Battery level threshold 1";"";"TODO";"../src/Settings/BatteryIndicator.SettingsGroup.json";"";".QGC.MetaData.Facts[threshold1].shortDesc, ";"no"
"JSON-0147";"qgc_json_uk_UA.ts";"BatteryIndicator.SettingsGroup.json";"Battery level threshold 2";"";"TODO";"../src/Settings/BatteryIndicator.SettingsGroup.json";"";".QGC.MetaData.Facts[threshold2].shortDesc, ";"no"
"JSON-0148";"qgc_json_uk_UA.ts";"Mavlink.SettingsGroup.json";"Save telemetry Log after each flight";"";"TODO";"../src/Settings/Mavlink.SettingsGroup.json";"";".QGC.MetaData.Facts[telemetrySave].shortDesc, ";"no"
"JSON-0149";"qgc_json_uk_UA.ts";"Mavlink.SettingsGroup.json";"If this option is enabled a telemetry will be saved after each flight completes.";"";"TODO";"../src/Settings/Mavlink.SettingsGroup.json";"";".QGC.MetaData.Facts[telemetrySave].longDesc, ";"no"
"JSON-0150";"qgc_json_uk_UA.ts";"Mavlink.SettingsGroup.json";"Save telemetry log even if vehicle was not armed";"";"TODO";"../src/Settings/Mavlink.SettingsGroup.json";"";".QGC.MetaData.Facts[telemetrySaveNotArmed].shortDesc, ";"no"
"JSON-0151";"qgc_json_uk_UA.ts";"Mavlink.SettingsGroup.json";"If this option is enabled a telemtry log will be saved even if vehicle was never armed.";"";"TODO";"../src/Settings/Mavlink.SettingsGroup.json";"";".QGC.MetaData.Facts[telemetrySaveNotArmed].longDesc, ";"no"
"JSON-0152";"qgc_json_uk_UA.ts";"Mavlink.SettingsGroup.json";"Request start of MAVLink telemetry streams (ArduPilot only)";"";"TODO";"../src/Settings/Mavlink.SettingsGroup.json";"";".QGC.MetaData.Facts[apmStartMavlinkStreams].shortDesc, ";"no"
"JSON-0153";"qgc_json_uk_UA.ts";"Mavlink.SettingsGroup.json";"Save CSV Telementry Logs";"";"TODO";"../src/Settings/Mavlink.SettingsGroup.json";"";".QGC.MetaData.Facts[saveCsvTelemetry].shortDesc, ";"no"
"JSON-0154";"qgc_json_uk_UA.ts";"Mavlink.SettingsGroup.json";"If this option is enabled, all Facts will be written to a CSV file with a 1 Hertz frequency.";"";"TODO";"../src/Settings/Mavlink.SettingsGroup.json";"";".QGC.MetaData.Facts[saveCsvTelemetry].longDesc, ";"no"
"JSON-0155";"qgc_json_uk_UA.ts";"Mavlink.SettingsGroup.json";"Enable mavlink forwarding";"";"TODO";"../src/Settings/Mavlink.SettingsGroup.json";"";".QGC.MetaData.Facts[forwardMavlink].shortDesc, .QGC.MetaData.Facts[forwardMavlink].longDesc, ";"no"
"JSON-0156";"qgc_json_uk_UA.ts";"Mavlink.SettingsGroup.json";"Host name";"";"TODO";"../src/Settings/Mavlink.SettingsGroup.json";"";".QGC.MetaData.Facts[forwardMavlinkHostName].shortDesc, ";"no"
"JSON-0157";"qgc_json_uk_UA.ts";"Mavlink.SettingsGroup.json";"Host name to forward mavlink to. i.e: localhost:14445";"";"TODO";"../src/Settings/Mavlink.SettingsGroup.json";"";".QGC.MetaData.Facts[forwardMavlinkHostName].longDesc, ";"no"
"JSON-0158";"qgc_json_uk_UA.ts";"Mavlink.SettingsGroup.json";"Ardupilot Support Host name";"";"TODO";"../src/Settings/Mavlink.SettingsGroup.json";"";".QGC.MetaData.Facts[forwardMavlinkAPMSupportHostName].shortDesc, ";"no"
"JSON-0159";"qgc_json_uk_UA.ts";"Mavlink.SettingsGroup.json";"Ardupilot Support server to forward mavlink to. i.e: support.ardupilot.org:xxxx";"";"TODO";"../src/Settings/Mavlink.SettingsGroup.json";"";".QGC.MetaData.Facts[forwardMavlinkAPMSupportHostName].longDesc, ";"no"
"JSON-0160";"qgc_json_uk_UA.ts";"Mavlink.SettingsGroup.json";"MAVLink 2.0 signing key";"";"TODO";"../src/Settings/Mavlink.SettingsGroup.json";"";".QGC.MetaData.Facts[mavlink2SigningKey].shortDesc, ";"no"
"JSON-0161";"qgc_json_uk_UA.ts";"Mavlink.SettingsGroup.json";"Send GCS Heartbeat";"";"TODO";"../src/Settings/Mavlink.SettingsGroup.json";"";".QGC.MetaData.Facts[sendGCSHeartbeat].shortDesc, ";"no"
"JSON-0162";"qgc_json_uk_UA.ts";"Mavlink.SettingsGroup.json";"GCS MAVLink System ID";"";"TODO";"../src/Settings/Mavlink.SettingsGroup.json";"";".QGC.MetaData.Facts[gcsMavlinkSystemID].shortDesc, ";"no"
"JSON-0163";"qgc_json_uk_UA.ts";"Video.SettingsGroup.json";"Video source";"";"TODO";"../src/Settings/Video.SettingsGroup.json";"";".QGC.MetaData.Facts[videoSource].shortDesc, ";"no"
"JSON-0164";"qgc_json_uk_UA.ts";"Video.SettingsGroup.json";"Source for video. UDP, TCP, RTSP and UVC Cameras may be supported depending on Vehicle and ground station version.";"";"TODO";"../src/Settings/Video.SettingsGroup.json";"";".QGC.MetaData.Facts[videoSource].longDesc, ";"no"
"JSON-0165";"qgc_json_uk_UA.ts";"Video.SettingsGroup.json";"Video UDP Url";"";"TODO";"../src/Settings/Video.SettingsGroup.json";"";".QGC.MetaData.Facts[udpUrl].shortDesc, ";"no"
"JSON-0166";"qgc_json_uk_UA.ts";"Video.SettingsGroup.json";"UDP url address and port to bind to for video stream. Example: 0.0.0.0:5600";"";"TODO";"../src/Settings/Video.SettingsGroup.json";"";".QGC.MetaData.Facts[udpUrl].longDesc, ";"no"
"JSON-0167";"qgc_json_uk_UA.ts";"Video.SettingsGroup.json";"Video RTSP Url";"";"TODO";"../src/Settings/Video.SettingsGroup.json";"";".QGC.MetaData.Facts[rtspUrl].shortDesc, ";"no"
"JSON-0168";"qgc_json_uk_UA.ts";"Video.SettingsGroup.json";"RTSP url address and port to bind to for video stream. Example: rtsp://192.168.42.1:554/live";"";"TODO";"../src/Settings/Video.SettingsGroup.json";"";".QGC.MetaData.Facts[rtspUrl].longDesc, ";"no"
"JSON-0169";"qgc_json_uk_UA.ts";"Video.SettingsGroup.json";"Video TCP Url";"";"TODO";"../src/Settings/Video.SettingsGroup.json";"";".QGC.MetaData.Facts[tcpUrl].shortDesc, ";"no"
"JSON-0170";"qgc_json_uk_UA.ts";"Video.SettingsGroup.json";"TCP url address and port to bind to for video stream. Example: 192.168.143.200:3001";"";"TODO";"../src/Settings/Video.SettingsGroup.json";"";".QGC.MetaData.Facts[tcpUrl].longDesc, ";"no"
"JSON-0171";"qgc_json_uk_UA.ts";"Video.SettingsGroup.json";"Video save directory";"";"TODO";"../src/Settings/Video.SettingsGroup.json";"";".QGC.MetaData.Facts[videoSavePath].shortDesc, ";"no"
"JSON-0172";"qgc_json_uk_UA.ts";"Video.SettingsGroup.json";"Directory to save videos to.";"";"TODO";"../src/Settings/Video.SettingsGroup.json";"";".QGC.MetaData.Facts[videoSavePath].longDesc, ";"no"
"JSON-0173";"qgc_json_uk_UA.ts";"Video.SettingsGroup.json";"Video Aspect Ratio";"";"TODO";"../src/Settings/Video.SettingsGroup.json";"";".QGC.MetaData.Facts[aspectRatio].shortDesc, ";"no"
"JSON-0174";"qgc_json_uk_UA.ts";"Video.SettingsGroup.json";"Video Aspect Ratio (width / height). Use 0.0 to ignore it.";"";"TODO";"../src/Settings/Video.SettingsGroup.json";"";".QGC.MetaData.Facts[aspectRatio].longDesc, ";"no"
"JSON-0175";"qgc_json_uk_UA.ts";"Video.SettingsGroup.json";"Video Grid Lines";"";"TODO";"../src/Settings/Video.SettingsGroup.json";"";".QGC.MetaData.Facts[gridLines].shortDesc, ";"no"
"JSON-0176";"qgc_json_uk_UA.ts";"Video.SettingsGroup.json";"Displays a grid overlaid over the video view.";"";"TODO";"../src/Settings/Video.SettingsGroup.json";"";".QGC.MetaData.Facts[gridLines].longDesc, ";"no"
"JSON-0177";"qgc_json_uk_UA.ts";"Video.SettingsGroup.json";"Video Display Fit";"";"TODO";"../src/Settings/Video.SettingsGroup.json";"";".QGC.MetaData.Facts[videoFit].shortDesc, ";"no"
"JSON-0178";"qgc_json_uk_UA.ts";"Video.SettingsGroup.json";"Handle Video Aspect Ratio.";"";"TODO";"../src/Settings/Video.SettingsGroup.json";"";".QGC.MetaData.Facts[videoFit].longDesc, ";"no"
"JSON-0179";"qgc_json_uk_UA.ts";"Video.SettingsGroup.json";"Fit Width,Fit Height,Fill,No Crop";"";"TODO";"../src/Settings/Video.SettingsGroup.json";"";".QGC.MetaData.Facts[videoFit].enumStrings, ";"no"
"JSON-0180";"qgc_json_uk_UA.ts";"Video.SettingsGroup.json";"Show Video Record Control";"";"TODO";"../src/Settings/Video.SettingsGroup.json";"";".QGC.MetaData.Facts[showRecControl].shortDesc, ";"no"
"JSON-0181";"qgc_json_uk_UA.ts";"Video.SettingsGroup.json";"Show recording control in the UI.";"";"TODO";"../src/Settings/Video.SettingsGroup.json";"";".QGC.MetaData.Facts[showRecControl].longDesc, ";"no"
"JSON-0182";"qgc_json_uk_UA.ts";"Video.SettingsGroup.json";"Video Recording Format";"";"TODO";"../src/Settings/Video.SettingsGroup.json";"";".QGC.MetaData.Facts[recordingFormat].shortDesc, ";"no"
"JSON-0183";"qgc_json_uk_UA.ts";"Video.SettingsGroup.json";"Video recording file format.";"";"TODO";"../src/Settings/Video.SettingsGroup.json";"";".QGC.MetaData.Facts[recordingFormat].longDesc, ";"no"
"JSON-0184";"qgc_json_uk_UA.ts";"Video.SettingsGroup.json";"mkv,mov,mp4";"";"TODO";"../src/Settings/Video.SettingsGroup.json";"";".QGC.MetaData.Facts[recordingFormat].enumStrings, ";"no"
"JSON-0185";"qgc_json_uk_UA.ts";"Video.SettingsGroup.json";"Max Video Storage Usage";"";"TODO";"../src/Settings/Video.SettingsGroup.json";"";".QGC.MetaData.Facts[maxVideoSize].shortDesc, ";"no"
"JSON-0186";"qgc_json_uk_UA.ts";"Video.SettingsGroup.json";"Maximum amount of disk space used by video recording.";"";"TODO";"../src/Settings/Video.SettingsGroup.json";"";".QGC.MetaData.Facts[maxVideoSize].longDesc, ";"no"
"JSON-0187";"qgc_json_uk_UA.ts";"Video.SettingsGroup.json";"Enable/Disable Limits on Storage Usage";"";"TODO";"../src/Settings/Video.SettingsGroup.json";"";".QGC.MetaData.Facts[enableStorageLimit].shortDesc, ";"no"
"JSON-0188";"qgc_json_uk_UA.ts";"Video.SettingsGroup.json";"When enabled, old video files will be auto-deleted when the total size of QGC-recorded video exceeds the maximum video storage usage.";"";"TODO";"../src/Settings/Video.SettingsGroup.json";"";".QGC.MetaData.Facts[enableStorageLimit].longDesc, ";"no"
"JSON-0189";"qgc_json_uk_UA.ts";"Video.SettingsGroup.json";"RTSP Video Timeout";"";"TODO";"../src/Settings/Video.SettingsGroup.json";"";".QGC.MetaData.Facts[rtspTimeout].shortDesc, ";"no"
"JSON-0190";"qgc_json_uk_UA.ts";"Video.SettingsGroup.json";"How long to wait before assuming RTSP link is gone.";"";"TODO";"../src/Settings/Video.SettingsGroup.json";"";".QGC.MetaData.Facts[rtspTimeout].longDesc, ";"no"
"JSON-0191";"qgc_json_uk_UA.ts";"Video.SettingsGroup.json";"Video Stream Enabled";"";"TODO";"../src/Settings/Video.SettingsGroup.json";"";".QGC.MetaData.Facts[streamEnabled].shortDesc, ";"no"
"JSON-0192";"qgc_json_uk_UA.ts";"Video.SettingsGroup.json";"Start/Stop Video Stream.";"";"TODO";"../src/Settings/Video.SettingsGroup.json";"";".QGC.MetaData.Facts[streamEnabled].longDesc, ";"no"
"JSON-0193";"qgc_json_uk_UA.ts";"Video.SettingsGroup.json";"Video Stream Disnabled When Armed";"";"TODO";"../src/Settings/Video.SettingsGroup.json";"";".QGC.MetaData.Facts[disableWhenDisarmed].shortDesc, ";"no"
"JSON-0194";"qgc_json_uk_UA.ts";"Video.SettingsGroup.json";"Disable Video Stream when disarmed.";"";"TODO";"../src/Settings/Video.SettingsGroup.json";"";".QGC.MetaData.Facts[disableWhenDisarmed].longDesc, ";"no"
"JSON-0195";"qgc_json_uk_UA.ts";"Video.SettingsGroup.json";"Tweaks video for lower latency";"";"TODO";"../src/Settings/Video.SettingsGroup.json";"";".QGC.MetaData.Facts[lowLatencyMode].shortDesc, ";"no"
"JSON-0196";"qgc_json_uk_UA.ts";"Video.SettingsGroup.json";"If this option is enabled, the rtpjitterbuffer is removed and the video sink is set to assynchronous mode, reducing the latency by about 200 ms.";"";"TODO";"../src/Settings/Video.SettingsGroup.json";"";".QGC.MetaData.Facts[lowLatencyMode].longDesc, ";"no"
"JSON-0197";"qgc_json_uk_UA.ts";"Video.SettingsGroup.json";"Force specific category of video decode";"";"TODO";"../src/Settings/Video.SettingsGroup.json";"";".QGC.MetaData.Facts[forceVideoDecoder].shortDesc, ";"no"
"JSON-0198";"qgc_json_uk_UA.ts";"Video.SettingsGroup.json";"Force the change of prioritization between video decode methods, allowing the user to force some video hardware decode plugins if necessary.";"";"TODO";"../src/Settings/Video.SettingsGroup.json";"";".QGC.MetaData.Facts[forceVideoDecoder].longDesc, ";"no"
"JSON-0199";"qgc_json_uk_UA.ts";"Video.SettingsGroup.json";"Default,Force software decoder,Force NVIDIA decoder,Force VA-API decoder,Force DirectX3D 11 decoder,Force VideoToolbox decoder,Force Intel decoder,Force Vulkan decoder";"";"TODO";"../src/Settings/Video.SettingsGroup.json";"";".QGC.MetaData.Facts[forceVideoDecoder].enumStrings, ";"no"
"JSON-0200";"qgc_json_uk_UA.ts";"RemoteID.SettingsGroup.json";"Operator ID";"";"TODO";"../src/Settings/RemoteID.SettingsGroup.json";"";".QGC.MetaData.Facts[operatorID].shortDesc, ";"no"
"JSON-0201";"qgc_json_uk_UA.ts";"RemoteID.SettingsGroup.json";"Operator ID. Maximum 20 characters.";"";"TODO";"../src/Settings/RemoteID.SettingsGroup.json";"";".QGC.MetaData.Facts[operatorID].longDesc, ";"no"
"JSON-0202";"qgc_json_uk_UA.ts";"RemoteID.SettingsGroup.json";"Operator ID is valid";"";"TODO";"../src/Settings/RemoteID.SettingsGroup.json";"";".QGC.MetaData.Facts[operatorIDValid].shortDesc, ";"no"
"JSON-0203";"qgc_json_uk_UA.ts";"RemoteID.SettingsGroup.json";"Operator ID has been checked using checksum.";"";"TODO";"../src/Settings/RemoteID.SettingsGroup.json";"";".QGC.MetaData.Facts[operatorIDValid].longDesc, ";"no"
"JSON-0204";"qgc_json_uk_UA.ts";"RemoteID.SettingsGroup.json";"Operator ID type";"";"TODO";"../src/Settings/RemoteID.SettingsGroup.json";"";".QGC.MetaData.Facts[operatorIDType].shortDesc, ";"no"
"JSON-0205";"qgc_json_uk_UA.ts";"RemoteID.SettingsGroup.json";"CAA";"";"TODO";"../src/Settings/RemoteID.SettingsGroup.json";"";".QGC.MetaData.Facts[operatorIDType].enumStrings, ";"no"
"JSON-0206";"qgc_json_uk_UA.ts";"RemoteID.SettingsGroup.json";"Send Operator ID";"";"TODO";"../src/Settings/RemoteID.SettingsGroup.json";"";".QGC.MetaData.Facts[sendOperatorID].shortDesc, ";"no"
"JSON-0207";"qgc_json_uk_UA.ts";"RemoteID.SettingsGroup.json";"When enabled, sends operator ID message";"";"TODO";"../src/Settings/RemoteID.SettingsGroup.json";"";".QGC.MetaData.Facts[sendOperatorID].longDesc, ";"no"
"JSON-0208";"qgc_json_uk_UA.ts";"RemoteID.SettingsGroup.json";"Flight Purpose";"";"TODO";"../src/Settings/RemoteID.SettingsGroup.json";"";".QGC.MetaData.Facts[selfIDFree].shortDesc, ";"no"
"JSON-0209";"qgc_json_uk_UA.ts";"RemoteID.SettingsGroup.json";"Optional plain text for operator to specify operations data (Free Text). Maximum 23 characters.";"";"TODO";"../src/Settings/RemoteID.SettingsGroup.json";"";".QGC.MetaData.Facts[selfIDFree].longDesc, ";"no"
"JSON-0210";"qgc_json_uk_UA.ts";"RemoteID.SettingsGroup.json";"Emergency Text";"";"TODO";"../src/Settings/RemoteID.SettingsGroup.json";"";".QGC.MetaData.Facts[selfIDEmergency].shortDesc, ";"no"
"JSON-0211";"qgc_json_uk_UA.ts";"RemoteID.SettingsGroup.json";"Optional plain text for operator to specify operations data (Emergency Text). Maximum 23 characters.";"";"TODO";"../src/Settings/RemoteID.SettingsGroup.json";"";".QGC.MetaData.Facts[selfIDEmergency].longDesc, ";"no"
"JSON-0212";"qgc_json_uk_UA.ts";"RemoteID.SettingsGroup.json";"Extended Status";"";"TODO";"../src/Settings/RemoteID.SettingsGroup.json";"";".QGC.MetaData.Facts[selfIDExtended].shortDesc, ";"no"
"JSON-0213";"qgc_json_uk_UA.ts";"RemoteID.SettingsGroup.json";"Optional plain text for operator to specify operations data (Extended Text). Maximum 23 characters.";"";"TODO";"../src/Settings/RemoteID.SettingsGroup.json";"";".QGC.MetaData.Facts[selfIDExtended].longDesc, ";"no"
"JSON-0214";"qgc_json_uk_UA.ts";"RemoteID.SettingsGroup.json";"Self ID type";"";"TODO";"../src/Settings/RemoteID.SettingsGroup.json";"";".QGC.MetaData.Facts[selfIDType].shortDesc, ";"no"
"JSON-0215";"qgc_json_uk_UA.ts";"RemoteID.SettingsGroup.json";"Flight Purpose,Emergency,Extended Status";"";"TODO";"../src/Settings/RemoteID.SettingsGroup.json";"";".QGC.MetaData.Facts[selfIDType].enumStrings, ";"no"
"JSON-0216";"qgc_json_uk_UA.ts";"RemoteID.SettingsGroup.json";"Send Self ID";"";"TODO";"../src/Settings/RemoteID.SettingsGroup.json";"";".QGC.MetaData.Facts[sendSelfID].shortDesc, ";"no"
"JSON-0217";"qgc_json_uk_UA.ts";"RemoteID.SettingsGroup.json";"When enabled, sends self ID message";"";"TODO";"../src/Settings/RemoteID.SettingsGroup.json";"";".QGC.MetaData.Facts[sendSelfID].longDesc, ";"no"
"JSON-0218";"qgc_json_uk_UA.ts";"RemoteID.SettingsGroup.json";"Basic ID";"";"TODO";"../src/Settings/RemoteID.SettingsGroup.json";"";".QGC.MetaData.Facts[basicID].shortDesc, ";"no"
"JSON-0219";"qgc_json_uk_UA.ts";"RemoteID.SettingsGroup.json";"Basic ID Type";"";"TODO";"../src/Settings/RemoteID.SettingsGroup.json";"";".QGC.MetaData.Facts[basicIDType].shortDesc, ";"no"
"JSON-0220";"qgc_json_uk_UA.ts";"RemoteID.SettingsGroup.json";"None,SerialNumber (ANSI/CTA-2063),CAA,UTM (RFC4122),Specific";"";"TODO";"../src/Settings/RemoteID.SettingsGroup.json";"";".QGC.MetaData.Facts[basicIDType].enumStrings, ";"no"
"JSON-0221";"qgc_json_uk_UA.ts";"RemoteID.SettingsGroup.json";"UA type";"";"TODO";"../src/Settings/RemoteID.SettingsGroup.json";"";".QGC.MetaData.Facts[basicIDUaType].shortDesc, ";"no"
"JSON-0222";"qgc_json_uk_UA.ts";"RemoteID.SettingsGroup.json";"Undefined,Airplane/FixedWing,Helicopter/Multirrotor,Gyroplane,VTOL,Ornithopter,Glider,Kite,Free Ballon,Captive Ballon,Airship,Parachute,Rocket,Tethered powered aircraft,Ground Obstacle,Other";"";"TODO";"../src/Settings/RemoteID.SettingsGroup.json";"";".QGC.MetaData.Facts[basicIDUaType].enumStrings, ";"no"
"JSON-0223";"qgc_json_uk_UA.ts";"RemoteID.SettingsGroup.json";"Send Basic ID";"";"TODO";"../src/Settings/RemoteID.SettingsGroup.json";"";".QGC.MetaData.Facts[sendBasicID].shortDesc, ";"no"
"JSON-0224";"qgc_json_uk_UA.ts";"RemoteID.SettingsGroup.json";"When enabled, sends basic ID message";"";"TODO";"../src/Settings/RemoteID.SettingsGroup.json";"";".QGC.MetaData.Facts[sendBasicID].longDesc, ";"no"
"JSON-0225";"qgc_json_uk_UA.ts";"RemoteID.SettingsGroup.json";"Region of operation";"";"TODO";"../src/Settings/RemoteID.SettingsGroup.json";"";".QGC.MetaData.Facts[region].shortDesc, ";"no"
"JSON-0226";"qgc_json_uk_UA.ts";"RemoteID.SettingsGroup.json";"The region of operation the mission will take place in";"";"TODO";"../src/Settings/RemoteID.SettingsGroup.json";"";".QGC.MetaData.Facts[region].longDesc, ";"no"
"JSON-0227";"qgc_json_uk_UA.ts";"RemoteID.SettingsGroup.json";"FAA,EU";"";"TODO";"../src/Settings/RemoteID.SettingsGroup.json";"";".QGC.MetaData.Facts[region].enumStrings, ";"no"
"JSON-0228";"qgc_json_uk_UA.ts";"RemoteID.SettingsGroup.json";"Location Type";"";"TODO";"../src/Settings/RemoteID.SettingsGroup.json";"";".QGC.MetaData.Facts[locationType].shortDesc, ";"no"
"JSON-0229";"qgc_json_uk_UA.ts";"RemoteID.SettingsGroup.json";"Operator location Type";"";"TODO";"../src/Settings/RemoteID.SettingsGroup.json";"";".QGC.MetaData.Facts[locationType].longDesc, ";"no"
"JSON-0230";"qgc_json_uk_UA.ts";"RemoteID.SettingsGroup.json";"Takeoff(Not Supported),Live GNNS, Fixed (not for FAA)";"";"TODO";"../src/Settings/RemoteID.SettingsGroup.json";"";".QGC.MetaData.Facts[locationType].enumStrings, ";"no"
"JSON-0231";"qgc_json_uk_UA.ts";"RemoteID.SettingsGroup.json";"Latitude Fixed";"";"TODO";"../src/Settings/RemoteID.SettingsGroup.json";"";".QGC.MetaData.Facts[latitudeFixed].shortDesc, ";"no"
"JSON-0232";"qgc_json_uk_UA.ts";"RemoteID.SettingsGroup.json";"Fixed latitude to send on SYSTEM message";"";"TODO";"../src/Settings/RemoteID.SettingsGroup.json";"";".QGC.MetaData.Facts[latitudeFixed].longDesc, ";"no"
"JSON-0233";"qgc_json_uk_UA.ts";"RemoteID.SettingsGroup.json";"Longitude Fixed";"";"TODO";"../src/Settings/RemoteID.SettingsGroup.json";"";".QGC.MetaData.Facts[longitudeFixed].shortDesc, ";"no"
"JSON-0234";"qgc_json_uk_UA.ts";"RemoteID.SettingsGroup.json";"Fixed Longitude to send on SYSTEM message";"";"TODO";"../src/Settings/RemoteID.SettingsGroup.json";"";".QGC.MetaData.Facts[longitudeFixed].longDesc, ";"no"
"JSON-0235";"qgc_json_uk_UA.ts";"RemoteID.SettingsGroup.json";"Altitude Fixed";"";"TODO";"../src/Settings/RemoteID.SettingsGroup.json";"";".QGC.MetaData.Facts[altitudeFixed].shortDesc, ";"no"
"JSON-0236";"qgc_json_uk_UA.ts";"RemoteID.SettingsGroup.json";"Fixed Altitude to send on SYSTEM message";"";"TODO";"../src/Settings/RemoteID.SettingsGroup.json";"";".QGC.MetaData.Facts[altitudeFixed].longDesc, ";"no"
"JSON-0237";"qgc_json_uk_UA.ts";"RemoteID.SettingsGroup.json";"Classification Type";"";"TODO";"../src/Settings/RemoteID.SettingsGroup.json";"";".QGC.MetaData.Facts[classificationType].shortDesc, ";"no"
"JSON-0238";"qgc_json_uk_UA.ts";"RemoteID.SettingsGroup.json";"Classification Type of UAS";"";"TODO";"../src/Settings/RemoteID.SettingsGroup.json";"";".QGC.MetaData.Facts[classificationType].longDesc, ";"no"
"JSON-0239";"qgc_json_uk_UA.ts";"RemoteID.SettingsGroup.json";"Undeclared,EU";"";"TODO";"../src/Settings/RemoteID.SettingsGroup.json";"";".QGC.MetaData.Facts[classificationType].enumStrings, ";"no"
"JSON-0240";"qgc_json_uk_UA.ts";"RemoteID.SettingsGroup.json";"Category";"";"TODO";"../src/Settings/RemoteID.SettingsGroup.json";"";".QGC.MetaData.Facts[categoryEU].shortDesc, ";"no"
"JSON-0241";"qgc_json_uk_UA.ts";"RemoteID.SettingsGroup.json";"Category of the UAS in the EU region";"";"TODO";"../src/Settings/RemoteID.SettingsGroup.json";"";".QGC.MetaData.Facts[categoryEU].longDesc, ";"no"
"JSON-0242";"qgc_json_uk_UA.ts";"RemoteID.SettingsGroup.json";"Undeclared,Open,Specific,Certified";"";"TODO";"../src/Settings/RemoteID.SettingsGroup.json";"";".QGC.MetaData.Facts[categoryEU].enumStrings, ";"no"
"JSON-0243";"qgc_json_uk_UA.ts";"RemoteID.SettingsGroup.json";"Class";"";"TODO";"../src/Settings/RemoteID.SettingsGroup.json";"";".QGC.MetaData.Facts[classEU].shortDesc, ";"no"
"JSON-0244";"qgc_json_uk_UA.ts";"RemoteID.SettingsGroup.json";"Class of the UAS in the EU region";"";"TODO";"../src/Settings/RemoteID.SettingsGroup.json";"";".QGC.MetaData.Facts[classEU].longDesc, ";"no"
"JSON-0245";"qgc_json_uk_UA.ts";"RemoteID.SettingsGroup.json";"Undeclared,Class 0,Class 1,Class 2,Class 3,Class 4,Class 5,Class 6";"";"TODO";"../src/Settings/RemoteID.SettingsGroup.json";"";".QGC.MetaData.Facts[classEU].enumStrings, ";"no"
"JSON-0246";"qgc_json_uk_UA.ts";"ADSBVehicleManager.SettingsGroup.json";"Connect to ADSB SBS server";"";"TODO";"../src/Settings/ADSBVehicleManager.SettingsGroup.json";"";".QGC.MetaData.Facts[adsbServerConnectEnabled].shortDesc, ";"no"
"JSON-0247";"qgc_json_uk_UA.ts";"ADSBVehicleManager.SettingsGroup.json";"Connect to ADSB SBS-1 server using specified address/port";"";"TODO";"../src/Settings/ADSBVehicleManager.SettingsGroup.json";"";".QGC.MetaData.Facts[adsbServerConnectEnabled].longDesc, ";"no"
"JSON-0248";"qgc_json_uk_UA.ts";"ADSBVehicleManager.SettingsGroup.json";"Host address";"";"TODO";"../src/Settings/ADSBVehicleManager.SettingsGroup.json";"";".QGC.MetaData.Facts[adsbServerHostAddress].shortDesc, ";"no"
"JSON-0249";"qgc_json_uk_UA.ts";"ADSBVehicleManager.SettingsGroup.json";"Server port";"";"TODO";"../src/Settings/ADSBVehicleManager.SettingsGroup.json";"";".QGC.MetaData.Facts[adsbServerPort].shortDesc, ";"no"
"JSON-0250";"qgc_json_uk_UA.ts";"GimbalController.SettingsGroup.json";"Enable on Screen Camera Control";"";"TODO";"../src/Settings/GimbalController.SettingsGroup.json";"";".QGC.MetaData.Facts[EnableOnScreenControl].shortDesc, ";"no"
"JSON-0251";"qgc_json_uk_UA.ts";"GimbalController.SettingsGroup.json";"Type of on-screen control";"";"TODO";"../src/Settings/GimbalController.SettingsGroup.json";"";".QGC.MetaData.Facts[ControlType].shortDesc, ";"no"
"JSON-0252";"qgc_json_uk_UA.ts";"GimbalController.SettingsGroup.json";"Click to point, click and drag";"";"TODO";"../src/Settings/GimbalController.SettingsGroup.json";"";".QGC.MetaData.Facts[ControlType].enumStrings, ";"no"
"JSON-0253";"qgc_json_uk_UA.ts";"GimbalController.SettingsGroup.json";"Vertical camera field of view";"";"TODO";"../src/Settings/GimbalController.SettingsGroup.json";"";".QGC.MetaData.Facts[CameraVFov].shortDesc, ";"no"
"JSON-0254";"qgc_json_uk_UA.ts";"GimbalController.SettingsGroup.json";"Horizontal camera field of view";"";"TODO";"../src/Settings/GimbalController.SettingsGroup.json";"";".QGC.MetaData.Facts[CameraHFov].shortDesc, ";"no"
"JSON-0255";"qgc_json_uk_UA.ts";"GimbalController.SettingsGroup.json";"Maximum gimbal speed on click and drag (deg/sec)";"";"TODO";"../src/Settings/GimbalController.SettingsGroup.json";"";".QGC.MetaData.Facts[CameraSlideSpeed].shortDesc, ";"no"
"JSON-0256";"qgc_json_uk_UA.ts";"GimbalController.SettingsGroup.json";"Show gimbal Azimuth indicator over vehicle icon in map";"";"TODO";"../src/Settings/GimbalController.SettingsGroup.json";"";".QGC.MetaData.Facts[showAzimuthIndicatorOnMap].shortDesc, ";"no"
"JSON-0257";"qgc_json_uk_UA.ts";"GimbalController.SettingsGroup.json";"Show Azimuth instead of local yaw on top toolbar gimbal indicator";"";"TODO";"../src/Settings/GimbalController.SettingsGroup.json";"";".QGC.MetaData.Facts[toolbarIndicatorShowAzimuth].shortDesc, ";"no"
"JSON-0258";"qgc_json_uk_UA.ts";"GimbalController.SettingsGroup.json";"Show Azimuth Acquire/release buttons in the gimbal buttons panel";"";"TODO";"../src/Settings/GimbalController.SettingsGroup.json";"";".QGC.MetaData.Facts[toolbarIndicatorShowAcquireReleaseControl].shortDesc, ";"no"
"JSON-0259";"qgc_json_uk_UA.ts";"GimbalController.SettingsGroup.json";"Rate used for joystick button control (deg/sec)";"";"TODO";"../src/Settings/GimbalController.SettingsGroup.json";"";".QGC.MetaData.Facts[joystickButtonsSpeed].shortDesc, ";"no"
"JSON-0260";"qgc_json_uk_UA.ts";"GimbalController.SettingsGroup.json";"When a joystick button is set to gimbal left/right/up/down, it will send this rate when pressed, and it will stop moving when button is released";"";"TODO";"../src/Settings/GimbalController.SettingsGroup.json";"";".QGC.MetaData.Facts[joystickButtonsSpeed].longDesc, ";"no"
"JSON-0261";"qgc_json_uk_UA.ts";"PlanView.SettingsGroup.json";"Display the presets tab at start";"";"TODO";"../src/Settings/PlanView.SettingsGroup.json";"";".QGC.MetaData.Facts[displayPresetsTabFirst].shortDesc, ";"no"
"JSON-0262";"qgc_json_uk_UA.ts";"PlanView.SettingsGroup.json";"Show/Hide the mission item status display";"";"TODO";"../src/Settings/PlanView.SettingsGroup.json";"";".QGC.MetaData.Facts[showMissionItemStatus].shortDesc, ";"no"
"JSON-0263";"qgc_json_uk_UA.ts";"PlanView.SettingsGroup.json";"Allow missions to not require a takeoff item";"";"TODO";"../src/Settings/PlanView.SettingsGroup.json";"";".QGC.MetaData.Facts[takeoffItemNotRequired].shortDesc, ";"no"
"JSON-0264";"qgc_json_uk_UA.ts";"PlanView.SettingsGroup.json";"Allow configuring multiple landing sequences if the firmware supports it. The first one will be used for the mission, but in the event of an RTL, the one that is closest will be used instead.";"";"TODO";"../src/Settings/PlanView.SettingsGroup.json";"";".QGC.MetaData.Facts[allowMultipleLandingPatterns].shortDesc, ";"no"
"JSON-0265";"qgc_json_uk_UA.ts";"PlanView.SettingsGroup.json";"Use MAV_CMD_CONDITION_GATE for pattern generation";"";"TODO";"../src/Settings/PlanView.SettingsGroup.json";"";".QGC.MetaData.Facts[useConditionGate].shortDesc, ";"no"
"JSON-0266";"qgc_json_uk_UA.ts";"PlanView.SettingsGroup.json";"Show gimbal yaw visual only when set explicitly for the waypoint";"";"TODO";"../src/Settings/PlanView.SettingsGroup.json";"";".QGC.MetaData.Facts[showGimbalOnlyWhenSet].shortDesc, ";"no"
"JSON-0267";"qgc_json_uk_UA.ts";"PlanView.SettingsGroup.json";"Amount of distance required for vehicle to complete a transition";"";"TODO";"../src/Settings/PlanView.SettingsGroup.json";"";".QGC.MetaData.Facts[vtolTransitionDistance].shortDesc, ";"no"
"JSON-0268";"qgc_json_uk_UA.ts";"DistanceSensorFact.json";"Forward";"";"TODO";"../src/Vehicle/FactGroups/DistanceSensorFact.json";"";".QGC.MetaData.Facts[rotationNone].shortDesc, ";"no"
"JSON-0269";"qgc_json_uk_UA.ts";"DistanceSensorFact.json";"Forward/Right";"";"TODO";"../src/Vehicle/FactGroups/DistanceSensorFact.json";"";".QGC.MetaData.Facts[rotationYaw45].shortDesc, ";"no"
"JSON-0270";"qgc_json_uk_UA.ts";"DistanceSensorFact.json";"Right";"";"TODO";"../src/Vehicle/FactGroups/DistanceSensorFact.json";"";".QGC.MetaData.Facts[rotationYaw90].shortDesc, ";"no"
"JSON-0271";"qgc_json_uk_UA.ts";"DistanceSensorFact.json";"Rear/Right";"";"TODO";"../src/Vehicle/FactGroups/DistanceSensorFact.json";"";".QGC.MetaData.Facts[rotationYaw135].shortDesc, ";"no"
"JSON-0272";"qgc_json_uk_UA.ts";"DistanceSensorFact.json";"Rear";"";"TODO";"../src/Vehicle/FactGroups/DistanceSensorFact.json";"";".QGC.MetaData.Facts[rotationYaw180].shortDesc, ";"no"
"JSON-0273";"qgc_json_uk_UA.ts";"DistanceSensorFact.json";"Rear/Left";"";"TODO";"../src/Vehicle/FactGroups/DistanceSensorFact.json";"";".QGC.MetaData.Facts[rotationYaw225].shortDesc, ";"no"
"JSON-0274";"qgc_json_uk_UA.ts";"DistanceSensorFact.json";"Left";"";"TODO";"../src/Vehicle/FactGroups/DistanceSensorFact.json";"";".QGC.MetaData.Facts[rotationYaw270].shortDesc, ";"no"
"JSON-0275";"qgc_json_uk_UA.ts";"DistanceSensorFact.json";"Forward/Left";"";"TODO";"../src/Vehicle/FactGroups/DistanceSensorFact.json";"";".QGC.MetaData.Facts[rotationYaw315].shortDesc, ";"no"
"JSON-0276";"qgc_json_uk_UA.ts";"DistanceSensorFact.json";"Up";"";"TODO";"../src/Vehicle/FactGroups/DistanceSensorFact.json";"";".QGC.MetaData.Facts[rotationPitch90].shortDesc, ";"no"
"JSON-0277";"qgc_json_uk_UA.ts";"DistanceSensorFact.json";"Down";"";"TODO";"../src/Vehicle/FactGroups/DistanceSensorFact.json";"";".QGC.MetaData.Facts[rotationPitch270].shortDesc, ";"no"
"JSON-0278";"qgc_json_uk_UA.ts";"DistanceSensorFact.json";"Minimum distance sensor can detect";"";"TODO";"../src/Vehicle/FactGroups/DistanceSensorFact.json";"";".QGC.MetaData.Facts[minDistance].shortDesc, ";"no"
"JSON-0279";"qgc_json_uk_UA.ts";"DistanceSensorFact.json";"Maximum distance sensor can detect";"";"TODO";"../src/Vehicle/FactGroups/DistanceSensorFact.json";"";".QGC.MetaData.Facts[maxDistance].shortDesc, ";"no"
"JSON-0280";"qgc_json_uk_UA.ts";"SetpointFact.json";"Roll Setpoint";"";"TODO";"../src/Vehicle/FactGroups/SetpointFact.json";"";".QGC.MetaData.Facts[roll].shortDesc, ";"no"
"JSON-0281";"qgc_json_uk_UA.ts";"SetpointFact.json";"Pitch Setpoint";"";"TODO";"../src/Vehicle/FactGroups/SetpointFact.json";"";".QGC.MetaData.Facts[pitch].shortDesc, ";"no"
"JSON-0282";"qgc_json_uk_UA.ts";"SetpointFact.json";"Yaw Setpoint";"";"TODO";"../src/Vehicle/FactGroups/SetpointFact.json";"";".QGC.MetaData.Facts[yaw].shortDesc, ";"no"
"JSON-0283";"qgc_json_uk_UA.ts";"SetpointFact.json";"Roll Rate Setpoint";"";"TODO";"../src/Vehicle/FactGroups/SetpointFact.json";"";".QGC.MetaData.Facts[rollRate].shortDesc, ";"no"
"JSON-0284";"qgc_json_uk_UA.ts";"SetpointFact.json";"Pitch Rate Setpoint";"";"TODO";"../src/Vehicle/FactGroups/SetpointFact.json";"";".QGC.MetaData.Facts[pitchRate].shortDesc, ";"no"
"JSON-0285";"qgc_json_uk_UA.ts";"SetpointFact.json";"Yaw Rate Setpoint";"";"TODO";"../src/Vehicle/FactGroups/SetpointFact.json";"";".QGC.MetaData.Facts[yawRate].shortDesc, ";"no"
"JSON-0286";"qgc_json_uk_UA.ts";"BatteryFact.json";"Battery Id";"";"TODO";"../src/Vehicle/FactGroups/BatteryFact.json";"";".QGC.MetaData.Facts[id].shortDesc, ";"no"
"JSON-0287";"qgc_json_uk_UA.ts";"BatteryFact.json";"Battery Function";"";"TODO";"../src/Vehicle/FactGroups/BatteryFact.json";"";".QGC.MetaData.Facts[batteryFunction].shortDesc, ";"no"
"JSON-0288";"qgc_json_uk_UA.ts";"BatteryFact.json";"n/a,All Flight Systems,Propulsion,Avionics,Payload";"";"TODO";"../src/Vehicle/FactGroups/BatteryFact.json";"";".QGC.MetaData.Facts[batteryFunction].enumStrings, ";"no"
"JSON-0289";"qgc_json_uk_UA.ts";"BatteryFact.json";"Battery Type";"";"TODO";"../src/Vehicle/FactGroups/BatteryFact.json";"";".QGC.MetaData.Facts[batteryType].shortDesc, ";"no"
"JSON-0290";"qgc_json_uk_UA.ts";"BatteryFact.json";"n/a,LIPO,LIFE,LION,NIMH";"";"TODO";"../src/Vehicle/FactGroups/BatteryFact.json";"";".QGC.MetaData.Facts[batteryType].enumStrings, ";"no"
"JSON-0291";"qgc_json_uk_UA.ts";"BatteryFact.json";"Voltage";"";"TODO";"../src/Vehicle/FactGroups/BatteryFact.json";"";".QGC.MetaData.Facts[voltage].shortDesc, ";"no"
"JSON-0292";"qgc_json_uk_UA.ts";"BatteryFact.json";"Percent";"";"TODO";"../src/Vehicle/FactGroups/BatteryFact.json";"";".QGC.MetaData.Facts[percentRemaining].shortDesc, ";"no"
"JSON-0293";"qgc_json_uk_UA.ts";"BatteryFact.json";"Consumed";"";"TODO";"../src/Vehicle/FactGroups/BatteryFact.json";"";".QGC.MetaData.Facts[mahConsumed].shortDesc, ";"no"
"JSON-0294";"qgc_json_uk_UA.ts";"BatteryFact.json";"Current";"";"TODO";"../src/Vehicle/FactGroups/BatteryFact.json";"";".QGC.MetaData.Facts[current].shortDesc, ";"no"
"JSON-0295";"qgc_json_uk_UA.ts";"BatteryFact.json";"Temperature";"";"TODO";"../src/Vehicle/FactGroups/BatteryFact.json";"";".QGC.MetaData.Facts[temperature].shortDesc, ";"no"
"JSON-0296";"qgc_json_uk_UA.ts";"BatteryFact.json";"Watts";"";"TODO";"../src/Vehicle/FactGroups/BatteryFact.json";"";".QGC.MetaData.Facts[instantPower].shortDesc, ";"no"
"JSON-0297";"qgc_json_uk_UA.ts";"BatteryFact.json";"Time Remaining";"";"TODO";"../src/Vehicle/FactGroups/BatteryFact.json";"";".QGC.MetaData.Facts[timeRemaining].shortDesc, .QGC.MetaData.Facts[timeRemainingStr].shortDesc, ";"no"
"JSON-0298";"qgc_json_uk_UA.ts";"BatteryFact.json";"Charge State";"";"TODO";"../src/Vehicle/FactGroups/BatteryFact.json";"";".QGC.MetaData.Facts[chargeState].shortDesc, ";"no"
"JSON-0299";"qgc_json_uk_UA.ts";"BatteryFact.json";"n/a,Ok,Low,Critical,Emergency,Failed,Unhealthy,Charging";"";"TODO";"../src/Vehicle/FactGroups/BatteryFact.json";"";".QGC.MetaData.Facts[chargeState].enumStrings, ";"no"
"JSON-0300";"qgc_json_uk_UA.ts";"GeneratorFact.json";"Status";"";"TODO";"../src/Vehicle/FactGroups/GeneratorFact.json";"";".QGC.MetaData.Facts[status].shortDesc, ";"no"
"JSON-0301";"qgc_json_uk_UA.ts";"GeneratorFact.json";"Generator Speed";"";"TODO";"../src/Vehicle/FactGroups/GeneratorFact.json";"";".QGC.MetaData.Facts[genSpeed].shortDesc, ";"no"
"JSON-0302";"qgc_json_uk_UA.ts";"GeneratorFact.json";"Battery Current";"";"TODO";"../src/Vehicle/FactGroups/GeneratorFact.json";"";".QGC.MetaData.Facts[batteryCurrent].shortDesc, ";"no"
"JSON-0303";"qgc_json_uk_UA.ts";"GeneratorFact.json";"Load Current";"";"TODO";"../src/Vehicle/FactGroups/GeneratorFact.json";"";".QGC.MetaData.Facts[loadCurrent].shortDesc, ";"no"
"JSON-0304";"qgc_json_uk_UA.ts";"GeneratorFact.json";"Power Generated";"";"TODO";"../src/Vehicle/FactGroups/GeneratorFact.json";"";".QGC.MetaData.Facts[powerGenerated].shortDesc, ";"no"
"JSON-0305";"qgc_json_uk_UA.ts";"GeneratorFact.json";"Bus Voltage";"";"TODO";"../src/Vehicle/FactGroups/GeneratorFact.json";"";".QGC.MetaData.Facts[busVoltage].shortDesc, ";"no"
"JSON-0306";"qgc_json_uk_UA.ts";"GeneratorFact.json";"Rectifier Temperature";"";"TODO";"../src/Vehicle/FactGroups/GeneratorFact.json";"";".QGC.MetaData.Facts[rectifierTemp].shortDesc, ";"no"
"JSON-0307";"qgc_json_uk_UA.ts";"GeneratorFact.json";"Battery Current Setpoint";"";"TODO";"../src/Vehicle/FactGroups/GeneratorFact.json";"";".QGC.MetaData.Facts[batCurrentSetpoint].shortDesc, ";"no"
"JSON-0308";"qgc_json_uk_UA.ts";"GeneratorFact.json";"Generator Temperature";"";"TODO";"../src/Vehicle/FactGroups/GeneratorFact.json";"";".QGC.MetaData.Facts[genTemp].shortDesc, ";"no"
"JSON-0309";"qgc_json_uk_UA.ts";"GeneratorFact.json";"runtime";"";"TODO";"../src/Vehicle/FactGroups/GeneratorFact.json";"";".QGC.MetaData.Facts[runtime].shortDesc, ";"no"
"JSON-0310";"qgc_json_uk_UA.ts";"GeneratorFact.json";"Time until Maintenance";"";"TODO";"../src/Vehicle/FactGroups/GeneratorFact.json";"";".QGC.MetaData.Facts[timeMaintenance].shortDesc, ";"no"
"JSON-0311";"qgc_json_uk_UA.ts";"GPSFact.json";"Latitude";"";"TODO";"../src/Vehicle/FactGroups/GPSFact.json";"";".QGC.MetaData.Facts[lat].shortDesc, ";"no"
"JSON-0312";"qgc_json_uk_UA.ts";"GPSFact.json";"Longitude";"";"TODO";"../src/Vehicle/FactGroups/GPSFact.json";"";".QGC.MetaData.Facts[lon].shortDesc, ";"no"
"JSON-0313";"qgc_json_uk_UA.ts";"GPSFact.json";"MGRS Position";"";"TODO";"../src/Vehicle/FactGroups/GPSFact.json";"";".QGC.MetaData.Facts[mgrs].shortDesc, ";"no"
"JSON-0314";"qgc_json_uk_UA.ts";"GPSFact.json";"HDOP";"";"TODO";"../src/Vehicle/FactGroups/GPSFact.json";"";".QGC.MetaData.Facts[hdop].shortDesc, ";"no"
"JSON-0315";"qgc_json_uk_UA.ts";"GPSFact.json";"VDOP";"";"TODO";"../src/Vehicle/FactGroups/GPSFact.json";"";".QGC.MetaData.Facts[vdop].shortDesc, ";"no"
"JSON-0316";"qgc_json_uk_UA.ts";"GPSFact.json";"Course Over Ground";"";"TODO";"../src/Vehicle/FactGroups/GPSFact.json";"";".QGC.MetaData.Facts[courseOverGround].shortDesc, ";"no"
"JSON-0317";"qgc_json_uk_UA.ts";"GPSFact.json";"GPS Lock";"";"TODO";"../src/Vehicle/FactGroups/GPSFact.json";"";".QGC.MetaData.Facts[lock].shortDesc, ";"no"
"JSON-0318";"qgc_json_uk_UA.ts";"GPSFact.json";"None,None,2D Lock,3D Lock,3D DGPS Lock,3D RTK GPS Lock (float),3D RTK GPS Lock (fixed),Static (fixed)";"";"TODO";"../src/Vehicle/FactGroups/GPSFact.json";"";".QGC.MetaData.Facts[lock].enumStrings, ";"no"
"JSON-0319";"qgc_json_uk_UA.ts";"GPSFact.json";"Sat Count";"";"TODO";"../src/Vehicle/FactGroups/GPSFact.json";"";".QGC.MetaData.Facts[count].shortDesc, ";"no"
"JSON-0320";"qgc_json_uk_UA.ts";"VibrationFact.json";"Vibe xAxis";"";"TODO";"../src/Vehicle/FactGroups/VibrationFact.json";"";".QGC.MetaData.Facts[xAxis].shortDesc, ";"no"
"JSON-0321";"qgc_json_uk_UA.ts";"VibrationFact.json";"Vibe yAxis";"";"TODO";"../src/Vehicle/FactGroups/VibrationFact.json";"";".QGC.MetaData.Facts[yAxis].shortDesc, ";"no"
"JSON-0322";"qgc_json_uk_UA.ts";"VibrationFact.json";"Vibe zAxis";"";"TODO";"../src/Vehicle/FactGroups/VibrationFact.json";"";".QGC.MetaData.Facts[zAxis].shortDesc, ";"no"
"JSON-0323";"qgc_json_uk_UA.ts";"VibrationFact.json";"Clip Count (1)";"";"TODO";"../src/Vehicle/FactGroups/VibrationFact.json";"";".QGC.MetaData.Facts[clipCount1].shortDesc, ";"no"
"JSON-0324";"qgc_json_uk_UA.ts";"VibrationFact.json";"Clip Count (2)";"";"TODO";"../src/Vehicle/FactGroups/VibrationFact.json";"";".QGC.MetaData.Facts[clipCount2].shortDesc, ";"no"
"JSON-0325";"qgc_json_uk_UA.ts";"VibrationFact.json";"Clip Count (3)";"";"TODO";"../src/Vehicle/FactGroups/VibrationFact.json";"";".QGC.MetaData.Facts[clipCount3].shortDesc, ";"no"
"JSON-0326";"qgc_json_uk_UA.ts";"WindFact.json";"Wind Direction";"";"TODO";"../src/Vehicle/FactGroups/WindFact.json";"";".QGC.MetaData.Facts[direction].shortDesc, ";"no"
"JSON-0327";"qgc_json_uk_UA.ts";"WindFact.json";"Wind Spd";"";"TODO";"../src/Vehicle/FactGroups/WindFact.json";"";".QGC.MetaData.Facts[speed].shortDesc, ";"no"
"JSON-0328";"qgc_json_uk_UA.ts";"WindFact.json";"Wind Spd (vert)";"";"TODO";"../src/Vehicle/FactGroups/WindFact.json";"";".QGC.MetaData.Facts[verticalSpeed].shortDesc, ";"no"
"JSON-0329";"qgc_json_uk_UA.ts";"EscStatusFactGroup.json";"Index Of The First ESC In This Message";"";"TODO";"../src/Vehicle/FactGroups/EscStatusFactGroup.json";"";".QGC.MetaData.Facts[index].shortDesc, ";"no"
"JSON-0330";"qgc_json_uk_UA.ts";"EscStatusFactGroup.json";"Rotation Per Minute";"";"TODO";"../src/Vehicle/FactGroups/EscStatusFactGroup.json";"";".QGC.MetaData.Facts[rpmFirst].shortDesc, .QGC.MetaData.Facts[rpmSecond].shortDesc, .QGC.MetaData.Facts[rpmThird].shortDesc, .QGC.MetaData.Facts[rpmFourth].shortDesc, ";"no"
"JSON-0331";"qgc_json_uk_UA.ts";"EscStatusFactGroup.json";"Current";"";"TODO";"../src/Vehicle/FactGroups/EscStatusFactGroup.json";"";".QGC.MetaData.Facts[currentFirst].shortDesc, .QGC.MetaData.Facts[currentSecond].shortDesc, .QGC.MetaData.Facts[currentThird].shortDesc, .QGC.MetaData.Facts[currentFourth].shortDesc, ";"no"
"JSON-0332";"qgc_json_uk_UA.ts";"EscStatusFactGroup.json";"Voltage";"";"TODO";"../src/Vehicle/FactGroups/EscStatusFactGroup.json";"";".QGC.MetaData.Facts[voltageFirst].shortDesc, .QGC.MetaData.Facts[voltageSecond].shortDesc, .QGC.MetaData.Facts[voltageThird].shortDesc, .QGC.MetaData.Facts[voltageFourth].shortDesc, ";"no"
"JSON-0333";"qgc_json_uk_UA.ts";"TerrainFactGroup.json";"Blocks Pending";"";"TODO";"../src/Vehicle/FactGroups/TerrainFactGroup.json";"";".QGC.MetaData.Facts[blocksPending].shortDesc, ";"no"
"JSON-0334";"qgc_json_uk_UA.ts";"TerrainFactGroup.json";"Blocks Loaded";"";"TODO";"../src/Vehicle/FactGroups/TerrainFactGroup.json";"";".QGC.MetaData.Facts[blocksLoaded].shortDesc, ";"no"
"JSON-0335";"qgc_json_uk_UA.ts";"EFIFact.json";"Health";"";"TODO";"../src/Vehicle/FactGroups/EFIFact.json";"";".QGC.MetaData.Facts[health].shortDesc, ";"no"
"JSON-0336";"qgc_json_uk_UA.ts";"EFIFact.json";"Ecu Index";"";"TODO";"../src/Vehicle/FactGroups/EFIFact.json";"";".QGC.MetaData.Facts[ecuIndex].shortDesc, ";"no"
"JSON-0337";"qgc_json_uk_UA.ts";"EFIFact.json";"Rpm";"";"TODO";"../src/Vehicle/FactGroups/EFIFact.json";"";".QGC.MetaData.Facts[rpm].shortDesc, ";"no"
"JSON-0338";"qgc_json_uk_UA.ts";"EFIFact.json";"Fuel Consumed";"";"TODO";"../src/Vehicle/FactGroups/EFIFact.json";"";".QGC.MetaData.Facts[fuelConsumed].shortDesc, ";"no"
"JSON-0339";"qgc_json_uk_UA.ts";"EFIFact.json";"Fuel Flow";"";"TODO";"../src/Vehicle/FactGroups/EFIFact.json";"";".QGC.MetaData.Facts[fuelFlow].shortDesc, ";"no"
"JSON-0340";"qgc_json_uk_UA.ts";"EFIFact.json";"Engine Load";"";"TODO";"../src/Vehicle/FactGroups/EFIFact.json";"";".QGC.MetaData.Facts[engineLoad].shortDesc, ";"no"
"JSON-0341";"qgc_json_uk_UA.ts";"EFIFact.json";"Throttle Position";"";"TODO";"../src/Vehicle/FactGroups/EFIFact.json";"";".QGC.MetaData.Facts[throttlePos].shortDesc, ";"no"
"JSON-0342";"qgc_json_uk_UA.ts";"EFIFact.json";"Spark dwell time";"";"TODO";"../src/Vehicle/FactGroups/EFIFact.json";"";".QGC.MetaData.Facts[sparkTime].shortDesc, ";"no"
"JSON-0343";"qgc_json_uk_UA.ts";"EFIFact.json";"BarometricPressure";"";"TODO";"../src/Vehicle/FactGroups/EFIFact.json";"";".QGC.MetaData.Facts[baroPress].shortDesc, ";"no"
"JSON-0344";"qgc_json_uk_UA.ts";"EFIFact.json";"Intake mainfold pressure";"";"TODO";"../src/Vehicle/FactGroups/EFIFact.json";"";".QGC.MetaData.Facts[intakePress].shortDesc, ";"no"
"JSON-0345";"qgc_json_uk_UA.ts";"EFIFact.json";"Intake mainfold temperature";"";"TODO";"../src/Vehicle/FactGroups/EFIFact.json";"";".QGC.MetaData.Facts[intakeTemp].shortDesc, ";"no"
"JSON-0346";"qgc_json_uk_UA.ts";"EFIFact.json";"Cylinder head temperature";"";"TODO";"../src/Vehicle/FactGroups/EFIFact.json";"";".QGC.MetaData.Facts[cylinderTemp].shortDesc, ";"no"
"JSON-0347";"qgc_json_uk_UA.ts";"EFIFact.json";"Ignition Timing";"";"TODO";"../src/Vehicle/FactGroups/EFIFact.json";"";".QGC.MetaData.Facts[ignTime].shortDesc, ";"no"
"JSON-0348";"qgc_json_uk_UA.ts";"EFIFact.json";"Injection Time";"";"TODO";"../src/Vehicle/FactGroups/EFIFact.json";"";".QGC.MetaData.Facts[injTime].shortDesc, ";"no"
"JSON-0349";"qgc_json_uk_UA.ts";"EFIFact.json";"Exhaust gas Temperature";"";"TODO";"../src/Vehicle/FactGroups/EFIFact.json";"";".QGC.MetaData.Facts[exGasTemp].shortDesc, ";"no"
"JSON-0350";"qgc_json_uk_UA.ts";"EFIFact.json";"Throttle Out";"";"TODO";"../src/Vehicle/FactGroups/EFIFact.json";"";".QGC.MetaData.Facts[throttleOut].shortDesc, ";"no"
"JSON-0351";"qgc_json_uk_UA.ts";"EFIFact.json";"Pt Compensation";"";"TODO";"../src/Vehicle/FactGroups/EFIFact.json";"";".QGC.MetaData.Facts[ptComp].shortDesc, ";"no"
"JSON-0352";"qgc_json_uk_UA.ts";"TemperatureFact.json";"Temperature (1)";"";"TODO";"../src/Vehicle/FactGroups/TemperatureFact.json";"";".QGC.MetaData.Facts[temperature1].shortDesc, ";"no"
"JSON-0353";"qgc_json_uk_UA.ts";"TemperatureFact.json";"Temperature (2)";"";"TODO";"../src/Vehicle/FactGroups/TemperatureFact.json";"";".QGC.MetaData.Facts[temperature2].shortDesc, ";"no"
"JSON-0354";"qgc_json_uk_UA.ts";"TemperatureFact.json";"Temperature (3)";"";"TODO";"../src/Vehicle/FactGroups/TemperatureFact.json";"";".QGC.MetaData.Facts[temperature3].shortDesc, ";"no"
"JSON-0355";"qgc_json_uk_UA.ts";"SubmarineFact.json";"Camera Tilt";"";"TODO";"../src/Vehicle/FactGroups/SubmarineFact.json";"";".QGC.MetaData.Facts[cameraTilt].shortDesc, ";"no"
"JSON-0356";"qgc_json_uk_UA.ts";"SubmarineFact.json";"Tether Turns";"";"TODO";"../src/Vehicle/FactGroups/SubmarineFact.json";"";".QGC.MetaData.Facts[tetherTurns].shortDesc, ";"no"
"JSON-0357";"qgc_json_uk_UA.ts";"SubmarineFact.json";"Lights 1 level";"";"TODO";"../src/Vehicle/FactGroups/SubmarineFact.json";"";".QGC.MetaData.Facts[lights1].shortDesc, ";"no"
"JSON-0358";"qgc_json_uk_UA.ts";"SubmarineFact.json";"Lights 2 level";"";"TODO";"../src/Vehicle/FactGroups/SubmarineFact.json";"";".QGC.MetaData.Facts[lights2].shortDesc, ";"no"
"JSON-0359";"qgc_json_uk_UA.ts";"SubmarineFact.json";"Pilot Gain";"";"TODO";"../src/Vehicle/FactGroups/SubmarineFact.json";"";".QGC.MetaData.Facts[pilotGain].shortDesc, ";"no"
"JSON-0360";"qgc_json_uk_UA.ts";"SubmarineFact.json";"Input Hold";"";"TODO";"../src/Vehicle/FactGroups/SubmarineFact.json";"";".QGC.MetaData.Facts[inputHold].shortDesc, ";"no"
"JSON-0361";"qgc_json_uk_UA.ts";"SubmarineFact.json";"Disabled,Enabled";"";"TODO";"../src/Vehicle/FactGroups/SubmarineFact.json";"";".QGC.MetaData.Facts[inputHold].enumStrings, ";"no"
"JSON-0362";"qgc_json_uk_UA.ts";"SubmarineFact.json";"Rangefinder";"";"TODO";"../src/Vehicle/FactGroups/SubmarineFact.json";"";".QGC.MetaData.Facts[rangefinderDistance].shortDesc, ";"no"
"JSON-0363";"qgc_json_uk_UA.ts";"SubmarineFact.json";"RFTarget";"";"TODO";"../src/Vehicle/FactGroups/SubmarineFact.json";"";".QGC.MetaData.Facts[rangefinderTarget].shortDesc, ";"no"
"JSON-0364";"qgc_json_uk_UA.ts";"SubmarineFact.json";"Roll/Pitch Toggle";"";"TODO";"../src/Vehicle/FactGroups/SubmarineFact.json";"";".QGC.MetaData.Facts[rollPitchToggle].shortDesc, ";"no"
"JSON-0365";"qgc_json_uk_UA.ts";"SubmarineFact.json";"Disabled,Enabled,Unavailable";"";"TODO";"../src/Vehicle/FactGroups/SubmarineFact.json";"";".QGC.MetaData.Facts[rollPitchToggle].enumStrings, ";"no"
"JSON-0366";"qgc_json_uk_UA.ts";"VehicleFact.json";"Roll";"";"TODO";"../src/Vehicle/FactGroups/VehicleFact.json";"";".QGC.MetaData.Facts[roll].shortDesc, ";"no"
"JSON-0367";"qgc_json_uk_UA.ts";"VehicleFact.json";"Pitch";"";"TODO";"../src/Vehicle/FactGroups/VehicleFact.json";"";".QGC.MetaData.Facts[pitch].shortDesc, ";"no"
"JSON-0368";"qgc_json_uk_UA.ts";"VehicleFact.json";"Heading";"";"TODO";"../src/Vehicle/FactGroups/VehicleFact.json";"";".QGC.MetaData.Facts[heading].shortDesc, ";"no"
"JSON-0369";"qgc_json_uk_UA.ts";"VehicleFact.json";"Roll Rate";"";"TODO";"../src/Vehicle/FactGroups/VehicleFact.json";"";".QGC.MetaData.Facts[rollRate].shortDesc, ";"no"
"JSON-0370";"qgc_json_uk_UA.ts";"VehicleFact.json";"Pitch Rate";"";"TODO";"../src/Vehicle/FactGroups/VehicleFact.json";"";".QGC.MetaData.Facts[pitchRate].shortDesc, ";"no"
"JSON-0371";"qgc_json_uk_UA.ts";"VehicleFact.json";"Yaw Rate";"";"TODO";"../src/Vehicle/FactGroups/VehicleFact.json";"";".QGC.MetaData.Facts[yawRate].shortDesc, ";"no"
"JSON-0372";"qgc_json_uk_UA.ts";"VehicleFact.json";"Ground Speed";"";"TODO";"../src/Vehicle/FactGroups/VehicleFact.json";"";".QGC.MetaData.Facts[groundSpeed].shortDesc, ";"no"
"JSON-0373";"qgc_json_uk_UA.ts";"VehicleFact.json";"Air Speed";"";"TODO";"../src/Vehicle/FactGroups/VehicleFact.json";"";".QGC.MetaData.Facts[airSpeed].shortDesc, ";"no"
"JSON-0374";"qgc_json_uk_UA.ts";"VehicleFact.json";"Climb Rate";"";"TODO";"../src/Vehicle/FactGroups/VehicleFact.json";"";".QGC.MetaData.Facts[climbRate].shortDesc, ";"no"
"JSON-0375";"qgc_json_uk_UA.ts";"VehicleFact.json";"Alt (Rel)";"";"TODO";"../src/Vehicle/FactGroups/VehicleFact.json";"";".QGC.MetaData.Facts[altitudeRelative].shortDesc, ";"no"
"JSON-0376";"qgc_json_uk_UA.ts";"VehicleFact.json";"Alt (AMSL)";"";"TODO";"../src/Vehicle/FactGroups/VehicleFact.json";"";".QGC.MetaData.Facts[altitudeAMSL].shortDesc, ";"no"
"JSON-0377";"qgc_json_uk_UA.ts";"VehicleFact.json";"Alt (Above Terrain)";"";"TODO";"../src/Vehicle/FactGroups/VehicleFact.json";"";".QGC.MetaData.Facts[altitudeAboveTerr].shortDesc, ";"no"
"JSON-0378";"qgc_json_uk_UA.ts";"VehicleFact.json";"Flight Distance";"";"TODO";"../src/Vehicle/FactGroups/VehicleFact.json";"";".QGC.MetaData.Facts[flightDistance].shortDesc, ";"no"
"JSON-0379";"qgc_json_uk_UA.ts";"VehicleFact.json";"Distance to Home";"";"TODO";"../src/Vehicle/FactGroups/VehicleFact.json";"";".QGC.MetaData.Facts[distanceToHome].shortDesc, ";"no"
"JSON-0380";"qgc_json_uk_UA.ts";"VehicleFact.json";"Time to Home";"";"TODO";"../src/Vehicle/FactGroups/VehicleFact.json";"";".QGC.MetaData.Facts[timeToHome].shortDesc, ";"no"
"JSON-0381";"qgc_json_uk_UA.ts";"VehicleFact.json";"Heading to Home";"";"TODO";"../src/Vehicle/FactGroups/VehicleFact.json";"";".QGC.MetaData.Facts[headingToHome].shortDesc, ";"no"
"JSON-0382";"qgc_json_uk_UA.ts";"VehicleFact.json";"Distance to GCS";"";"TODO";"../src/Vehicle/FactGroups/VehicleFact.json";"";".QGC.MetaData.Facts[distanceToGCS].shortDesc, ";"no"
"JSON-0383";"qgc_json_uk_UA.ts";"VehicleFact.json";"Mission Item Index";"";"TODO";"../src/Vehicle/FactGroups/VehicleFact.json";"";".QGC.MetaData.Facts[missionItemIndex].shortDesc, ";"no"
"JSON-0384";"qgc_json_uk_UA.ts";"VehicleFact.json";"Next WP Heading";"";"TODO";"../src/Vehicle/FactGroups/VehicleFact.json";"";".QGC.MetaData.Facts[headingToNextWP].shortDesc, ";"no"
"JSON-0385";"qgc_json_uk_UA.ts";"VehicleFact.json";"Next WP distance";"";"TODO";"../src/Vehicle/FactGroups/VehicleFact.json";"";".QGC.MetaData.Facts[distanceToNextWP].shortDesc, ";"no"
"JSON-0386";"qgc_json_uk_UA.ts";"VehicleFact.json";"Flight Time";"";"TODO";"../src/Vehicle/FactGroups/VehicleFact.json";"";".QGC.MetaData.Facts[flightTime].shortDesc, ";"no"
"JSON-0387";"qgc_json_uk_UA.ts";"VehicleFact.json";"Hobbs Meter";"";"TODO";"../src/Vehicle/FactGroups/VehicleFact.json";"";".QGC.MetaData.Facts[hobbs].shortDesc, ";"no"
"JSON-0388";"qgc_json_uk_UA.ts";"VehicleFact.json";"Throttle %";"";"TODO";"../src/Vehicle/FactGroups/VehicleFact.json";"";".QGC.MetaData.Facts[throttlePct].shortDesc, ";"no"
"JSON-0389";"qgc_json_uk_UA.ts";"VehicleFact.json";"Imu temperature";"";"TODO";"../src/Vehicle/FactGroups/VehicleFact.json";"";".QGC.MetaData.Facts[imuTemp].shortDesc, ";"no"
"JSON-0390";"qgc_json_uk_UA.ts";"ClockFact.json";"Time";"";"TODO";"../src/Vehicle/FactGroups/ClockFact.json";"";".QGC.MetaData.Facts[currentTime].shortDesc, ";"no"
"JSON-0391";"qgc_json_uk_UA.ts";"ClockFact.json";"UTC Time";"";"TODO";"../src/Vehicle/FactGroups/ClockFact.json";"";".QGC.MetaData.Facts[currentUTCTime].shortDesc, ";"no"
"JSON-0392";"qgc_json_uk_UA.ts";"ClockFact.json";"Date";"";"TODO";"../src/Vehicle/FactGroups/ClockFact.json";"";".QGC.MetaData.Facts[currentDate].shortDesc, ";"no"
"JSON-0393";"qgc_json_uk_UA.ts";"LocalPositionFact.json";"X";"";"TODO";"../src/Vehicle/FactGroups/LocalPositionFact.json";"";".QGC.MetaData.Facts[x].shortDesc, ";"no"
"JSON-0394";"qgc_json_uk_UA.ts";"LocalPositionFact.json";"Y";"";"TODO";"../src/Vehicle/FactGroups/LocalPositionFact.json";"";".QGC.MetaData.Facts[y].shortDesc, ";"no"
"JSON-0395";"qgc_json_uk_UA.ts";"LocalPositionFact.json";"Z";"";"TODO";"../src/Vehicle/FactGroups/LocalPositionFact.json";"";".QGC.MetaData.Facts[z].shortDesc, ";"no"
"JSON-0396";"qgc_json_uk_UA.ts";"LocalPositionFact.json";"VX";"";"TODO";"../src/Vehicle/FactGroups/LocalPositionFact.json";"";".QGC.MetaData.Facts[vx].shortDesc, ";"no"
"JSON-0397";"qgc_json_uk_UA.ts";"LocalPositionFact.json";"Vy";"";"TODO";"../src/Vehicle/FactGroups/LocalPositionFact.json";"";".QGC.MetaData.Facts[vy].shortDesc, ";"no"
"JSON-0398";"qgc_json_uk_UA.ts";"LocalPositionFact.json";"Vz";"";"TODO";"../src/Vehicle/FactGroups/LocalPositionFact.json";"";".QGC.MetaData.Facts[vz].shortDesc, ";"no"
"JSON-0399";"qgc_json_uk_UA.ts";"HygrometerFact.json";"Temperature";"";"TODO";"../src/Vehicle/FactGroups/HygrometerFact.json";"";".QGC.MetaData.Facts[temperature].shortDesc, ";"no"
"JSON-0400";"qgc_json_uk_UA.ts";"HygrometerFact.json";"Humidity %";"";"TODO";"../src/Vehicle/FactGroups/HygrometerFact.json";"";".QGC.MetaData.Facts[humidity].shortDesc, ";"no"
"JSON-0401";"qgc_json_uk_UA.ts";"HygrometerFact.json";"ID";"";"TODO";"../src/Vehicle/FactGroups/HygrometerFact.json";"";".QGC.MetaData.Facts[hygrometerid].shortDesc, ";"no"
"JSON-0402";"qgc_json_uk_UA.ts";"RPMFact.json";"RPM 1";"";"TODO";"../src/Vehicle/FactGroups/RPMFact.json";"";".QGC.MetaData.Facts[rpm1].shortDesc, ";"no"
"JSON-0403";"qgc_json_uk_UA.ts";"RPMFact.json";"RPM 2";"";"TODO";"../src/Vehicle/FactGroups/RPMFact.json";"";".QGC.MetaData.Facts[rpm2].shortDesc, ";"no"
"JSON-0404";"qgc_json_uk_UA.ts";"RPMFact.json";"RPM 3";"";"TODO";"../src/Vehicle/FactGroups/RPMFact.json";"";".QGC.MetaData.Facts[rpm3].shortDesc, ";"no"
"JSON-0405";"qgc_json_uk_UA.ts";"RPMFact.json";"RPM 4";"";"TODO";"../src/Vehicle/FactGroups/RPMFact.json";"";".QGC.MetaData.Facts[rpm4].shortDesc, ";"no"
"JSON-0406";"qgc_json_uk_UA.ts";"EstimatorStatusFactGroup.json";"Good Attitude Esimate";"";"TODO";"../src/Vehicle/FactGroups/EstimatorStatusFactGroup.json";"";".QGC.MetaData.Facts[goodAttitudeEsimate].shortDesc, ";"no"
"JSON-0407";"qgc_json_uk_UA.ts";"EstimatorStatusFactGroup.json";"Good Horiz Vel Estimate";"";"TODO";"../src/Vehicle/FactGroups/EstimatorStatusFactGroup.json";"";".QGC.MetaData.Facts[goodHorizVelEstimate].shortDesc, ";"no"
"JSON-0408";"qgc_json_uk_UA.ts";"EstimatorStatusFactGroup.json";"Good Vert Vel Estimate";"";"TODO";"../src/Vehicle/FactGroups/EstimatorStatusFactGroup.json";"";".QGC.MetaData.Facts[goodVertVelEstimate].shortDesc, ";"no"
"JSON-0409";"qgc_json_uk_UA.ts";"EstimatorStatusFactGroup.json";"Good Horiz Pos Rel Estimate";"";"TODO";"../src/Vehicle/FactGroups/EstimatorStatusFactGroup.json";"";".QGC.MetaData.Facts[goodHorizPosRelEstimate].shortDesc, ";"no"
"JSON-0410";"qgc_json_uk_UA.ts";"EstimatorStatusFactGroup.json";"Good Horiz Pos Abs Estimate";"";"TODO";"../src/Vehicle/FactGroups/EstimatorStatusFactGroup.json";"";".QGC.MetaData.Facts[goodHorizPosAbsEstimate].shortDesc, ";"no"
"JSON-0411";"qgc_json_uk_UA.ts";"EstimatorStatusFactGroup.json";"Good Vert Pos Abs Estimate";"";"TODO";"../src/Vehicle/FactGroups/EstimatorStatusFactGroup.json";"";".QGC.MetaData.Facts[goodVertPosAbsEstimate].shortDesc, ";"no"
"JSON-0412";"qgc_json_uk_UA.ts";"EstimatorStatusFactGroup.json";"Good Vert Pos AGL Estimate";"";"TODO";"../src/Vehicle/FactGroups/EstimatorStatusFactGroup.json";"";".QGC.MetaData.Facts[goodVertPosAGLEstimate].shortDesc, ";"no"
"JSON-0413";"qgc_json_uk_UA.ts";"EstimatorStatusFactGroup.json";"Good Const Pos Mode Estimate";"";"TODO";"../src/Vehicle/FactGroups/EstimatorStatusFactGroup.json";"";".QGC.MetaData.Facts[goodConstPosModeEstimate].shortDesc, ";"no"
"JSON-0414";"qgc_json_uk_UA.ts";"EstimatorStatusFactGroup.json";"Good Pred Horiz Pos Rel Estimate";"";"TODO";"../src/Vehicle/FactGroups/EstimatorStatusFactGroup.json";"";".QGC.MetaData.Facts[goodPredHorizPosRelEstimate].shortDesc, ";"no"
"JSON-0415";"qgc_json_uk_UA.ts";"EstimatorStatusFactGroup.json";"Good Pred Horiz Pos Abs Estimate";"";"TODO";"../src/Vehicle/FactGroups/EstimatorStatusFactGroup.json";"";".QGC.MetaData.Facts[goodPredHorizPosAbsEstimate].shortDesc, ";"no"
"JSON-0416";"qgc_json_uk_UA.ts";"EstimatorStatusFactGroup.json";"Gps Glitch";"";"TODO";"../src/Vehicle/FactGroups/EstimatorStatusFactGroup.json";"";".QGC.MetaData.Facts[gpsGlitch].shortDesc, ";"no"
"JSON-0417";"qgc_json_uk_UA.ts";"EstimatorStatusFactGroup.json";"Accel Error";"";"TODO";"../src/Vehicle/FactGroups/EstimatorStatusFactGroup.json";"";".QGC.MetaData.Facts[accelError].shortDesc, ";"no"
"JSON-0418";"qgc_json_uk_UA.ts";"EstimatorStatusFactGroup.json";"Vel Ratio";"";"TODO";"../src/Vehicle/FactGroups/EstimatorStatusFactGroup.json";"";".QGC.MetaData.Facts[velRatio].shortDesc, ";"no"
"JSON-0419";"qgc_json_uk_UA.ts";"EstimatorStatusFactGroup.json";"Horiz Pos Ratio";"";"TODO";"../src/Vehicle/FactGroups/EstimatorStatusFactGroup.json";"";".QGC.MetaData.Facts[horizPosRatio].shortDesc, ";"no"
"JSON-0420";"qgc_json_uk_UA.ts";"EstimatorStatusFactGroup.json";"Vert Pos Ratio";"";"TODO";"../src/Vehicle/FactGroups/EstimatorStatusFactGroup.json";"";".QGC.MetaData.Facts[vertPosRatio].shortDesc, ";"no"
"JSON-0421";"qgc_json_uk_UA.ts";"EstimatorStatusFactGroup.json";"Mag Ratio";"";"TODO";"../src/Vehicle/FactGroups/EstimatorStatusFactGroup.json";"";".QGC.MetaData.Facts[magRatio].shortDesc, ";"no"
"JSON-0422";"qgc_json_uk_UA.ts";"EstimatorStatusFactGroup.json";"HAGL Ratio";"";"TODO";"../src/Vehicle/FactGroups/EstimatorStatusFactGroup.json";"";".QGC.MetaData.Facts[haglRatio].shortDesc, ";"no"
"JSON-0423";"qgc_json_uk_UA.ts";"EstimatorStatusFactGroup.json";"TAS Ratio";"";"TODO";"../src/Vehicle/FactGroups/EstimatorStatusFactGroup.json";"";".QGC.MetaData.Facts[tasRatio].shortDesc, ";"no"
"JSON-0424";"qgc_json_uk_UA.ts";"EstimatorStatusFactGroup.json";"Horiz Pos Accuracy";"";"TODO";"../src/Vehicle/FactGroups/EstimatorStatusFactGroup.json";"";".QGC.MetaData.Facts[horizPosAccuracy].shortDesc, ";"no"
"JSON-0425";"qgc_json_uk_UA.ts";"EstimatorStatusFactGroup.json";"Vert Pos Accuracy";"";"TODO";"../src/Vehicle/FactGroups/EstimatorStatusFactGroup.json";"";".QGC.MetaData.Facts[vertPosAccuracy].shortDesc, ";"no"
"JSON-0426";"qgc_json_uk_UA.ts";"GPSRTKFact.json";"Connected";"";"TODO";"../src/GPS/GPSRTKFact.json";"";".QGC.MetaData.Facts[connected].shortDesc, ";"no"
"JSON-0427";"qgc_json_uk_UA.ts";"GPSRTKFact.json";"Current Survey-In Accuracy";"";"TODO";"../src/GPS/GPSRTKFact.json";"";".QGC.MetaData.Facts[currentAccuracy].shortDesc, ";"no"
"JSON-0428";"qgc_json_uk_UA.ts";"GPSRTKFact.json";"Current Survey-In Latitude";"";"TODO";"../src/GPS/GPSRTKFact.json";"";".QGC.MetaData.Facts[currentLatitude].shortDesc, ";"no"
"JSON-0429";"qgc_json_uk_UA.ts";"GPSRTKFact.json";"Current Survey-In Longitude";"";"TODO";"../src/GPS/GPSRTKFact.json";"";".QGC.MetaData.Facts[currentLongitude].shortDesc, ";"no"
"JSON-0430";"qgc_json_uk_UA.ts";"GPSRTKFact.json";"Current Survey-In Altitude";"";"TODO";"../src/GPS/GPSRTKFact.json";"";".QGC.MetaData.Facts[currentAltitude].shortDesc, ";"no"
"JSON-0431";"qgc_json_uk_UA.ts";"GPSRTKFact.json";"Current Survey-In Duration";"";"TODO";"../src/GPS/GPSRTKFact.json";"";".QGC.MetaData.Facts[currentDuration].shortDesc, ";"no"
"JSON-0432";"qgc_json_uk_UA.ts";"GPSRTKFact.json";"Survey-In Valid";"";"TODO";"../src/GPS/GPSRTKFact.json";"";".QGC.MetaData.Facts[valid].shortDesc, ";"no"
"JSON-0433";"qgc_json_uk_UA.ts";"GPSRTKFact.json";"Survey-In Active";"";"TODO";"../src/GPS/GPSRTKFact.json";"";".QGC.MetaData.Facts[active].shortDesc, ";"no"
"JSON-0434";"qgc_json_uk_UA.ts";"GPSRTKFact.json";"Number of Satellites";"";"TODO";"../src/GPS/GPSRTKFact.json";"";".QGC.MetaData.Facts[numSatellites].shortDesc, ";"no"
"JSON-0435";"qgc_json_uk_UA.ts";"RCToParamDialog.FactMetaData.json";"Scale the RC range";"";"TODO";"../src/QmlControls/RCToParamDialog.FactMetaData.json";"";".QGC.MetaData.Facts[Scale].shortDesc, ";"no"
"JSON-0436";"qgc_json_uk_UA.ts";"RCToParamDialog.FactMetaData.json";"Parameter value when RC output is 0";"";"TODO";"../src/QmlControls/RCToParamDialog.FactMetaData.json";"";".QGC.MetaData.Facts[CenterValue].shortDesc, ";"no"
"JSON-0437";"qgc_json_uk_UA.ts";"RCToParamDialog.FactMetaData.json";"Minimum parameter value";"";"TODO";"../src/QmlControls/RCToParamDialog.FactMetaData.json";"";".QGC.MetaData.Facts[MinValue].shortDesc, ";"no"
"JSON-0438";"qgc_json_uk_UA.ts";"RCToParamDialog.FactMetaData.json";"Maximum parameter value";"";"TODO";"../src/QmlControls/RCToParamDialog.FactMetaData.json";"";".QGC.MetaData.Facts[MaxValue].shortDesc, ";"no"
"JSON-0439";"qgc_json_uk_UA.ts";"EditPositionDialog.FactMetaData.json";"Latitude of item position";"";"TODO";"../src/QmlControls/EditPositionDialog.FactMetaData.json";"";".QGC.MetaData.Facts[Latitude].shortDesc, ";"no"
"JSON-0440";"qgc_json_uk_UA.ts";"EditPositionDialog.FactMetaData.json";"Longitude of item position";"";"TODO";"../src/QmlControls/EditPositionDialog.FactMetaData.json";"";".QGC.MetaData.Facts[Longitude].shortDesc, ";"no"
"JSON-0441";"qgc_json_uk_UA.ts";"EditPositionDialog.FactMetaData.json";"Easting of item position";"";"TODO";"../src/QmlControls/EditPositionDialog.FactMetaData.json";"";".QGC.MetaData.Facts[Easting].shortDesc, ";"no"
"JSON-0442";"qgc_json_uk_UA.ts";"EditPositionDialog.FactMetaData.json";"Northing of item position";"";"TODO";"../src/QmlControls/EditPositionDialog.FactMetaData.json";"";".QGC.MetaData.Facts[Northing].shortDesc, ";"no"
"JSON-0443";"qgc_json_uk_UA.ts";"EditPositionDialog.FactMetaData.json";"UTM zone";"";"TODO";"../src/QmlControls/EditPositionDialog.FactMetaData.json";"";".QGC.MetaData.Facts[Zone].shortDesc, ";"no"
"JSON-0444";"qgc_json_uk_UA.ts";"EditPositionDialog.FactMetaData.json";"Hemisphere for position";"";"TODO";"../src/QmlControls/EditPositionDialog.FactMetaData.json";"";".QGC.MetaData.Facts[Hemisphere].shortDesc, ";"no"
"JSON-0445";"qgc_json_uk_UA.ts";"EditPositionDialog.FactMetaData.json";"North,South";"";"TODO";"../src/QmlControls/EditPositionDialog.FactMetaData.json";"";".QGC.MetaData.Facts[Hemisphere].enumStrings, ";"no"
"JSON-0446";"qgc_json_uk_UA.ts";"EditPositionDialog.FactMetaData.json";"MGRS coordinate";"";"TODO";"../src/QmlControls/EditPositionDialog.FactMetaData.json";"";".QGC.MetaData.Facts[MGRS].shortDesc, ";"no"
"JSON-0447";"qgc_json_uk_UA.ts";"QGCMapCircle.Facts.json";"Radius for geofence circle.";"";"TODO";"../src/QmlControls/QGCMapCircle.Facts.json";"";".QGC.MetaData.Facts[Radius].shortDesc, ";"no"
"JSON-0448";"qgc_json_uk_UA.ts";"APMFollowComponent.FactMetaData.json";"Angle from ground station to vehicle";"";"TODO";"../src/AutoPilotPlugins/APM/APMFollowComponent.FactMetaData.json";"";".QGC.MetaData.Facts[angle].shortDesc, ";"no"
"JSON-0449";"qgc_json_uk_UA.ts";"APMFollowComponent.FactMetaData.json";"Horizontal distance from ground station to vehicle";"";"TODO";"../src/AutoPilotPlugins/APM/APMFollowComponent.FactMetaData.json";"";".QGC.MetaData.Facts[distance].shortDesc, ";"no"
"JSON-0450";"qgc_json_uk_UA.ts";"APMFollowComponent.FactMetaData.json";"Vertical distance from Launch (home) position to vehicle";"";"TODO";"../src/AutoPilotPlugins/APM/APMFollowComponent.FactMetaData.json";"";".QGC.MetaData.Facts[height].shortDesc, ";"no"
"JSON-0451";"qgc_json_uk_UA.ts";"TransectStyle.SettingsGroup.json";"Amount of additional distance to add outside the survey area for vehicle turn around.";"";"TODO";"../src/MissionManager/TransectStyle.SettingsGroup.json";"";".QGC.MetaData.Facts[TurnAroundDistance].shortDesc, .QGC.MetaData.Facts[TurnAroundDistanceMultiRotor].shortDesc, ";"no"
"JSON-0452";"qgc_json_uk_UA.ts";"TransectStyle.SettingsGroup.json";"Camera continues taking images in turn arounds.";"";"TODO";"../src/MissionManager/TransectStyle.SettingsGroup.json";"";".QGC.MetaData.Facts[CameraTriggerInTurnAround].shortDesc, ";"no"
"JSON-0453";"qgc_json_uk_UA.ts";"TransectStyle.SettingsGroup.json";"Stop and Hover at each image point before taking image";"";"TODO";"../src/MissionManager/TransectStyle.SettingsGroup.json";"";".QGC.MetaData.Facts[HoverAndCapture].shortDesc, ";"no"
"JSON-0454";"qgc_json_uk_UA.ts";"TransectStyle.SettingsGroup.json";"Refly the pattern at a 90 degree angle";"";"TODO";"../src/MissionManager/TransectStyle.SettingsGroup.json";"";".QGC.MetaData.Facts[Refly90Degrees].shortDesc, ";"no"
"JSON-0455";"qgc_json_uk_UA.ts";"TransectStyle.SettingsGroup.json";"Additional waypoints within the transect will be added if the terrain altitude difference grows larger than this tolerance.";"";"TODO";"../src/MissionManager/TransectStyle.SettingsGroup.json";"";".QGC.MetaData.Facts[TerrainAdjustTolerance].shortDesc, ";"no"
"JSON-0456";"qgc_json_uk_UA.ts";"TransectStyle.SettingsGroup.json";"The maximum climb rate from one waypoint to another when adjusting for terrain. Set to 0 for no max.";"";"TODO";"../src/MissionManager/TransectStyle.SettingsGroup.json";"";".QGC.MetaData.Facts[TerrainAdjustMaxClimbRate].shortDesc, ";"no"
"JSON-0457";"qgc_json_uk_UA.ts";"TransectStyle.SettingsGroup.json";"The maximum descent rate from one waypoint to another when adjusting for terrain. Set to 0 for no max.";"";"TODO";"../src/MissionManager/TransectStyle.SettingsGroup.json";"";".QGC.MetaData.Facts[TerrainAdjustMaxDescentRate].shortDesc, ";"no"
"JSON-0458";"qgc_json_uk_UA.ts";"VTOLLandingPattern.FactMetaData.json";"Distance between landing and approach points.";"";"TODO";"../src/MissionManager/VTOLLandingPattern.FactMetaData.json";"";".QGC.MetaData.Facts[LandingDistance].shortDesc, ";"no"
"JSON-0459";"qgc_json_uk_UA.ts";"VTOLLandingPattern.FactMetaData.json";"Heading from approach to land point.";"";"TODO";"../src/MissionManager/VTOLLandingPattern.FactMetaData.json";"";".QGC.MetaData.Facts[LandingHeading].shortDesc, ";"no"
"JSON-0460";"qgc_json_uk_UA.ts";"VTOLLandingPattern.FactMetaData.json";"Altitude to begin landing approach from.";"";"TODO";"../src/MissionManager/VTOLLandingPattern.FactMetaData.json";"";".QGC.MetaData.Facts[FinalApproachAltitude].shortDesc, ";"no"
"JSON-0461";"qgc_json_uk_UA.ts";"VTOLLandingPattern.FactMetaData.json";"Loiter radius.";"";"TODO";"../src/MissionManager/VTOLLandingPattern.FactMetaData.json";"";".QGC.MetaData.Facts[LoiterRadius].shortDesc, ";"no"
"JSON-0462";"qgc_json_uk_UA.ts";"VTOLLandingPattern.FactMetaData.json";"Loiter clockwise around the final approach point.";"";"TODO";"../src/MissionManager/VTOLLandingPattern.FactMetaData.json";"";".QGC.MetaData.Facts[LoiterClockwise].shortDesc, ";"no"
"JSON-0463";"qgc_json_uk_UA.ts";"VTOLLandingPattern.FactMetaData.json";"Altitude for landing point on ground.";"";"TODO";"../src/MissionManager/VTOLLandingPattern.FactMetaData.json";"";".QGC.MetaData.Facts[LandingAltitude].shortDesc, ";"no"
"JSON-0464";"qgc_json_uk_UA.ts";"VTOLLandingPattern.FactMetaData.json";"Use a loiter to altitude item for final appoach. Otherwise use a regular waypoint.";"";"TODO";"../src/MissionManager/VTOLLandingPattern.FactMetaData.json";"";".QGC.MetaData.Facts[UseLoiterToAlt].shortDesc, ";"no"
"JSON-0465";"qgc_json_uk_UA.ts";"VTOLLandingPattern.FactMetaData.json";"Stop taking photos";"";"TODO";"../src/MissionManager/VTOLLandingPattern.FactMetaData.json";"";".QGC.MetaData.Facts[StopTakingPhotos].shortDesc, ";"no"
"JSON-0466";"qgc_json_uk_UA.ts";"VTOLLandingPattern.FactMetaData.json";"Stop taking video";"";"TODO";"../src/MissionManager/VTOLLandingPattern.FactMetaData.json";"";".QGC.MetaData.Facts[StopTakingVideo].shortDesc, ";"no"
"JSON-0467";"qgc_json_uk_UA.ts";"CorridorScan.SettingsGroup.json";"Altitude for the bottom layer of the structure scan.";"";"TODO";"../src/MissionManager/CorridorScan.SettingsGroup.json";"";".QGC.MetaData.Facts[Altitude].shortDesc, ";"no"
"JSON-0468";"qgc_json_uk_UA.ts";"CorridorScan.SettingsGroup.json";"Corridor width. Specify 0 width for a single pass scan.";"";"TODO";"../src/MissionManager/CorridorScan.SettingsGroup.json";"";".QGC.MetaData.Facts[CorridorWidth].shortDesc, ";"no"
"JSON-0469";"qgc_json_uk_UA.ts";"CorridorScan.SettingsGroup.json";"Distance between each triggering of the camera. 0 specifies not camera trigger.";"";"TODO";"../src/MissionManager/CorridorScan.SettingsGroup.json";"";".QGC.MetaData.Facts[Trigger distance].shortDesc, ";"no"
"JSON-0470";"qgc_json_uk_UA.ts";"CorridorScan.SettingsGroup.json";"Amount of spacing in between parallel grid lines.";"";"TODO";"../src/MissionManager/CorridorScan.SettingsGroup.json";"";".QGC.MetaData.Facts[GridSpacing].shortDesc, ";"no"
"JSON-0471";"qgc_json_uk_UA.ts";"CorridorScan.SettingsGroup.json";"Amount of additional distance to add outside the survey area for vehicle turnaround.";"";"TODO";"../src/MissionManager/CorridorScan.SettingsGroup.json";"";".QGC.MetaData.Facts[TurnaroundDistance].shortDesc, ";"no"
"JSON-0472";"qgc_json_uk_UA.ts";"StructureScan.SettingsGroup.json";"Gimbal pitch rotation.";"";"TODO";"../src/MissionManager/StructureScan.SettingsGroup.json";"";".QGC.MetaData.Facts[GimbalPitch].shortDesc, ";"no"
"JSON-0473";"qgc_json_uk_UA.ts";"StructureScan.SettingsGroup.json";"Vehicle will fly to/from the structure at this altitude.";"";"TODO";"../src/MissionManager/StructureScan.SettingsGroup.json";"";".QGC.MetaData.Facts[EntranceAltitude].shortDesc, ";"no"
"JSON-0474";"qgc_json_uk_UA.ts";"StructureScan.SettingsGroup.json";"Altitude for the bottomost covered area of the scan. You can adjust this value such that the Bottom Layer Alt will fly above obstacles on the ground.";"";"TODO";"../src/MissionManager/StructureScan.SettingsGroup.json";"";".QGC.MetaData.Facts[ScanBottomAlt].shortDesc, ";"no"
"JSON-0475";"qgc_json_uk_UA.ts";"StructureScan.SettingsGroup.json";"Number of scan layers.";"";"TODO";"../src/MissionManager/StructureScan.SettingsGroup.json";"";".QGC.MetaData.Facts[Layers].shortDesc, ";"no"
"JSON-0476";"qgc_json_uk_UA.ts";"StructureScan.SettingsGroup.json";"Height of structure being scanned.";"";"TODO";"../src/MissionManager/StructureScan.SettingsGroup.json";"";".QGC.MetaData.Facts[StructureHeight].shortDesc, ";"no"
"JSON-0477";"qgc_json_uk_UA.ts";"StructureScan.SettingsGroup.json";"Start scanning from top of structure.";"";"TODO";"../src/MissionManager/StructureScan.SettingsGroup.json";"";".QGC.MetaData.Facts[StartFromTop].shortDesc, ";"no"
"JSON-0478";"qgc_json_uk_UA.ts";"MavCmdInfoMultiRotor.json";"Yaw";"";"TODO";"../src/MissionManager/MavCmdInfoMultiRotor.json";"";".mavCmdInfo[MAV_CMD_NAV_TAKEOFF].param4.label, ";"no"
"JSON-0479";"qgc_json_uk_UA.ts";"MissionSettings.FactMetaData.json";"Launch position altitude";"";"TODO";"../src/MissionManager/MissionSettings.FactMetaData.json";"";".QGC.MetaData.Facts[PlannedHomePositionAltitude].shortDesc, ";"no"
"JSON-0480";"qgc_json_uk_UA.ts";"CameraSpec.FactMetaData.json";"Camera name.";"";"TODO";"../src/MissionManager/CameraSpec.FactMetaData.json";"";".QGC.MetaData.Facts[Name].shortDesc, ";"no"
"JSON-0481";"qgc_json_uk_UA.ts";"CameraSpec.FactMetaData.json";"Width of camera image sensor.";"";"TODO";"../src/MissionManager/CameraSpec.FactMetaData.json";"";".QGC.MetaData.Facts[SensorWidth].shortDesc, ";"no"
"JSON-0482";"qgc_json_uk_UA.ts";"CameraSpec.FactMetaData.json";"Height of camera image sensor.";"";"TODO";"../src/MissionManager/CameraSpec.FactMetaData.json";"";".QGC.MetaData.Facts[SensorHeight].shortDesc, ";"no"
"JSON-0483";"qgc_json_uk_UA.ts";"CameraSpec.FactMetaData.json";"Camera image resolution width.";"";"TODO";"../src/MissionManager/CameraSpec.FactMetaData.json";"";".QGC.MetaData.Facts[ImageWidth].shortDesc, ";"no"
"JSON-0484";"qgc_json_uk_UA.ts";"CameraSpec.FactMetaData.json";"Camera image resolution height.";"";"TODO";"../src/MissionManager/CameraSpec.FactMetaData.json";"";".QGC.MetaData.Facts[ImageHeight].shortDesc, ";"no"
"JSON-0485";"qgc_json_uk_UA.ts";"CameraSpec.FactMetaData.json";"Focal length of camera lens.";"";"TODO";"../src/MissionManager/CameraSpec.FactMetaData.json";"";".QGC.MetaData.Facts[FocalLength].shortDesc, ";"no"
"JSON-0486";"qgc_json_uk_UA.ts";"CameraSpec.FactMetaData.json";"Camera on vehicle is in landscape orientation.";"";"TODO";"../src/MissionManager/CameraSpec.FactMetaData.json";"";".QGC.MetaData.Facts[Landscape].shortDesc, ";"no"
"JSON-0487";"qgc_json_uk_UA.ts";"CameraSpec.FactMetaData.json";"Camera orientation ix fixed and cannot be changed.";"";"TODO";"../src/MissionManager/CameraSpec.FactMetaData.json";"";".QGC.MetaData.Facts[FixedOrientation].shortDesc, ";"no"
"JSON-0488";"qgc_json_uk_UA.ts";"CameraSpec.FactMetaData.json";"Minimum amount of time between each camera trigger.";"";"TODO";"../src/MissionManager/CameraSpec.FactMetaData.json";"";".QGC.MetaData.Facts[MinTriggerInterval].shortDesc, ";"no"
"JSON-0489";"qgc_json_uk_UA.ts";"MavCmdInfoFixedWing.json";"Pitch";"";"TODO";"../src/MissionManager/MavCmdInfoFixedWing.json";"";".mavCmdInfo[MAV_CMD_NAV_TAKEOFF].param1.label, ";"no"
"JSON-0490";"qgc_json_uk_UA.ts";"CameraCalc.FactMetaData.json";"Camera name.";"";"TODO";"../src/MissionManager/CameraCalc.FactMetaData.json";"";".QGC.MetaData.Facts[CameraName].shortDesc, ";"no"
"JSON-0491";"qgc_json_uk_UA.ts";"CameraCalc.FactMetaData.json";"Value specified is distance to surface.";"";"TODO";"../src/MissionManager/CameraCalc.FactMetaData.json";"";".QGC.MetaData.Facts[ValueSetIsDistance].shortDesc, ";"no"
"JSON-0492";"qgc_json_uk_UA.ts";"CameraCalc.FactMetaData.json";"Distance vehicle is away from surface.";"";"TODO";"../src/MissionManager/CameraCalc.FactMetaData.json";"";".QGC.MetaData.Facts[DistanceToSurface].shortDesc, ";"no"
"JSON-0493";"qgc_json_uk_UA.ts";"CameraCalc.FactMetaData.json";"Image desity at surface.";"";"TODO";"../src/MissionManager/CameraCalc.FactMetaData.json";"";".QGC.MetaData.Facts[ImageDensity].shortDesc, ";"no"
"JSON-0494";"qgc_json_uk_UA.ts";"CameraCalc.FactMetaData.json";"Amount of overlap between images in the forward facing direction.";"";"TODO";"../src/MissionManager/CameraCalc.FactMetaData.json";"";".QGC.MetaData.Facts[FrontalOverlap].shortDesc, ";"no"
"JSON-0495";"qgc_json_uk_UA.ts";"CameraCalc.FactMetaData.json";"Amount of overlap between images in the side facing direction.";"";"TODO";"../src/MissionManager/CameraCalc.FactMetaData.json";"";".QGC.MetaData.Facts[SideOverlap].shortDesc, ";"no"
"JSON-0496";"qgc_json_uk_UA.ts";"SpeedSection.FactMetaData.json";"Set the current flight speed";"";"TODO";"../src/MissionManager/SpeedSection.FactMetaData.json";"";".QGC.MetaData.Facts[FlightSpeed].shortDesc, ";"no"
"JSON-0497";"qgc_json_uk_UA.ts";"FWLandingPattern.FactMetaData.json";"Distance between approach and land points.";"";"TODO";"../src/MissionManager/FWLandingPattern.FactMetaData.json";"";".QGC.MetaData.Facts[LandingDistance].shortDesc, ";"no"
"JSON-0498";"qgc_json_uk_UA.ts";"FWLandingPattern.FactMetaData.json";"Heading from approach to land point.";"";"TODO";"../src/MissionManager/FWLandingPattern.FactMetaData.json";"";".QGC.MetaData.Facts[LandingHeading].shortDesc, ";"no"
"JSON-0499";"qgc_json_uk_UA.ts";"FWLandingPattern.FactMetaData.json";"Altitude to begin landing approach from.";"";"TODO";"../src/MissionManager/FWLandingPattern.FactMetaData.json";"";".QGC.MetaData.Facts[FinalApproachAltitude].shortDesc, ";"no"
"JSON-0500";"qgc_json_uk_UA.ts";"FWLandingPattern.FactMetaData.json";"Command a specific speed for the approach, useful for reducing energy before the glide slope.";"";"TODO";"../src/MissionManager/FWLandingPattern.FactMetaData.json";"";".QGC.MetaData.Facts[UseDoChangeSpeed].shortDesc, ";"no"
"JSON-0501";"qgc_json_uk_UA.ts";"FWLandingPattern.FactMetaData.json";"Speed to perform the approach at.";"";"TODO";"../src/MissionManager/FWLandingPattern.FactMetaData.json";"";".QGC.MetaData.Facts[FinalApproachSpeed].shortDesc, ";"no"
"JSON-0502";"qgc_json_uk_UA.ts";"FWLandingPattern.FactMetaData.json";"Loiter radius.";"";"TODO";"../src/MissionManager/FWLandingPattern.FactMetaData.json";"";".QGC.MetaData.Facts[LoiterRadius].shortDesc, ";"no"
"JSON-0503";"qgc_json_uk_UA.ts";"FWLandingPattern.FactMetaData.json";"Loiter clockwise around the final approach point.";"";"TODO";"../src/MissionManager/FWLandingPattern.FactMetaData.json";"";".QGC.MetaData.Facts[LoiterClockwise].shortDesc, ";"no"
"JSON-0504";"qgc_json_uk_UA.ts";"FWLandingPattern.FactMetaData.json";"Altitude for landing point.";"";"TODO";"../src/MissionManager/FWLandingPattern.FactMetaData.json";"";".QGC.MetaData.Facts[LandingAltitude].shortDesc, ";"no"
"JSON-0505";"qgc_json_uk_UA.ts";"FWLandingPattern.FactMetaData.json";"The glide slope between the loiter and landing point.";"";"TODO";"../src/MissionManager/FWLandingPattern.FactMetaData.json";"";".QGC.MetaData.Facts[GlideSlope].shortDesc, ";"no"
"JSON-0506";"qgc_json_uk_UA.ts";"FWLandingPattern.FactMetaData.json";"Value controller approach point is distance";"";"TODO";"../src/MissionManager/FWLandingPattern.FactMetaData.json";"";".QGC.MetaData.Facts[ValueSetIsDistance].shortDesc, ";"no"
"JSON-0507";"qgc_json_uk_UA.ts";"FWLandingPattern.FactMetaData.json";"Use a loiter to altitude item for final appoach. Otherwise use a regular waypoint.";"";"TODO";"../src/MissionManager/FWLandingPattern.FactMetaData.json";"";".QGC.MetaData.Facts[UseLoiterToAlt].shortDesc, ";"no"
"JSON-0508";"qgc_json_uk_UA.ts";"FWLandingPattern.FactMetaData.json";"Stop taking photos";"";"TODO";"../src/MissionManager/FWLandingPattern.FactMetaData.json";"";".QGC.MetaData.Facts[StopTakingPhotos].shortDesc, ";"no"
"JSON-0509";"qgc_json_uk_UA.ts";"FWLandingPattern.FactMetaData.json";"Stop taking video";"";"TODO";"../src/MissionManager/FWLandingPattern.FactMetaData.json";"";".QGC.MetaData.Facts[StopTakingVideo].shortDesc, ";"no"
"JSON-0510";"qgc_json_uk_UA.ts";"RallyPoint.FactMetaData.json";"Latitude of rally point position";"";"TODO";"../src/MissionManager/RallyPoint.FactMetaData.json";"";".QGC.MetaData.Facts[Latitude].shortDesc, ";"no"
"JSON-0511";"qgc_json_uk_UA.ts";"RallyPoint.FactMetaData.json";"Longitude of rally point position";"";"TODO";"../src/MissionManager/RallyPoint.FactMetaData.json";"";".QGC.MetaData.Facts[Longitude].shortDesc, ";"no"
"JSON-0512";"qgc_json_uk_UA.ts";"RallyPoint.FactMetaData.json";"Altitude of rally point position (home relative)";"";"TODO";"../src/MissionManager/RallyPoint.FactMetaData.json";"";".QGC.MetaData.Facts[RelativeAltitude].shortDesc, ";"no"
"JSON-0513";"qgc_json_uk_UA.ts";"BreachReturn.FactMetaData.json";"Latitude of breach return point position";"";"TODO";"../src/MissionManager/BreachReturn.FactMetaData.json";"";".QGC.MetaData.Facts[Latitude].shortDesc, ";"no"
"JSON-0514";"qgc_json_uk_UA.ts";"BreachReturn.FactMetaData.json";"Longitude of breach return point position";"";"TODO";"../src/MissionManager/BreachReturn.FactMetaData.json";"";".QGC.MetaData.Facts[Longitude].shortDesc, ";"no"
"JSON-0515";"qgc_json_uk_UA.ts";"BreachReturn.FactMetaData.json";"Altitude of breach return point position (Rel)";"";"TODO";"../src/MissionManager/BreachReturn.FactMetaData.json";"";".QGC.MetaData.Facts[Altitude].shortDesc, ";"no"
"JSON-0516";"qgc_json_uk_UA.ts";"MavCmdInfoCommon.json";"Home Position";"";"TODO";"../src/MissionManager/MavCmdInfoCommon.json";"";".mavCmdInfo[HomeRaw].friendlyName, ";"no"
"JSON-0517";"qgc_json_uk_UA.ts";"MavCmdInfoCommon.json";"Planned home position for mission.";"";"TODO";"../src/MissionManager/MavCmdInfoCommon.json";"";".mavCmdInfo[HomeRaw].description, ";"no"
"JSON-0518";"qgc_json_uk_UA.ts";"MavCmdInfoCommon.json";"Basic";"";"TODO";"../src/MissionManager/MavCmdInfoCommon.json";"";".mavCmdInfo[HomeRaw].category, .mavCmdInfo[MAV_CMD_NAV_WAYPOINT].category, .mavCmdInfo[MAV_CMD_NAV_RETURN_TO_LAUNCH].category, .mavCmdInfo[MAV_CMD_NAV_LAND].category, .mavCmdInfo[MAV_CMD_NAV_TAKEOFF].category, .mavCmdInfo[MAV_CMD_NAV_SPLINE_WAYPOINT].category, .mavCmdInfo[MAV_CMD_NAV_VTOL_TAKEOFF].category, .mavCmdInfo[MAV_CMD_NAV_VTOL_LAND].category, .mavCmdInfo[MAV_CMD_CONDITION_DELAY].category, ";"no"
"JSON-0519";"qgc_json_uk_UA.ts";"MavCmdInfoCommon.json";"Latitude";"";"TODO";"../src/MissionManager/MavCmdInfoCommon.json";"";".mavCmdInfo[HomeRaw].param5.label, ";"no"
"JSON-0520";"qgc_json_uk_UA.ts";"MavCmdInfoCommon.json";"Longitude";"";"TODO";"../src/MissionManager/MavCmdInfoCommon.json";"";".mavCmdInfo[HomeRaw].param6.label, ";"no"
"JSON-0521";"qgc_json_uk_UA.ts";"MavCmdInfoCommon.json";"Waypoint";"";"TODO";"../src/MissionManager/MavCmdInfoCommon.json";"";".mavCmdInfo[MAV_CMD_NAV_WAYPOINT].friendlyName, ";"no"
"JSON-0522";"qgc_json_uk_UA.ts";"MavCmdInfoCommon.json";"Travel to a position in 3D space.";"";"TODO";"../src/MissionManager/MavCmdInfoCommon.json";"";".mavCmdInfo[MAV_CMD_NAV_WAYPOINT].description, ";"no"
"JSON-0523";"qgc_json_uk_UA.ts";"MavCmdInfoCommon.json";"Hold";"";"TODO";"../src/MissionManager/MavCmdInfoCommon.json";"";".mavCmdInfo[MAV_CMD_NAV_WAYPOINT].param1.label, .mavCmdInfo[MAV_CMD_NAV_SPLINE_WAYPOINT].param1.label, .mavCmdInfo[MAV_CMD_NAV_DELAY].param1.label, ";"no"
"JSON-0524";"qgc_json_uk_UA.ts";"MavCmdInfoCommon.json";"Acceptance";"";"TODO";"../src/MissionManager/MavCmdInfoCommon.json";"";".mavCmdInfo[MAV_CMD_NAV_WAYPOINT].param2.label, ";"no"
"JSON-0525";"qgc_json_uk_UA.ts";"MavCmdInfoCommon.json";"Pass Radius";"";"TODO";"../src/MissionManager/MavCmdInfoCommon.json";"";".mavCmdInfo[MAV_CMD_NAV_WAYPOINT].param3.label, ";"no"
"JSON-0526";"qgc_json_uk_UA.ts";"MavCmdInfoCommon.json";"Yaw";"";"TODO";"../src/MissionManager/MavCmdInfoCommon.json";"";".mavCmdInfo[MAV_CMD_NAV_WAYPOINT].param4.label, .mavCmdInfo[MAV_CMD_NAV_LOITER_UNLIM].param4.label, .mavCmdInfo[MAV_CMD_NAV_LAND].param4.label, .mavCmdInfo[MAV_CMD_NAV_VTOL_TAKEOFF].param4.label, .mavCmdInfo[MAV_CMD_NAV_VTOL_LAND].param4.label, .mavCmdInfo[MAV_CMD_DO_GIMBAL_MANAGER_PITCHYAW].param2.label, ";"no"
"JSON-0527";"qgc_json_uk_UA.ts";"MavCmdInfoCommon.json";"Loiter";"";"TODO";"../src/MissionManager/MavCmdInfoCommon.json";"";".mavCmdInfo[MAV_CMD_NAV_LOITER_UNLIM].friendlyName, .mavCmdInfo[MAV_CMD_NAV_LOITER_UNLIM].category, .mavCmdInfo[MAV_CMD_NAV_LOITER_TURNS].category, .mavCmdInfo[MAV_CMD_NAV_LOITER_TIME].category, .mavCmdInfo[MAV_CMD_NAV_LOITER_TO_ALT].category, ";"no"
"JSON-0528";"qgc_json_uk_UA.ts";"MavCmdInfoCommon.json";"Travel to a position and Loiter around the specified position indefinitely.";"";"TODO";"../src/MissionManager/MavCmdInfoCommon.json";"";".mavCmdInfo[MAV_CMD_NAV_LOITER_UNLIM].description, ";"no"
"JSON-0529";"qgc_json_uk_UA.ts";"MavCmdInfoCommon.json";"Radius";"";"TODO";"../src/MissionManager/MavCmdInfoCommon.json";"";".mavCmdInfo[MAV_CMD_NAV_LOITER_UNLIM].param3.label, .mavCmdInfo[MAV_CMD_NAV_LOITER_TURNS].param3.label, .mavCmdInfo[MAV_CMD_NAV_LOITER_TIME].param3.label, .mavCmdInfo[MAV_CMD_NAV_LOITER_TO_ALT].param2.label, ";"no"
"JSON-0530";"qgc_json_uk_UA.ts";"MavCmdInfoCommon.json";"Loiter (turns)";"";"TODO";"../src/MissionManager/MavCmdInfoCommon.json";"";".mavCmdInfo[MAV_CMD_NAV_LOITER_TURNS].friendlyName, ";"no"
"JSON-0531";"qgc_json_uk_UA.ts";"MavCmdInfoCommon.json";"Travel to a position and Loiter around the specified position for a number of turns.";"";"TODO";"../src/MissionManager/MavCmdInfoCommon.json";"";".mavCmdInfo[MAV_CMD_NAV_LOITER_TURNS].description, ";"no"
"JSON-0532";"qgc_json_uk_UA.ts";"MavCmdInfoCommon.json";"Turns";"";"TODO";"../src/MissionManager/MavCmdInfoCommon.json";"";".mavCmdInfo[MAV_CMD_NAV_LOITER_TURNS].param1.label, ";"no"
"JSON-0533";"qgc_json_uk_UA.ts";"MavCmdInfoCommon.json";"Leave Loiter";"";"TODO";"../src/MissionManager/MavCmdInfoCommon.json";"";".mavCmdInfo[MAV_CMD_NAV_LOITER_TURNS].param2.label, .mavCmdInfo[MAV_CMD_NAV_LOITER_TIME].param2.label, .mavCmdInfo[MAV_CMD_NAV_LOITER_TO_ALT].param1.label, ";"no"
"JSON-0534";"qgc_json_uk_UA.ts";"MavCmdInfoCommon.json";"Direction of next waypoint,Any direction";"";"TODO";"../src/MissionManager/MavCmdInfoCommon.json";"";".mavCmdInfo[MAV_CMD_NAV_LOITER_TURNS].param2.enumStrings, .mavCmdInfo[MAV_CMD_NAV_LOITER_TO_ALT].param1.enumStrings, ";"no"
"JSON-0535";"qgc_json_uk_UA.ts";"MavCmdInfoCommon.json";"Exit loiter from";"";"TODO";"../src/MissionManager/MavCmdInfoCommon.json";"";".mavCmdInfo[MAV_CMD_NAV_LOITER_TURNS].param4.label, .mavCmdInfo[MAV_CMD_NAV_LOITER_TIME].param4.label, .mavCmdInfo[MAV_CMD_NAV_LOITER_TO_ALT].param4.label, ";"no"
"JSON-0536";"qgc_json_uk_UA.ts";"MavCmdInfoCommon.json";"Center,Tangent";"";"TODO";"../src/MissionManager/MavCmdInfoCommon.json";"";".mavCmdInfo[MAV_CMD_NAV_LOITER_TURNS].param4.enumStrings, .mavCmdInfo[MAV_CMD_NAV_LOITER_TIME].param4.enumStrings, .mavCmdInfo[MAV_CMD_NAV_LOITER_TO_ALT].param4.enumStrings, ";"no"
"JSON-0537";"qgc_json_uk_UA.ts";"MavCmdInfoCommon.json";"Loiter (time)";"";"TODO";"../src/MissionManager/MavCmdInfoCommon.json";"";".mavCmdInfo[MAV_CMD_NAV_LOITER_TIME].friendlyName, ";"no"
"JSON-0538";"qgc_json_uk_UA.ts";"MavCmdInfoCommon.json";"Travel to a position and Loiter around the specified position for an amount of time.";"";"TODO";"../src/MissionManager/MavCmdInfoCommon.json";"";".mavCmdInfo[MAV_CMD_NAV_LOITER_TIME].description, ";"no"
"JSON-0539";"qgc_json_uk_UA.ts";"MavCmdInfoCommon.json";"Loiter Time";"";"TODO";"../src/MissionManager/MavCmdInfoCommon.json";"";".mavCmdInfo[MAV_CMD_NAV_LOITER_TIME].param1.label, ";"no"
"JSON-0540";"qgc_json_uk_UA.ts";"MavCmdInfoCommon.json";"Direction of next waypoint,Current direction";"";"TODO";"../src/MissionManager/MavCmdInfoCommon.json";"";".mavCmdInfo[MAV_CMD_NAV_LOITER_TIME].param2.enumStrings, ";"no"
"JSON-0541";"qgc_json_uk_UA.ts";"MavCmdInfoCommon.json";"Return To Launch";"";"TODO";"../src/MissionManager/MavCmdInfoCommon.json";"";".mavCmdInfo[MAV_CMD_NAV_RETURN_TO_LAUNCH].friendlyName, ";"no"
"JSON-0542";"qgc_json_uk_UA.ts";"MavCmdInfoCommon.json";"Send the vehicle back to the launch position.";"";"TODO";"../src/MissionManager/MavCmdInfoCommon.json";"";".mavCmdInfo[MAV_CMD_NAV_RETURN_TO_LAUNCH].description, ";"no"
"JSON-0543";"qgc_json_uk_UA.ts";"MavCmdInfoCommon.json";"Land";"";"TODO";"../src/MissionManager/MavCmdInfoCommon.json";"";".mavCmdInfo[MAV_CMD_NAV_LAND].friendlyName, ";"no"
"JSON-0544";"qgc_json_uk_UA.ts";"MavCmdInfoCommon.json";"Land vehicle at the specified location.";"";"TODO";"../src/MissionManager/MavCmdInfoCommon.json";"";".mavCmdInfo[MAV_CMD_NAV_LAND].description, ";"no"
"JSON-0545";"qgc_json_uk_UA.ts";"MavCmdInfoCommon.json";"Abort Alt";"";"TODO";"../src/MissionManager/MavCmdInfoCommon.json";"";".mavCmdInfo[MAV_CMD_NAV_LAND].param1.label, ";"no"
"JSON-0546";"qgc_json_uk_UA.ts";"MavCmdInfoCommon.json";"Precision Land";"";"TODO";"../src/MissionManager/MavCmdInfoCommon.json";"";".mavCmdInfo[MAV_CMD_NAV_LAND].param2.label, ";"no"
"JSON-0547";"qgc_json_uk_UA.ts";"MavCmdInfoCommon.json";"Disabled,Opportunistic,Required";"";"TODO";"../src/MissionManager/MavCmdInfoCommon.json";"";".mavCmdInfo[MAV_CMD_NAV_LAND].param2.enumStrings, ";"no"
"JSON-0548";"qgc_json_uk_UA.ts";"MavCmdInfoCommon.json";"Takeoff";"";"TODO";"../src/MissionManager/MavCmdInfoCommon.json";"";".mavCmdInfo[MAV_CMD_NAV_TAKEOFF].friendlyName, ";"no"
"JSON-0549";"qgc_json_uk_UA.ts";"MavCmdInfoCommon.json";"Launch from the ground and travel towards the specified takeoff position.";"";"TODO";"../src/MissionManager/MavCmdInfoCommon.json";"";".mavCmdInfo[MAV_CMD_NAV_TAKEOFF].description, ";"no"
"JSON-0550";"qgc_json_uk_UA.ts";"MavCmdInfoCommon.json";"Land local";"";"TODO";"../src/MissionManager/MavCmdInfoCommon.json";"";".mavCmdInfo[MAV_CMD_NAV_LAND_LOCAL].friendlyName, ";"no"
"JSON-0551";"qgc_json_uk_UA.ts";"MavCmdInfoCommon.json";"Takeoff local";"";"TODO";"../src/MissionManager/MavCmdInfoCommon.json";"";".mavCmdInfo[MAV_CMD_NAV_TAKEOFF_LOCAL].friendlyName, ";"no"
"JSON-0552";"qgc_json_uk_UA.ts";"MavCmdInfoCommon.json";"Nav follow";"";"TODO";"../src/MissionManager/MavCmdInfoCommon.json";"";".mavCmdInfo[MAV_CMD_NAV_FOLLOW].friendlyName, ";"no"
"JSON-0553";"qgc_json_uk_UA.ts";"MavCmdInfoCommon.json";"Change Altitude";"";"TODO";"../src/MissionManager/MavCmdInfoCommon.json";"";".mavCmdInfo[MAV_CMD_NAV_CONTINUE_AND_CHANGE_ALT].friendlyName, ";"no"
"JSON-0554";"qgc_json_uk_UA.ts";"MavCmdInfoCommon.json";"Continue on the current course and climb/descend to specified altitude. When the altitude is reached continue to the next command.";"";"TODO";"../src/MissionManager/MavCmdInfoCommon.json";"";".mavCmdInfo[MAV_CMD_NAV_CONTINUE_AND_CHANGE_ALT].description, ";"no"
"JSON-0555";"qgc_json_uk_UA.ts";"MavCmdInfoCommon.json";"Flight control";"";"TODO";"../src/MissionManager/MavCmdInfoCommon.json";"";".mavCmdInfo[MAV_CMD_NAV_CONTINUE_AND_CHANGE_ALT].category, .mavCmdInfo[MAV_CMD_DO_CHANGE_SPEED].category, .mavCmdInfo[MAV_CMD_DO_LAND_START].category, .mavCmdInfo[MAV_CMD_DO_INVERTED_FLIGHT].category, ";"no"
"JSON-0556";"qgc_json_uk_UA.ts";"MavCmdInfoCommon.json";"Mode";"";"TODO";"../src/MissionManager/MavCmdInfoCommon.json";"";".mavCmdInfo[MAV_CMD_NAV_CONTINUE_AND_CHANGE_ALT].param1.label, .mavCmdInfo[MAV_CMD_DO_SET_MODE].param1.label, .mavCmdInfo[MAV_CMD_DO_SET_HOME].param1.label, .mavCmdInfo[MAV_CMD_DO_SET_ROI].param1.label, .mavCmdInfo[MAV_CMD_DO_DIGICAM_CONFIGURE].param1.label, .mavCmdInfo[MAV_CMD_DO_MOUNT_CONFIGURE].param1.label, .mavCmdInfo[MAV_CMD_DO_MOUNT_CONTROL].param7.label, .mavCmdInfo[MAV_CMD_SET_CAMERA_MODE].param2.label, .mavCmdInfo[MAV_CMD_DO_VTOL_TRANSITION].param1.label, ";"no"
"JSON-0557";"qgc_json_uk_UA.ts";"MavCmdInfoCommon.json";"Climb,Neutral,Descend";"";"TODO";"../src/MissionManager/MavCmdInfoCommon.json";"";".mavCmdInfo[MAV_CMD_NAV_CONTINUE_AND_CHANGE_ALT].param1.enumStrings, ";"no"
"JSON-0558";"qgc_json_uk_UA.ts";"MavCmdInfoCommon.json";"Loiter (altitude)";"";"TODO";"../src/MissionManager/MavCmdInfoCommon.json";"";".mavCmdInfo[MAV_CMD_NAV_LOITER_TO_ALT].friendlyName, ";"no"
"JSON-0559";"qgc_json_uk_UA.ts";"MavCmdInfoCommon.json";"Loiter at specified position until altitude reached.";"";"TODO";"../src/MissionManager/MavCmdInfoCommon.json";"";".mavCmdInfo[MAV_CMD_NAV_LOITER_TO_ALT].description, ";"no"
"JSON-0560";"qgc_json_uk_UA.ts";"MavCmdInfoCommon.json";"Follow Me";"";"TODO";"../src/MissionManager/MavCmdInfoCommon.json";"";".mavCmdInfo[MAV_CMD_DO_FOLLOW].friendlyName, ";"no"
"JSON-0561";"qgc_json_uk_UA.ts";"MavCmdInfoCommon.json";"Vehicle reposition";"";"TODO";"../src/MissionManager/MavCmdInfoCommon.json";"";".mavCmdInfo[MAV_CMD_DO_FOLLOW_REPOSITION].friendlyName, ";"no"
"JSON-0562";"qgc_json_uk_UA.ts";"MavCmdInfoCommon.json";"Path planning";"";"TODO";"../src/MissionManager/MavCmdInfoCommon.json";"";".mavCmdInfo[MAV_CMD_NAV_PATHPLANNING].friendlyName, ";"no"
"JSON-0563";"qgc_json_uk_UA.ts";"MavCmdInfoCommon.json";"Control autonomous path planning.";"";"TODO";"../src/MissionManager/MavCmdInfoCommon.json";"";".mavCmdInfo[MAV_CMD_NAV_PATHPLANNING].description, ";"no"
"JSON-0564";"qgc_json_uk_UA.ts";"MavCmdInfoCommon.json";"Advanced";"";"TODO";"../src/MissionManager/MavCmdInfoCommon.json";"";".mavCmdInfo[MAV_CMD_NAV_PATHPLANNING].category, .mavCmdInfo[MAV_CMD_DO_SET_MODE].category, .mavCmdInfo[MAV_CMD_DO_JUMP].category, .mavCmdInfo[MAV_CMD_DO_SET_HOME].category, .mavCmdInfo[MAV_CMD_DO_SET_REVERSE].category, .mavCmdInfo[MAV_CMD_DO_MOUNT_CONFIGURE].category, .mavCmdInfo[MAV_CMD_DO_MOUNT_CONTROL].category, .mavCmdInfo[MAV_CMD_DO_GIMBAL_MANAGER_PITCHYAW].category, .mavCmdInfo[MAV_CMD_DO_GRIPPER].category, .mavCmdInfo[MAV_CMD_DO_AUTOTUNE_ENABLE].category, ";"no"
"JSON-0565";"qgc_json_uk_UA.ts";"MavCmdInfoCommon.json";"Local planning";"";"TODO";"../src/MissionManager/MavCmdInfoCommon.json";"";".mavCmdInfo[MAV_CMD_NAV_PATHPLANNING].param1.label, ";"no"
"JSON-0566";"qgc_json_uk_UA.ts";"MavCmdInfoCommon.json";"Disable,Enable,Enable+reset";"";"TODO";"../src/MissionManager/MavCmdInfoCommon.json";"";".mavCmdInfo[MAV_CMD_NAV_PATHPLANNING].param1.enumStrings, ";"no"
"JSON-0567";"qgc_json_uk_UA.ts";"MavCmdInfoCommon.json";"Full planning";"";"TODO";"../src/MissionManager/MavCmdInfoCommon.json";"";".mavCmdInfo[MAV_CMD_NAV_PATHPLANNING].param2.label, ";"no"
"JSON-0568";"qgc_json_uk_UA.ts";"MavCmdInfoCommon.json";"Disable,Enable,Enable+reset,Enable+reset route only";"";"TODO";"../src/MissionManager/MavCmdInfoCommon.json";"";".mavCmdInfo[MAV_CMD_NAV_PATHPLANNING].param2.enumStrings, ";"no"
"JSON-0569";"qgc_json_uk_UA.ts";"MavCmdInfoCommon.json";"Heading goal";"";"TODO";"../src/MissionManager/MavCmdInfoCommon.json";"";".mavCmdInfo[MAV_CMD_NAV_PATHPLANNING].param4.label, ";"no"
"JSON-0570";"qgc_json_uk_UA.ts";"MavCmdInfoCommon.json";"Spline waypoint";"";"TODO";"../src/MissionManager/MavCmdInfoCommon.json";"";".mavCmdInfo[MAV_CMD_NAV_SPLINE_WAYPOINT].friendlyName, ";"no"
"JSON-0571";"qgc_json_uk_UA.ts";"MavCmdInfoCommon.json";"Travel to a position in 3D space using spline path.";"";"TODO";"../src/MissionManager/MavCmdInfoCommon.json";"";".mavCmdInfo[MAV_CMD_NAV_SPLINE_WAYPOINT].description, ";"no"
"JSON-0572";"qgc_json_uk_UA.ts";"MavCmdInfoCommon.json";"Altitude wait";"";"TODO";"../src/MissionManager/MavCmdInfoCommon.json";"";".mavCmdInfo[MAV_CMD_NAV_ALTITUDE_WAIT].friendlyName, ";"no"
"JSON-0573";"qgc_json_uk_UA.ts";"MavCmdInfoCommon.json";"VTOL takeoff";"";"TODO";"../src/MissionManager/MavCmdInfoCommon.json";"";".mavCmdInfo[MAV_CMD_NAV_VTOL_TAKEOFF].friendlyName, ";"no"
"JSON-0574";"qgc_json_uk_UA.ts";"MavCmdInfoCommon.json";"Hover straight up to specified altitude, transition to fixed-wing and fly to the specified takeoff location.";"";"TODO";"../src/MissionManager/MavCmdInfoCommon.json";"";".mavCmdInfo[MAV_CMD_NAV_VTOL_TAKEOFF].description, ";"no"
"JSON-0575";"qgc_json_uk_UA.ts";"MavCmdInfoCommon.json";"Transition Heading";"";"TODO";"../src/MissionManager/MavCmdInfoCommon.json";"";".mavCmdInfo[MAV_CMD_NAV_VTOL_TAKEOFF].param2.label, ";"no"
"JSON-0576";"qgc_json_uk_UA.ts";"MavCmdInfoCommon.json";"Default,Next waypoint,Takeoff,Specified,Any";"";"TODO";"../src/MissionManager/MavCmdInfoCommon.json";"";".mavCmdInfo[MAV_CMD_NAV_VTOL_TAKEOFF].param2.enumStrings, ";"no"
"JSON-0577";"qgc_json_uk_UA.ts";"MavCmdInfoCommon.json";"VTOL land";"";"TODO";"../src/MissionManager/MavCmdInfoCommon.json";"";".mavCmdInfo[MAV_CMD_NAV_VTOL_LAND].friendlyName, ";"no"
"JSON-0578";"qgc_json_uk_UA.ts";"MavCmdInfoCommon.json";"Fly to specified location at current altitude, transition to multi-rotor and land.";"";"TODO";"../src/MissionManager/MavCmdInfoCommon.json";"";".mavCmdInfo[MAV_CMD_NAV_VTOL_LAND].description, ";"no"
"JSON-0579";"qgc_json_uk_UA.ts";"MavCmdInfoCommon.json";"Approach Alt";"";"TODO";"../src/MissionManager/MavCmdInfoCommon.json";"";".mavCmdInfo[MAV_CMD_NAV_VTOL_LAND].param3.label, ";"no"
"JSON-0580";"qgc_json_uk_UA.ts";"MavCmdInfoCommon.json";"Guided enable";"";"TODO";"../src/MissionManager/MavCmdInfoCommon.json";"";".mavCmdInfo[MAV_CMD_NAV_GUIDED_ENABLE].friendlyName, ";"no"
"JSON-0581";"qgc_json_uk_UA.ts";"MavCmdInfoCommon.json";"Enable/Disabled guided mode.";"";"TODO";"../src/MissionManager/MavCmdInfoCommon.json";"";".mavCmdInfo[MAV_CMD_NAV_GUIDED_ENABLE].description, ";"no"
"JSON-0582";"qgc_json_uk_UA.ts";"MavCmdInfoCommon.json";"Enable";"";"TODO";"../src/MissionManager/MavCmdInfoCommon.json";"";".mavCmdInfo[MAV_CMD_NAV_GUIDED_ENABLE].param1.label, .mavCmdInfo[MAV_CMD_DO_FENCE_ENABLE].param1.label, .mavCmdInfo[MAV_CMD_DO_AUTOTUNE_ENABLE].param1.label, ";"no"
"JSON-0583";"qgc_json_uk_UA.ts";"MavCmdInfoCommon.json";"On,Off";"";"TODO";"../src/MissionManager/MavCmdInfoCommon.json";"";".mavCmdInfo[MAV_CMD_NAV_GUIDED_ENABLE].param1.enumStrings, ";"no"
"JSON-0584";"qgc_json_uk_UA.ts";"MavCmdInfoCommon.json";"Delay until";"";"TODO";"../src/MissionManager/MavCmdInfoCommon.json";"";".mavCmdInfo[MAV_CMD_NAV_DELAY].friendlyName, ";"no"
"JSON-0585";"qgc_json_uk_UA.ts";"MavCmdInfoCommon.json";"Delay until the specified time is reached.";"";"TODO";"../src/MissionManager/MavCmdInfoCommon.json";"";".mavCmdInfo[MAV_CMD_NAV_DELAY].description, ";"no"
"JSON-0586";"qgc_json_uk_UA.ts";"MavCmdInfoCommon.json";"Hour (utc)";"";"TODO";"../src/MissionManager/MavCmdInfoCommon.json";"";".mavCmdInfo[MAV_CMD_NAV_DELAY].param2.label, ";"no"
"JSON-0587";"qgc_json_uk_UA.ts";"MavCmdInfoCommon.json";"Min (utc)";"";"TODO";"../src/MissionManager/MavCmdInfoCommon.json";"";".mavCmdInfo[MAV_CMD_NAV_DELAY].param3.label, ";"no"
"JSON-0588";"qgc_json_uk_UA.ts";"MavCmdInfoCommon.json";"Sec (utc)";"";"TODO";"../src/MissionManager/MavCmdInfoCommon.json";"";".mavCmdInfo[MAV_CMD_NAV_DELAY].param4.label, ";"no"
"JSON-0589";"qgc_json_uk_UA.ts";"MavCmdInfoCommon.json";"Delay";"";"TODO";"../src/MissionManager/MavCmdInfoCommon.json";"";".mavCmdInfo[MAV_CMD_CONDITION_DELAY].friendlyName, .mavCmdInfo[MAV_CMD_CONDITION_DELAY].param1.label, ";"no"
"JSON-0590";"qgc_json_uk_UA.ts";"MavCmdInfoCommon.json";"Delay the mission for the number of seconds.";"";"TODO";"../src/MissionManager/MavCmdInfoCommon.json";"";".mavCmdInfo[MAV_CMD_CONDITION_DELAY].description, ";"no"
"JSON-0591";"qgc_json_uk_UA.ts";"MavCmdInfoCommon.json";"Wait for altitude";"";"TODO";"../src/MissionManager/MavCmdInfoCommon.json";"";".mavCmdInfo[MAV_CMD_CONDITION_CHANGE_ALT].friendlyName, ";"no"
"JSON-0592";"qgc_json_uk_UA.ts";"MavCmdInfoCommon.json";"Delay the mission until the specified altitide is reached.";"";"TODO";"../src/MissionManager/MavCmdInfoCommon.json";"";".mavCmdInfo[MAV_CMD_CONDITION_CHANGE_ALT].description, ";"no"
"JSON-0593";"qgc_json_uk_UA.ts";"MavCmdInfoCommon.json";"Conditionals";"";"TODO";"../src/MissionManager/MavCmdInfoCommon.json";"";".mavCmdInfo[MAV_CMD_CONDITION_CHANGE_ALT].category, .mavCmdInfo[MAV_CMD_CONDITION_DISTANCE].category, .mavCmdInfo[MAV_CMD_CONDITION_YAW].category, .mavCmdInfo[MAV_CMD_CONDITION_GATE].category, ";"no"
"JSON-0594";"qgc_json_uk_UA.ts";"MavCmdInfoCommon.json";"Rate";"";"TODO";"../src/MissionManager/MavCmdInfoCommon.json";"";".mavCmdInfo[MAV_CMD_CONDITION_CHANGE_ALT].param1.label, .mavCmdInfo[MAV_CMD_CONDITION_YAW].param2.label, ";"no"
"JSON-0595";"qgc_json_uk_UA.ts";"MavCmdInfoCommon.json";"Wait for distance";"";"TODO";"../src/MissionManager/MavCmdInfoCommon.json";"";".mavCmdInfo[MAV_CMD_CONDITION_DISTANCE].friendlyName, ";"no"
"JSON-0596";"qgc_json_uk_UA.ts";"MavCmdInfoCommon.json";"Delay the mission until within the specified distance of the next waypoint.";"";"TODO";"../src/MissionManager/MavCmdInfoCommon.json";"";".mavCmdInfo[MAV_CMD_CONDITION_DISTANCE].description, ";"no"
"JSON-0597";"qgc_json_uk_UA.ts";"MavCmdInfoCommon.json";"Distance";"";"TODO";"../src/MissionManager/MavCmdInfoCommon.json";"";".mavCmdInfo[MAV_CMD_CONDITION_DISTANCE].param1.label, .mavCmdInfo[MAV_CMD_DO_SET_CAM_TRIGG_DIST].param1.label, ";"no"
"JSON-0598";"qgc_json_uk_UA.ts";"MavCmdInfoCommon.json";"Wait for Yaw";"";"TODO";"../src/MissionManager/MavCmdInfoCommon.json";"";".mavCmdInfo[MAV_CMD_CONDITION_YAW].friendlyName, ";"no"
"JSON-0599";"qgc_json_uk_UA.ts";"MavCmdInfoCommon.json";"Delay the mission until the specified heading is reached.";"";"TODO";"../src/MissionManager/MavCmdInfoCommon.json";"";".mavCmdInfo[MAV_CMD_CONDITION_YAW].description, ";"no"
"JSON-0600";"qgc_json_uk_UA.ts";"MavCmdInfoCommon.json";"Heading";"";"TODO";"../src/MissionManager/MavCmdInfoCommon.json";"";".mavCmdInfo[MAV_CMD_CONDITION_YAW].param1.label, ";"no"
"JSON-0601";"qgc_json_uk_UA.ts";"MavCmdInfoCommon.json";"Direction";"";"TODO";"../src/MissionManager/MavCmdInfoCommon.json";"";".mavCmdInfo[MAV_CMD_CONDITION_YAW].param3.label, .mavCmdInfo[MAV_CMD_DO_SET_REVERSE].param1.label, ";"no"
"JSON-0602";"qgc_json_uk_UA.ts";"MavCmdInfoCommon.json";"Clockwise,Shortest,Counter-Clockwise";"";"TODO";"../src/MissionManager/MavCmdInfoCommon.json";"";".mavCmdInfo[MAV_CMD_CONDITION_YAW].param3.enumStrings, ";"no"
"JSON-0603";"qgc_json_uk_UA.ts";"MavCmdInfoCommon.json";"Offset";"";"TODO";"../src/MissionManager/MavCmdInfoCommon.json";"";".mavCmdInfo[MAV_CMD_CONDITION_YAW].param4.label, .mavCmdInfo[MAV_CMD_DO_CHANGE_SPEED].param4.label, ";"no"
"JSON-0604";"qgc_json_uk_UA.ts";"MavCmdInfoCommon.json";"Relative,Absolute";"";"TODO";"../src/MissionManager/MavCmdInfoCommon.json";"";".mavCmdInfo[MAV_CMD_CONDITION_YAW].param4.enumStrings, .mavCmdInfo[MAV_CMD_DO_CHANGE_SPEED].param4.enumStrings, ";"no"
"JSON-0605";"qgc_json_uk_UA.ts";"MavCmdInfoCommon.json";"Set mode";"";"TODO";"../src/MissionManager/MavCmdInfoCommon.json";"";".mavCmdInfo[MAV_CMD_DO_SET_MODE].friendlyName, ";"no"
"JSON-0606";"qgc_json_uk_UA.ts";"MavCmdInfoCommon.json";"Set flight mode";"";"TODO";"../src/MissionManager/MavCmdInfoCommon.json";"";".mavCmdInfo[MAV_CMD_DO_SET_MODE].friendlyName, ";"no"
"JSON-0607";"qgc_json_uk_UA.ts";"MavCmdInfoCommon.json";"Set flight mode.";"";"TODO";"../src/MissionManager/MavCmdInfoCommon.json";"";".mavCmdInfo[MAV_CMD_DO_SET_MODE].description, ";"no"
"JSON-0608";"qgc_json_uk_UA.ts";"MavCmdInfoCommon.json";"Custom Mode";"";"TODO";"../src/MissionManager/MavCmdInfoCommon.json";"";".mavCmdInfo[MAV_CMD_DO_SET_MODE].param2.label, ";"no"
"JSON-0609";"qgc_json_uk_UA.ts";"MavCmdInfoCommon.json";"Sub Mode";"";"TODO";"../src/MissionManager/MavCmdInfoCommon.json";"";".mavCmdInfo[MAV_CMD_DO_SET_MODE].param3.label, ";"no"
"JSON-0610";"qgc_json_uk_UA.ts";"MavCmdInfoCommon.json";"Jump to item";"";"TODO";"../src/MissionManager/MavCmdInfoCommon.json";"";".mavCmdInfo[MAV_CMD_DO_JUMP].friendlyName, ";"no"
"JSON-0611";"qgc_json_uk_UA.ts";"MavCmdInfoCommon.json";"Mission will continue at the specified item.";"";"TODO";"../src/MissionManager/MavCmdInfoCommon.json";"";".mavCmdInfo[MAV_CMD_DO_JUMP].description, ";"no"
"JSON-0612";"qgc_json_uk_UA.ts";"MavCmdInfoCommon.json";"Item #";"";"TODO";"../src/MissionManager/MavCmdInfoCommon.json";"";".mavCmdInfo[MAV_CMD_DO_JUMP].param1.label, ";"no"
"JSON-0613";"qgc_json_uk_UA.ts";"MavCmdInfoCommon.json";"Repeat";"";"TODO";"../src/MissionManager/MavCmdInfoCommon.json";"";".mavCmdInfo[MAV_CMD_DO_JUMP].param2.label, ";"no"
"JSON-0614";"qgc_json_uk_UA.ts";"MavCmdInfoCommon.json";"Change speed";"";"TODO";"../src/MissionManager/MavCmdInfoCommon.json";"";".mavCmdInfo[MAV_CMD_DO_CHANGE_SPEED].friendlyName, ";"no"
"JSON-0615";"qgc_json_uk_UA.ts";"MavCmdInfoCommon.json";"Change speed and/or throttle set points.";"";"TODO";"../src/MissionManager/MavCmdInfoCommon.json";"";".mavCmdInfo[MAV_CMD_DO_CHANGE_SPEED].description, ";"no"
"JSON-0616";"qgc_json_uk_UA.ts";"MavCmdInfoCommon.json";"Type";"";"TODO";"../src/MissionManager/MavCmdInfoCommon.json";"";".mavCmdInfo[MAV_CMD_DO_CHANGE_SPEED].param1.label, ";"no"
"JSON-0617";"qgc_json_uk_UA.ts";"MavCmdInfoCommon.json";"Airspeed,Ground Speed,Ascend Speed,Descend Speed";"";"TODO";"../src/MissionManager/MavCmdInfoCommon.json";"";".mavCmdInfo[MAV_CMD_DO_CHANGE_SPEED].param1.enumStrings, ";"no"
"JSON-0618";"qgc_json_uk_UA.ts";"MavCmdInfoCommon.json";"Speed";"";"TODO";"../src/MissionManager/MavCmdInfoCommon.json";"";".mavCmdInfo[MAV_CMD_DO_CHANGE_SPEED].param2.label, ";"no"
"JSON-0619";"qgc_json_uk_UA.ts";"MavCmdInfoCommon.json";"Throttle";"";"TODO";"../src/MissionManager/MavCmdInfoCommon.json";"";".mavCmdInfo[MAV_CMD_DO_CHANGE_SPEED].param3.label, ";"no"
"JSON-0620";"qgc_json_uk_UA.ts";"MavCmdInfoCommon.json";"Set launch location";"";"TODO";"../src/MissionManager/MavCmdInfoCommon.json";"";".mavCmdInfo[MAV_CMD_DO_SET_HOME].friendlyName, ";"no"
"JSON-0621";"qgc_json_uk_UA.ts";"MavCmdInfoCommon.json";"Changes the launch location either to the current location or a specified location.";"";"TODO";"../src/MissionManager/MavCmdInfoCommon.json";"";".mavCmdInfo[MAV_CMD_DO_SET_HOME].description, ";"no"
"JSON-0622";"qgc_json_uk_UA.ts";"MavCmdInfoCommon.json";"Vehicle position,Specified position";"";"TODO";"../src/MissionManager/MavCmdInfoCommon.json";"";".mavCmdInfo[MAV_CMD_DO_SET_HOME].param1.enumStrings, ";"no"
"JSON-0623";"qgc_json_uk_UA.ts";"MavCmdInfoCommon.json";"Set Parameter";"";"TODO";"../src/MissionManager/MavCmdInfoCommon.json";"";".mavCmdInfo[MAV_CMD_DO_SET_PARAMETER].friendlyName, ";"no"
"JSON-0624";"qgc_json_uk_UA.ts";"MavCmdInfoCommon.json";"Set relay";"";"TODO";"../src/MissionManager/MavCmdInfoCommon.json";"";".mavCmdInfo[MAV_CMD_DO_SET_RELAY].friendlyName, ";"no"
"JSON-0625";"qgc_json_uk_UA.ts";"MavCmdInfoCommon.json";"Set relay to a condition.";"";"TODO";"../src/MissionManager/MavCmdInfoCommon.json";"";".mavCmdInfo[MAV_CMD_DO_SET_RELAY].description, ";"no"
"JSON-0626";"qgc_json_uk_UA.ts";"MavCmdInfoCommon.json";"Relay #";"";"TODO";"../src/MissionManager/MavCmdInfoCommon.json";"";".mavCmdInfo[MAV_CMD_DO_SET_RELAY].param1.label, .mavCmdInfo[MAV_CMD_DO_REPEAT_RELAY].param1.label, ";"no"
"JSON-0627";"qgc_json_uk_UA.ts";"MavCmdInfoCommon.json";"Value";"";"TODO";"../src/MissionManager/MavCmdInfoCommon.json";"";".mavCmdInfo[MAV_CMD_DO_SET_RELAY].param2.label, ";"no"
"JSON-0628";"qgc_json_uk_UA.ts";"MavCmdInfoCommon.json";"Cycle relay";"";"TODO";"../src/MissionManager/MavCmdInfoCommon.json";"";".mavCmdInfo[MAV_CMD_DO_REPEAT_RELAY].friendlyName, ";"no"
"JSON-0629";"qgc_json_uk_UA.ts";"MavCmdInfoCommon.json";"Cycle relay on/off for desired cycles/time.";"";"TODO";"../src/MissionManager/MavCmdInfoCommon.json";"";".mavCmdInfo[MAV_CMD_DO_REPEAT_RELAY].description, ";"no"
"JSON-0630";"qgc_json_uk_UA.ts";"MavCmdInfoCommon.json";"Cycles";"";"TODO";"../src/MissionManager/MavCmdInfoCommon.json";"";".mavCmdInfo[MAV_CMD_DO_REPEAT_RELAY].param2.label, .mavCmdInfo[MAV_CMD_DO_REPEAT_SERVO].param3.label, ";"no"
"JSON-0631";"qgc_json_uk_UA.ts";"MavCmdInfoCommon.json";"Time";"";"TODO";"../src/MissionManager/MavCmdInfoCommon.json";"";".mavCmdInfo[MAV_CMD_DO_REPEAT_RELAY].param3.label, .mavCmdInfo[MAV_CMD_DO_REPEAT_SERVO].param4.label, ";"no"
"JSON-0632";"qgc_json_uk_UA.ts";"MavCmdInfoCommon.json";"Set servo";"";"TODO";"../src/MissionManager/MavCmdInfoCommon.json";"";".mavCmdInfo[MAV_CMD_DO_SET_SERVO].friendlyName, ";"no"
"JSON-0633";"qgc_json_uk_UA.ts";"MavCmdInfoCommon.json";"Set servo to specified PWM value.";"";"TODO";"../src/MissionManager/MavCmdInfoCommon.json";"";".mavCmdInfo[MAV_CMD_DO_SET_SERVO].description, .mavCmdInfo[MAV_CMD_DO_REPEAT_SERVO].description, ";"no"
"JSON-0634";"qgc_json_uk_UA.ts";"MavCmdInfoCommon.json";"Servo";"";"TODO";"../src/MissionManager/MavCmdInfoCommon.json";"";".mavCmdInfo[MAV_CMD_DO_SET_SERVO].param1.label, .mavCmdInfo[MAV_CMD_DO_REPEAT_SERVO].param1.label, ";"no"
"JSON-0635";"qgc_json_uk_UA.ts";"MavCmdInfoCommon.json";"PWM";"";"TODO";"../src/MissionManager/MavCmdInfoCommon.json";"";".mavCmdInfo[MAV_CMD_DO_SET_SERVO].param2.label, .mavCmdInfo[MAV_CMD_DO_REPEAT_SERVO].param2.label, ";"no"
"JSON-0636";"qgc_json_uk_UA.ts";"MavCmdInfoCommon.json";"Cycle servo";"";"TODO";"../src/MissionManager/MavCmdInfoCommon.json";"";".mavCmdInfo[MAV_CMD_DO_REPEAT_SERVO].friendlyName, ";"no"
"JSON-0637";"qgc_json_uk_UA.ts";"MavCmdInfoCommon.json";"Set actuator";"";"TODO";"../src/MissionManager/MavCmdInfoCommon.json";"";".mavCmdInfo[MAV_CMD_DO_SET_ACTUATOR].friendlyName, ";"no"
"JSON-0638";"qgc_json_uk_UA.ts";"MavCmdInfoCommon.json";"Set actuator to specified output value (range [-1, 1]).";"";"TODO";"../src/MissionManager/MavCmdInfoCommon.json";"";".mavCmdInfo[MAV_CMD_DO_SET_ACTUATOR].description, ";"no"
"JSON-0639";"qgc_json_uk_UA.ts";"MavCmdInfoCommon.json";"Actuator 1";"";"TODO";"../src/MissionManager/MavCmdInfoCommon.json";"";".mavCmdInfo[MAV_CMD_DO_SET_ACTUATOR].param1.label, ";"no"
"JSON-0640";"qgc_json_uk_UA.ts";"MavCmdInfoCommon.json";"Actuator 2";"";"TODO";"../src/MissionManager/MavCmdInfoCommon.json";"";".mavCmdInfo[MAV_CMD_DO_SET_ACTUATOR].param2.label, ";"no"
"JSON-0641";"qgc_json_uk_UA.ts";"MavCmdInfoCommon.json";"Actuator 3";"";"TODO";"../src/MissionManager/MavCmdInfoCommon.json";"";".mavCmdInfo[MAV_CMD_DO_SET_ACTUATOR].param3.label, ";"no"
"JSON-0642";"qgc_json_uk_UA.ts";"MavCmdInfoCommon.json";"Actuator 4";"";"TODO";"../src/MissionManager/MavCmdInfoCommon.json";"";".mavCmdInfo[MAV_CMD_DO_SET_ACTUATOR].param4.label, ";"no"
"JSON-0643";"qgc_json_uk_UA.ts";"MavCmdInfoCommon.json";"Flight termination";"";"TODO";"../src/MissionManager/MavCmdInfoCommon.json";"";".mavCmdInfo[MAV_CMD_DO_FLIGHTTERMINATION].friendlyName, ";"no"
"JSON-0644";"qgc_json_uk_UA.ts";"MavCmdInfoCommon.json";"Land start";"";"TODO";"../src/MissionManager/MavCmdInfoCommon.json";"";".mavCmdInfo[MAV_CMD_DO_LAND_START].friendlyName, ";"no"
"JSON-0645";"qgc_json_uk_UA.ts";"MavCmdInfoCommon.json";"Marker to indicate start of landing sequence.";"";"TODO";"../src/MissionManager/MavCmdInfoCommon.json";"";".mavCmdInfo[MAV_CMD_DO_LAND_START].description, ";"no"
"JSON-0646";"qgc_json_uk_UA.ts";"MavCmdInfoCommon.json";"Rally land";"";"TODO";"../src/MissionManager/MavCmdInfoCommon.json";"";".mavCmdInfo[MAV_CMD_DO_RALLY_LAND].friendlyName, ";"no"
"JSON-0647";"qgc_json_uk_UA.ts";"MavCmdInfoCommon.json";"Go around";"";"TODO";"../src/MissionManager/MavCmdInfoCommon.json";"";".mavCmdInfo[MAV_CMD_DO_GO_AROUND].friendlyName, ";"no"
"JSON-0648";"qgc_json_uk_UA.ts";"MavCmdInfoCommon.json";"Reposition";"";"TODO";"../src/MissionManager/MavCmdInfoCommon.json";"";".mavCmdInfo[MAV_CMD_DO_REPOSITION].friendlyName, ";"no"
"JSON-0649";"qgc_json_uk_UA.ts";"MavCmdInfoCommon.json";"Pause/Continue";"";"TODO";"../src/MissionManager/MavCmdInfoCommon.json";"";".mavCmdInfo[MAV_CMD_DO_PAUSE_CONTINUE].friendlyName, ";"no"
"JSON-0650";"qgc_json_uk_UA.ts";"MavCmdInfoCommon.json";"Set moving direction";"";"TODO";"../src/MissionManager/MavCmdInfoCommon.json";"";".mavCmdInfo[MAV_CMD_DO_SET_REVERSE].friendlyName, ";"no"
"JSON-0651";"qgc_json_uk_UA.ts";"MavCmdInfoCommon.json";"Set moving direction to forward or reverse.";"";"TODO";"../src/MissionManager/MavCmdInfoCommon.json";"";".mavCmdInfo[MAV_CMD_DO_SET_REVERSE].description, ";"no"
"JSON-0652";"qgc_json_uk_UA.ts";"MavCmdInfoCommon.json";"Forward,Reverse";"";"TODO";"../src/MissionManager/MavCmdInfoCommon.json";"";".mavCmdInfo[MAV_CMD_DO_SET_REVERSE].param1.enumStrings, ";"no"
"JSON-0653";"qgc_json_uk_UA.ts";"MavCmdInfoCommon.json";"Region of interest (ROI)";"";"TODO";"../src/MissionManager/MavCmdInfoCommon.json";"";".mavCmdInfo[MAV_CMD_DO_SET_ROI_LOCATION].friendlyName, ";"no"
"JSON-0654";"qgc_json_uk_UA.ts";"MavCmdInfoCommon.json";"Sets the region of interest for cameras.";"";"TODO";"../src/MissionManager/MavCmdInfoCommon.json";"";".mavCmdInfo[MAV_CMD_DO_SET_ROI_LOCATION].description, .mavCmdInfo[MAV_CMD_DO_SET_ROI].description, ";"no"
"JSON-0655";"qgc_json_uk_UA.ts";"MavCmdInfoCommon.json";"Camera";"";"TODO";"../src/MissionManager/MavCmdInfoCommon.json";"";".mavCmdInfo[MAV_CMD_DO_SET_ROI_LOCATION].category, .mavCmdInfo[MAV_CMD_DO_SET_ROI_WPNEXT_OFFSET].category, .mavCmdInfo[MAV_CMD_DO_SET_ROI_NONE].category, .mavCmdInfo[MAV_CMD_DO_SET_ROI].category, .mavCmdInfo[MAV_CMD_DO_DIGICAM_CONFIGURE].category, .mavCmdInfo[MAV_CMD_DO_DIGICAM_CONTROL].category, .mavCmdInfo[MAV_CMD_DO_SET_CAM_TRIGG_DIST].category, .mavCmdInfo[MAV_CMD_SET_CAMERA_MODE].category, .mavCmdInfo[MAV_CMD_IMAGE_START_CAPTURE].category, .mavCmdInfo[MAV_CMD_IMAGE_STOP_CAPTURE].category, .mavCmdInfo[MAV_CMD_VIDEO_START_CAPTURE].category, .mavCmdInfo[MAV_CMD_VIDEO_STOP_CAPTURE].category, ";"no"
"JSON-0656";"qgc_json_uk_UA.ts";"MavCmdInfoCommon.json";"ROI to next waypoint";"";"TODO";"../src/MissionManager/MavCmdInfoCommon.json";"";".mavCmdInfo[MAV_CMD_DO_SET_ROI_WPNEXT_OFFSET].friendlyName, ";"no"
"JSON-0657";"qgc_json_uk_UA.ts";"MavCmdInfoCommon.json";"Sets the region of interest to point towards the next waypoint with optional offsets.";"";"TODO";"../src/MissionManager/MavCmdInfoCommon.json";"";".mavCmdInfo[MAV_CMD_DO_SET_ROI_WPNEXT_OFFSET].description, ";"no"
"JSON-0658";"qgc_json_uk_UA.ts";"MavCmdInfoCommon.json";"Pitch offset";"";"TODO";"../src/MissionManager/MavCmdInfoCommon.json";"";".mavCmdInfo[MAV_CMD_DO_SET_ROI_WPNEXT_OFFSET].param5.label, ";"no"
"JSON-0659";"qgc_json_uk_UA.ts";"MavCmdInfoCommon.json";"Roll offset";"";"TODO";"../src/MissionManager/MavCmdInfoCommon.json";"";".mavCmdInfo[MAV_CMD_DO_SET_ROI_WPNEXT_OFFSET].param6.label, ";"no"
"JSON-0660";"qgc_json_uk_UA.ts";"MavCmdInfoCommon.json";"Yaw offset";"";"TODO";"../src/MissionManager/MavCmdInfoCommon.json";"";".mavCmdInfo[MAV_CMD_DO_SET_ROI_WPNEXT_OFFSET].param7.label, ";"no"
"JSON-0661";"qgc_json_uk_UA.ts";"MavCmdInfoCommon.json";"Cancel ROI";"";"TODO";"../src/MissionManager/MavCmdInfoCommon.json";"";".mavCmdInfo[MAV_CMD_DO_SET_ROI_NONE].friendlyName, ";"no"
"JSON-0662";"qgc_json_uk_UA.ts";"MavCmdInfoCommon.json";"Cancels the region of interest.";"";"TODO";"../src/MissionManager/MavCmdInfoCommon.json";"";".mavCmdInfo[MAV_CMD_DO_SET_ROI_NONE].description, ";"no"
"JSON-0663";"qgc_json_uk_UA.ts";"MavCmdInfoCommon.json";"Control video";"";"TODO";"../src/MissionManager/MavCmdInfoCommon.json";"";".mavCmdInfo[MAV_CMD_DO_CONTROL_VIDEO].friendlyName, ";"no"
"JSON-0664";"qgc_json_uk_UA.ts";"MavCmdInfoCommon.json";"Region of interest";"";"TODO";"../src/MissionManager/MavCmdInfoCommon.json";"";".mavCmdInfo[MAV_CMD_DO_SET_ROI].friendlyName, ";"no"
"JSON-0665";"qgc_json_uk_UA.ts";"MavCmdInfoCommon.json";"None,Next waypoint,Mission item,Location,ROI item";"";"TODO";"../src/MissionManager/MavCmdInfoCommon.json";"";".mavCmdInfo[MAV_CMD_DO_SET_ROI].param1.enumStrings, ";"no"
"JSON-0666";"qgc_json_uk_UA.ts";"MavCmdInfoCommon.json";"Mission Index";"";"TODO";"../src/MissionManager/MavCmdInfoCommon.json";"";".mavCmdInfo[MAV_CMD_DO_SET_ROI].param2.label, ";"no"
"JSON-0667";"qgc_json_uk_UA.ts";"MavCmdInfoCommon.json";"ROI Index";"";"TODO";"../src/MissionManager/MavCmdInfoCommon.json";"";".mavCmdInfo[MAV_CMD_DO_SET_ROI].param3.label, ";"no"
"JSON-0668";"qgc_json_uk_UA.ts";"MavCmdInfoCommon.json";"Camera config";"";"TODO";"../src/MissionManager/MavCmdInfoCommon.json";"";".mavCmdInfo[MAV_CMD_DO_DIGICAM_CONFIGURE].friendlyName, ";"no"
"JSON-0669";"qgc_json_uk_UA.ts";"MavCmdInfoCommon.json";"Configure onboard camera controller.";"";"TODO";"../src/MissionManager/MavCmdInfoCommon.json";"";".mavCmdInfo[MAV_CMD_DO_DIGICAM_CONFIGURE].description, ";"no"
"JSON-0670";"qgc_json_uk_UA.ts";"MavCmdInfoCommon.json";"Shutter spd";"";"TODO";"../src/MissionManager/MavCmdInfoCommon.json";"";".mavCmdInfo[MAV_CMD_DO_DIGICAM_CONFIGURE].param2.label, ";"no"
"JSON-0671";"qgc_json_uk_UA.ts";"MavCmdInfoCommon.json";"Aperture";"";"TODO";"../src/MissionManager/MavCmdInfoCommon.json";"";".mavCmdInfo[MAV_CMD_DO_DIGICAM_CONFIGURE].param3.label, ";"no"
"JSON-0672";"qgc_json_uk_UA.ts";"MavCmdInfoCommon.json";"ISO";"";"TODO";"../src/MissionManager/MavCmdInfoCommon.json";"";".mavCmdInfo[MAV_CMD_DO_DIGICAM_CONFIGURE].param4.label, ";"no"
"JSON-0673";"qgc_json_uk_UA.ts";"MavCmdInfoCommon.json";"Exposure";"";"TODO";"../src/MissionManager/MavCmdInfoCommon.json";"";".mavCmdInfo[MAV_CMD_DO_DIGICAM_CONFIGURE].param5.label, ";"no"
"JSON-0674";"qgc_json_uk_UA.ts";"MavCmdInfoCommon.json";"Command";"";"TODO";"../src/MissionManager/MavCmdInfoCommon.json";"";".mavCmdInfo[MAV_CMD_DO_DIGICAM_CONFIGURE].param6.label, .mavCmdInfo[MAV_CMD_DO_DIGICAM_CONTROL].param5.label, ";"no"
"JSON-0675";"qgc_json_uk_UA.ts";"MavCmdInfoCommon.json";"Cut off";"";"TODO";"../src/MissionManager/MavCmdInfoCommon.json";"";".mavCmdInfo[MAV_CMD_DO_DIGICAM_CONFIGURE].param7.label, ";"no"
"JSON-0676";"qgc_json_uk_UA.ts";"MavCmdInfoCommon.json";"Camera control";"";"TODO";"../src/MissionManager/MavCmdInfoCommon.json";"";".mavCmdInfo[MAV_CMD_DO_DIGICAM_CONTROL].friendlyName, ";"no"
"JSON-0677";"qgc_json_uk_UA.ts";"MavCmdInfoCommon.json";"Control onboard camera.";"";"TODO";"../src/MissionManager/MavCmdInfoCommon.json";"";".mavCmdInfo[MAV_CMD_DO_DIGICAM_CONTROL].description, ";"no"
"JSON-0678";"qgc_json_uk_UA.ts";"MavCmdInfoCommon.json";"Session";"";"TODO";"../src/MissionManager/MavCmdInfoCommon.json";"";".mavCmdInfo[MAV_CMD_DO_DIGICAM_CONTROL].param1.label, ";"no"
"JSON-0679";"qgc_json_uk_UA.ts";"MavCmdInfoCommon.json";"Zoom";"";"TODO";"../src/MissionManager/MavCmdInfoCommon.json";"";".mavCmdInfo[MAV_CMD_DO_DIGICAM_CONTROL].param2.label, ";"no"
"JSON-0680";"qgc_json_uk_UA.ts";"MavCmdInfoCommon.json";"Step";"";"TODO";"../src/MissionManager/MavCmdInfoCommon.json";"";".mavCmdInfo[MAV_CMD_DO_DIGICAM_CONTROL].param3.label, ";"no"
"JSON-0681";"qgc_json_uk_UA.ts";"MavCmdInfoCommon.json";"Focus lock";"";"TODO";"../src/MissionManager/MavCmdInfoCommon.json";"";".mavCmdInfo[MAV_CMD_DO_DIGICAM_CONTROL].param4.label, ";"no"
"JSON-0682";"qgc_json_uk_UA.ts";"MavCmdInfoCommon.json";"Id";"";"TODO";"../src/MissionManager/MavCmdInfoCommon.json";"";".mavCmdInfo[MAV_CMD_DO_DIGICAM_CONTROL].param6.label, ";"no"
"JSON-0683";"qgc_json_uk_UA.ts";"MavCmdInfoCommon.json";"Configure Mount";"";"TODO";"../src/MissionManager/MavCmdInfoCommon.json";"";".mavCmdInfo[MAV_CMD_DO_MOUNT_CONFIGURE].friendlyName, ";"no"
"JSON-0684";"qgc_json_uk_UA.ts";"MavCmdInfoCommon.json";"Configure the vehicle mount (e.g. gimbal).";"";"TODO";"../src/MissionManager/MavCmdInfoCommon.json";"";".mavCmdInfo[MAV_CMD_DO_MOUNT_CONFIGURE].description, ";"no"
"JSON-0685";"qgc_json_uk_UA.ts";"MavCmdInfoCommon.json";"Retract,Neutral,Mavlink Targeting,RC Targeting,GPS Point";"";"TODO";"../src/MissionManager/MavCmdInfoCommon.json";"";".mavCmdInfo[MAV_CMD_DO_MOUNT_CONFIGURE].param1.enumStrings, .mavCmdInfo[MAV_CMD_DO_MOUNT_CONTROL].param7.enumStrings, ";"no"
"JSON-0686";"qgc_json_uk_UA.ts";"MavCmdInfoCommon.json";"Stabilize Roll";"";"TODO";"../src/MissionManager/MavCmdInfoCommon.json";"";".mavCmdInfo[MAV_CMD_DO_MOUNT_CONFIGURE].param2.label, ";"no"
"JSON-0687";"qgc_json_uk_UA.ts";"MavCmdInfoCommon.json";"No,Yes";"";"TODO";"../src/MissionManager/MavCmdInfoCommon.json";"";".mavCmdInfo[MAV_CMD_DO_MOUNT_CONFIGURE].param2.enumStrings, .mavCmdInfo[MAV_CMD_DO_MOUNT_CONFIGURE].param3.enumStrings, .mavCmdInfo[MAV_CMD_DO_MOUNT_CONFIGURE].param4.enumStrings, ";"no"
"JSON-0688";"qgc_json_uk_UA.ts";"MavCmdInfoCommon.json";"Stabilize Pitch";"";"TODO";"../src/MissionManager/MavCmdInfoCommon.json";"";".mavCmdInfo[MAV_CMD_DO_MOUNT_CONFIGURE].param3.label, ";"no"
"JSON-0689";"qgc_json_uk_UA.ts";"MavCmdInfoCommon.json";"Stabilize Yaw";"";"TODO";"../src/MissionManager/MavCmdInfoCommon.json";"";".mavCmdInfo[MAV_CMD_DO_MOUNT_CONFIGURE].param4.label, ";"no"
"JSON-0690";"qgc_json_uk_UA.ts";"MavCmdInfoCommon.json";"Control Mount";"";"TODO";"../src/MissionManager/MavCmdInfoCommon.json";"";".mavCmdInfo[MAV_CMD_DO_MOUNT_CONTROL].friendlyName, ";"no"
"JSON-0691";"qgc_json_uk_UA.ts";"MavCmdInfoCommon.json";"Control the vehicle mount (e.g. gimbal).";"";"TODO";"../src/MissionManager/MavCmdInfoCommon.json";"";".mavCmdInfo[MAV_CMD_DO_MOUNT_CONTROL].description, ";"no"
"JSON-0692";"qgc_json_uk_UA.ts";"MavCmdInfoCommon.json";"Lat/Pitch";"";"TODO";"../src/MissionManager/MavCmdInfoCommon.json";"";".mavCmdInfo[MAV_CMD_DO_MOUNT_CONTROL].param1.label, ";"no"
"JSON-0693";"qgc_json_uk_UA.ts";"MavCmdInfoCommon.json";"Lon/Roll";"";"TODO";"../src/MissionManager/MavCmdInfoCommon.json";"";".mavCmdInfo[MAV_CMD_DO_MOUNT_CONTROL].param2.label, ";"no"
"JSON-0694";"qgc_json_uk_UA.ts";"MavCmdInfoCommon.json";"Alt/Yaw";"";"TODO";"../src/MissionManager/MavCmdInfoCommon.json";"";".mavCmdInfo[MAV_CMD_DO_MOUNT_CONTROL].param3.label, ";"no"
"JSON-0695";"qgc_json_uk_UA.ts";"MavCmdInfoCommon.json";"Gimbal Manager PitchYaw";"";"TODO";"../src/MissionManager/MavCmdInfoCommon.json";"";".mavCmdInfo[MAV_CMD_DO_GIMBAL_MANAGER_PITCHYAW].friendlyName, ";"no"
"JSON-0696";"qgc_json_uk_UA.ts";"MavCmdInfoCommon.json";"Control the gimbal during the mission";"";"TODO";"../src/MissionManager/MavCmdInfoCommon.json";"";".mavCmdInfo[MAV_CMD_DO_GIMBAL_MANAGER_PITCHYAW].description, ";"no"
"JSON-0697";"qgc_json_uk_UA.ts";"MavCmdInfoCommon.json";"Pitch";"";"TODO";"../src/MissionManager/MavCmdInfoCommon.json";"";".mavCmdInfo[MAV_CMD_DO_GIMBAL_MANAGER_PITCHYAW].param1.label, ";"no"
"JSON-0698";"qgc_json_uk_UA.ts";"MavCmdInfoCommon.json";"Pitch rate";"";"TODO";"../src/MissionManager/MavCmdInfoCommon.json";"";".mavCmdInfo[MAV_CMD_DO_GIMBAL_MANAGER_PITCHYAW].param3.label, ";"no"
"JSON-0699";"qgc_json_uk_UA.ts";"MavCmdInfoCommon.json";"Yaw rate";"";"TODO";"../src/MissionManager/MavCmdInfoCommon.json";"";".mavCmdInfo[MAV_CMD_DO_GIMBAL_MANAGER_PITCHYAW].param4.label, ";"no"
"JSON-0700";"qgc_json_uk_UA.ts";"MavCmdInfoCommon.json";"Follow yaw";"";"TODO";"../src/MissionManager/MavCmdInfoCommon.json";"";".mavCmdInfo[MAV_CMD_DO_GIMBAL_MANAGER_PITCHYAW].param5.label, ";"no"
"JSON-0701";"qgc_json_uk_UA.ts";"MavCmdInfoCommon.json";"Follow yaw, Lock yaw";"";"TODO";"../src/MissionManager/MavCmdInfoCommon.json";"";".mavCmdInfo[MAV_CMD_DO_GIMBAL_MANAGER_PITCHYAW].param5.enumStrings, ";"no"
"JSON-0702";"qgc_json_uk_UA.ts";"MavCmdInfoCommon.json";"Gimbal";"";"TODO";"../src/MissionManager/MavCmdInfoCommon.json";"";".mavCmdInfo[MAV_CMD_DO_GIMBAL_MANAGER_PITCHYAW].param7.label, ";"no"
"JSON-0703";"qgc_json_uk_UA.ts";"MavCmdInfoCommon.json";"Primary,first gimbal,second gimbal";"";"TODO";"../src/MissionManager/MavCmdInfoCommon.json";"";".mavCmdInfo[MAV_CMD_DO_GIMBAL_MANAGER_PITCHYAW].param7.enumStrings, ";"no"
"JSON-0704";"qgc_json_uk_UA.ts";"MavCmdInfoCommon.json";"Camera trigger distance";"";"TODO";"../src/MissionManager/MavCmdInfoCommon.json";"";".mavCmdInfo[MAV_CMD_DO_SET_CAM_TRIGG_DIST].friendlyName, ";"no"
"JSON-0705";"qgc_json_uk_UA.ts";"MavCmdInfoCommon.json";"Set camera trigger distance.";"";"TODO";"../src/MissionManager/MavCmdInfoCommon.json";"";".mavCmdInfo[MAV_CMD_DO_SET_CAM_TRIGG_DIST].description, ";"no"
"JSON-0706";"qgc_json_uk_UA.ts";"MavCmdInfoCommon.json";"Shutter";"";"TODO";"../src/MissionManager/MavCmdInfoCommon.json";"";".mavCmdInfo[MAV_CMD_DO_SET_CAM_TRIGG_DIST].param2.label, ";"no"
"JSON-0707";"qgc_json_uk_UA.ts";"MavCmdInfoCommon.json";"Trigger";"";"TODO";"../src/MissionManager/MavCmdInfoCommon.json";"";".mavCmdInfo[MAV_CMD_DO_SET_CAM_TRIGG_DIST].param3.label, .mavCmdInfo[MAV_CMD_DO_PARACHUTE].param1.label, ";"no"
"JSON-0708";"qgc_json_uk_UA.ts";"MavCmdInfoCommon.json";"No Trigger,Once Immediately";"";"TODO";"../src/MissionManager/MavCmdInfoCommon.json";"";".mavCmdInfo[MAV_CMD_DO_SET_CAM_TRIGG_DIST].param3.enumStrings, ";"no"
"JSON-0709";"qgc_json_uk_UA.ts";"MavCmdInfoCommon.json";"Enable geofence";"";"TODO";"../src/MissionManager/MavCmdInfoCommon.json";"";".mavCmdInfo[MAV_CMD_DO_FENCE_ENABLE].friendlyName, ";"no"
"JSON-0710";"qgc_json_uk_UA.ts";"MavCmdInfoCommon.json";"Enable/Disable geofence.";"";"TODO";"../src/MissionManager/MavCmdInfoCommon.json";"";".mavCmdInfo[MAV_CMD_DO_FENCE_ENABLE].description, ";"no"
"JSON-0711";"qgc_json_uk_UA.ts";"MavCmdInfoCommon.json";"Safety";"";"TODO";"../src/MissionManager/MavCmdInfoCommon.json";"";".mavCmdInfo[MAV_CMD_DO_FENCE_ENABLE].category, .mavCmdInfo[MAV_CMD_DO_PARACHUTE].category, ";"no"
"JSON-0712";"qgc_json_uk_UA.ts";"MavCmdInfoCommon.json";"Disable,Disable floor only,Enable";"";"TODO";"../src/MissionManager/MavCmdInfoCommon.json";"";".mavCmdInfo[MAV_CMD_DO_FENCE_ENABLE].param1.enumStrings, ";"no"
"JSON-0713";"qgc_json_uk_UA.ts";"MavCmdInfoCommon.json";"Trigger parachute";"";"TODO";"../src/MissionManager/MavCmdInfoCommon.json";"";".mavCmdInfo[MAV_CMD_DO_PARACHUTE].friendlyName, ";"no"
"JSON-0714";"qgc_json_uk_UA.ts";"MavCmdInfoCommon.json";"Enable/Disable auto-release or Release a parachute";"";"TODO";"../src/MissionManager/MavCmdInfoCommon.json";"";".mavCmdInfo[MAV_CMD_DO_PARACHUTE].description, ";"no"
"JSON-0715";"qgc_json_uk_UA.ts";"MavCmdInfoCommon.json";"Disable,Enable,Release";"";"TODO";"../src/MissionManager/MavCmdInfoCommon.json";"";".mavCmdInfo[MAV_CMD_DO_PARACHUTE].param1.enumStrings, ";"no"
"JSON-0716";"qgc_json_uk_UA.ts";"MavCmdInfoCommon.json";"Motor test";"";"TODO";"../src/MissionManager/MavCmdInfoCommon.json";"";".mavCmdInfo[MAV_CMD_DO_MOTOR_TEST].friendlyName, ";"no"
"JSON-0717";"qgc_json_uk_UA.ts";"MavCmdInfoCommon.json";"Inverted flight";"";"TODO";"../src/MissionManager/MavCmdInfoCommon.json";"";".mavCmdInfo[MAV_CMD_DO_INVERTED_FLIGHT].friendlyName, ";"no"
"JSON-0718";"qgc_json_uk_UA.ts";"MavCmdInfoCommon.json";"Change to/from inverted flight.";"";"TODO";"../src/MissionManager/MavCmdInfoCommon.json";"";".mavCmdInfo[MAV_CMD_DO_INVERTED_FLIGHT].description, ";"no"
"JSON-0719";"qgc_json_uk_UA.ts";"MavCmdInfoCommon.json";"Inverted";"";"TODO";"../src/MissionManager/MavCmdInfoCommon.json";"";".mavCmdInfo[MAV_CMD_DO_INVERTED_FLIGHT].param1.label, ";"no"
"JSON-0720";"qgc_json_uk_UA.ts";"MavCmdInfoCommon.json";"Normal,Inverted";"";"TODO";"../src/MissionManager/MavCmdInfoCommon.json";"";".mavCmdInfo[MAV_CMD_DO_INVERTED_FLIGHT].param1.enumStrings, ";"no"
"JSON-0721";"qgc_json_uk_UA.ts";"MavCmdInfoCommon.json";"Gripper Mechanism";"";"TODO";"../src/MissionManager/MavCmdInfoCommon.json";"";".mavCmdInfo[MAV_CMD_DO_GRIPPER].friendlyName, ";"no"
"JSON-0722";"qgc_json_uk_UA.ts";"MavCmdInfoCommon.json";"Control a gripper mechanism.";"";"TODO";"../src/MissionManager/MavCmdInfoCommon.json";"";".mavCmdInfo[MAV_CMD_DO_GRIPPER].description, ";"no"
"JSON-0723";"qgc_json_uk_UA.ts";"MavCmdInfoCommon.json";"Gripper id";"";"TODO";"../src/MissionManager/MavCmdInfoCommon.json";"";".mavCmdInfo[MAV_CMD_DO_GRIPPER].param1.label, ";"no"
"JSON-0724";"qgc_json_uk_UA.ts";"MavCmdInfoCommon.json";"Action";"";"TODO";"../src/MissionManager/MavCmdInfoCommon.json";"";".mavCmdInfo[MAV_CMD_DO_GRIPPER].param2.label, ";"no"
"JSON-0725";"qgc_json_uk_UA.ts";"MavCmdInfoCommon.json";"Release,Grab";"";"TODO";"../src/MissionManager/MavCmdInfoCommon.json";"";".mavCmdInfo[MAV_CMD_DO_GRIPPER].param2.enumStrings, ";"no"
"JSON-0726";"qgc_json_uk_UA.ts";"MavCmdInfoCommon.json";"AutoTune Enable";"";"TODO";"../src/MissionManager/MavCmdInfoCommon.json";"";".mavCmdInfo[MAV_CMD_DO_AUTOTUNE_ENABLE].friendlyName, ";"no"
"JSON-0727";"qgc_json_uk_UA.ts";"MavCmdInfoCommon.json";"AutoTune Enable.";"";"TODO";"../src/MissionManager/MavCmdInfoCommon.json";"";".mavCmdInfo[MAV_CMD_DO_AUTOTUNE_ENABLE].description, ";"no"
"JSON-0728";"qgc_json_uk_UA.ts";"MavCmdInfoCommon.json";"Enable,Disable";"";"TODO";"../src/MissionManager/MavCmdInfoCommon.json";"";".mavCmdInfo[MAV_CMD_DO_AUTOTUNE_ENABLE].param1.enumStrings, ";"no"
"JSON-0729";"qgc_json_uk_UA.ts";"MavCmdInfoCommon.json";"Guided limits";"";"TODO";"../src/MissionManager/MavCmdInfoCommon.json";"";".mavCmdInfo[MAV_CMD_DO_GUIDED_LIMITS].friendlyName, ";"no"
"JSON-0730";"qgc_json_uk_UA.ts";"MavCmdInfoCommon.json";"Set limits for external control";"";"TODO";"../src/MissionManager/MavCmdInfoCommon.json";"";".mavCmdInfo[MAV_CMD_DO_GUIDED_LIMITS].description, ";"no"
"JSON-0731";"qgc_json_uk_UA.ts";"MavCmdInfoCommon.json";"Timeout";"";"TODO";"../src/MissionManager/MavCmdInfoCommon.json";"";".mavCmdInfo[MAV_CMD_DO_GUIDED_LIMITS].param1.label, ";"no"
"JSON-0732";"qgc_json_uk_UA.ts";"MavCmdInfoCommon.json";"Min Alt";"";"TODO";"../src/MissionManager/MavCmdInfoCommon.json";"";".mavCmdInfo[MAV_CMD_DO_GUIDED_LIMITS].param2.label, ";"no"
"JSON-0733";"qgc_json_uk_UA.ts";"MavCmdInfoCommon.json";"Max Alt";"";"TODO";"../src/MissionManager/MavCmdInfoCommon.json";"";".mavCmdInfo[MAV_CMD_DO_GUIDED_LIMITS].param3.label, ";"no"
"JSON-0734";"qgc_json_uk_UA.ts";"MavCmdInfoCommon.json";"H Limit";"";"TODO";"../src/MissionManager/MavCmdInfoCommon.json";"";".mavCmdInfo[MAV_CMD_DO_GUIDED_LIMITS].param4.label, ";"no"
"JSON-0735";"qgc_json_uk_UA.ts";"MavCmdInfoCommon.json";"Calibration";"";"TODO";"../src/MissionManager/MavCmdInfoCommon.json";"";".mavCmdInfo[MAV_CMD_PREFLIGHT_CALIBRATION].friendlyName, ";"no"
"JSON-0736";"qgc_json_uk_UA.ts";"MavCmdInfoCommon.json";"Set sensor offsets";"";"TODO";"../src/MissionManager/MavCmdInfoCommon.json";"";".mavCmdInfo[MAV_CMD_PREFLIGHT_SET_SENSOR_OFFSETS].friendlyName, ";"no"
"JSON-0737";"qgc_json_uk_UA.ts";"MavCmdInfoCommon.json";"UAVCAN configure";"";"TODO";"../src/MissionManager/MavCmdInfoCommon.json";"";".mavCmdInfo[MAV_CMD_PREFLIGHT_UAVCAN].friendlyName, ";"no"
"JSON-0738";"qgc_json_uk_UA.ts";"MavCmdInfoCommon.json";"Store parameters";"";"TODO";"../src/MissionManager/MavCmdInfoCommon.json";"";".mavCmdInfo[MAV_CMD_PREFLIGHT_STORAGE].friendlyName, ";"no"
"JSON-0739";"qgc_json_uk_UA.ts";"MavCmdInfoCommon.json";"Reboot/Shutdown vehicle";"";"TODO";"../src/MissionManager/MavCmdInfoCommon.json";"";".mavCmdInfo[MAV_CMD_PREFLIGHT_REBOOT_SHUTDOWN].friendlyName, ";"no"
"JSON-0740";"qgc_json_uk_UA.ts";"MavCmdInfoCommon.json";"Override goto";"";"TODO";"../src/MissionManager/MavCmdInfoCommon.json";"";".mavCmdInfo[MAV_CMD_OVERRIDE_GOTO].friendlyName, ";"no"
"JSON-0741";"qgc_json_uk_UA.ts";"MavCmdInfoCommon.json";"Mission start";"";"TODO";"../src/MissionManager/MavCmdInfoCommon.json";"";".mavCmdInfo[MAV_CMD_MISSION_START].friendlyName, ";"no"
"JSON-0742";"qgc_json_uk_UA.ts";"MavCmdInfoCommon.json";"Arm/Disarm";"";"TODO";"../src/MissionManager/MavCmdInfoCommon.json";"";".mavCmdInfo[MAV_CMD_COMPONENT_ARM_DISARM].friendlyName, ";"no"
"JSON-0743";"qgc_json_uk_UA.ts";"MavCmdInfoCommon.json";"Get launch position";"";"TODO";"../src/MissionManager/MavCmdInfoCommon.json";"";".mavCmdInfo[MAV_CMD_GET_HOME_POSITION].friendlyName, ";"no"
"JSON-0744";"qgc_json_uk_UA.ts";"MavCmdInfoCommon.json";"Bind Spektrum receiver";"";"TODO";"../src/MissionManager/MavCmdInfoCommon.json";"";".mavCmdInfo[MAV_CMD_START_RX_PAIR].friendlyName, ";"no"
"JSON-0745";"qgc_json_uk_UA.ts";"MavCmdInfoCommon.json";"Get message interval";"";"TODO";"../src/MissionManager/MavCmdInfoCommon.json";"";".mavCmdInfo[MAV_CMD_GET_MESSAGE_INTERVAL].friendlyName, ";"no"
"JSON-0746";"qgc_json_uk_UA.ts";"MavCmdInfoCommon.json";"Set message interval";"";"TODO";"../src/MissionManager/MavCmdInfoCommon.json";"";".mavCmdInfo[MAV_CMD_SET_MESSAGE_INTERVAL].friendlyName, ";"no"
"JSON-0747";"qgc_json_uk_UA.ts";"MavCmdInfoCommon.json";"Get capabilities";"";"TODO";"../src/MissionManager/MavCmdInfoCommon.json";"";".mavCmdInfo[MAV_CMD_REQUEST_AUTOPILOT_CAPABILITIES].friendlyName, ";"no"
"JSON-0748";"qgc_json_uk_UA.ts";"MavCmdInfoCommon.json";"Set camera modes";"";"TODO";"../src/MissionManager/MavCmdInfoCommon.json";"";".mavCmdInfo[MAV_CMD_SET_CAMERA_MODE].friendlyName, ";"no"
"JSON-0749";"qgc_json_uk_UA.ts";"MavCmdInfoCommon.json";"Set camera photo, video modes.";"";"TODO";"../src/MissionManager/MavCmdInfoCommon.json";"";".mavCmdInfo[MAV_CMD_SET_CAMERA_MODE].description, ";"no"
"JSON-0750";"qgc_json_uk_UA.ts";"MavCmdInfoCommon.json";"Take photos,Record video,Survey photo mode";"";"TODO";"../src/MissionManager/MavCmdInfoCommon.json";"";".mavCmdInfo[MAV_CMD_SET_CAMERA_MODE].param2.enumStrings, ";"no"
"JSON-0751";"qgc_json_uk_UA.ts";"MavCmdInfoCommon.json";"Start image capture";"";"TODO";"../src/MissionManager/MavCmdInfoCommon.json";"";".mavCmdInfo[MAV_CMD_IMAGE_START_CAPTURE].friendlyName, ";"no"
"JSON-0752";"qgc_json_uk_UA.ts";"MavCmdInfoCommon.json";"Start taking one or more photos.";"";"TODO";"../src/MissionManager/MavCmdInfoCommon.json";"";".mavCmdInfo[MAV_CMD_IMAGE_START_CAPTURE].description, ";"no"
"JSON-0753";"qgc_json_uk_UA.ts";"MavCmdInfoCommon.json";"Interval";"";"TODO";"../src/MissionManager/MavCmdInfoCommon.json";"";".mavCmdInfo[MAV_CMD_IMAGE_START_CAPTURE].param2.label, ";"no"
"JSON-0754";"qgc_json_uk_UA.ts";"MavCmdInfoCommon.json";"Photo count";"";"TODO";"../src/MissionManager/MavCmdInfoCommon.json";"";".mavCmdInfo[MAV_CMD_IMAGE_START_CAPTURE].param3.label, ";"no"
"JSON-0755";"qgc_json_uk_UA.ts";"MavCmdInfoCommon.json";"Stop image capture";"";"TODO";"../src/MissionManager/MavCmdInfoCommon.json";"";".mavCmdInfo[MAV_CMD_IMAGE_STOP_CAPTURE].friendlyName, ";"no"
"JSON-0756";"qgc_json_uk_UA.ts";"MavCmdInfoCommon.json";"Stop taking photos.";"";"TODO";"../src/MissionManager/MavCmdInfoCommon.json";"";".mavCmdInfo[MAV_CMD_IMAGE_STOP_CAPTURE].description, ";"no"
"JSON-0757";"qgc_json_uk_UA.ts";"MavCmdInfoCommon.json";"Trigger control";"";"TODO";"../src/MissionManager/MavCmdInfoCommon.json";"";".mavCmdInfo[MAV_CMD_DO_TRIGGER_CONTROL].friendlyName, ";"no"
"JSON-0758";"qgc_json_uk_UA.ts";"MavCmdInfoCommon.json";"Start video capture";"";"TODO";"../src/MissionManager/MavCmdInfoCommon.json";"";".mavCmdInfo[MAV_CMD_VIDEO_START_CAPTURE].friendlyName, ";"no"
"JSON-0759";"qgc_json_uk_UA.ts";"MavCmdInfoCommon.json";"Start video capture.";"";"TODO";"../src/MissionManager/MavCmdInfoCommon.json";"";".mavCmdInfo[MAV_CMD_VIDEO_START_CAPTURE].description, ";"no"
"JSON-0760";"qgc_json_uk_UA.ts";"MavCmdInfoCommon.json";"Status Frequency";"";"TODO";"../src/MissionManager/MavCmdInfoCommon.json";"";".mavCmdInfo[MAV_CMD_VIDEO_START_CAPTURE].param2.label, ";"no"
"JSON-0761";"qgc_json_uk_UA.ts";"MavCmdInfoCommon.json";"Stop video capture";"";"TODO";"../src/MissionManager/MavCmdInfoCommon.json";"";".mavCmdInfo[MAV_CMD_VIDEO_STOP_CAPTURE].friendlyName, ";"no"
"JSON-0762";"qgc_json_uk_UA.ts";"MavCmdInfoCommon.json";"Stop video capture.";"";"TODO";"../src/MissionManager/MavCmdInfoCommon.json";"";".mavCmdInfo[MAV_CMD_VIDEO_STOP_CAPTURE].description, ";"no"
"JSON-0763";"qgc_json_uk_UA.ts";"MavCmdInfoCommon.json";"Control high latency link";"";"TODO";"../src/MissionManager/MavCmdInfoCommon.json";"";".mavCmdInfo[MAV_CMD_CONTROL_HIGH_LATENCY].friendlyName, ";"no"
"JSON-0764";"qgc_json_uk_UA.ts";"MavCmdInfoCommon.json";"Create panorama";"";"TODO";"../src/MissionManager/MavCmdInfoCommon.json";"";".mavCmdInfo[MAV_CMD_PANORAMA_CREATE].friendlyName, ";"no"
"JSON-0765";"qgc_json_uk_UA.ts";"MavCmdInfoCommon.json";"VTOL Transition";"";"TODO";"../src/MissionManager/MavCmdInfoCommon.json";"";".mavCmdInfo[MAV_CMD_DO_VTOL_TRANSITION].friendlyName, ";"no"
"JSON-0766";"qgc_json_uk_UA.ts";"MavCmdInfoCommon.json";"Perform flight mode transition.";"";"TODO";"../src/MissionManager/MavCmdInfoCommon.json";"";".mavCmdInfo[MAV_CMD_DO_VTOL_TRANSITION].description, ";"no"
"JSON-0767";"qgc_json_uk_UA.ts";"MavCmdInfoCommon.json";"VTOL";"";"TODO";"../src/MissionManager/MavCmdInfoCommon.json";"";".mavCmdInfo[MAV_CMD_DO_VTOL_TRANSITION].category, ";"no"
"JSON-0768";"qgc_json_uk_UA.ts";"MavCmdInfoCommon.json";"Multi Rotor,Fixed Wing";"";"TODO";"../src/MissionManager/MavCmdInfoCommon.json";"";".mavCmdInfo[MAV_CMD_DO_VTOL_TRANSITION].param1.enumStrings, ";"no"
"JSON-0769";"qgc_json_uk_UA.ts";"MavCmdInfoCommon.json";"Condition Gate";"";"TODO";"../src/MissionManager/MavCmdInfoCommon.json";"";".mavCmdInfo[MAV_CMD_CONDITION_GATE].friendlyName, ";"no"
"JSON-0770";"qgc_json_uk_UA.ts";"MavCmdInfoCommon.json";"Delay mission state machine until gate has been reached.";"";"TODO";"../src/MissionManager/MavCmdInfoCommon.json";"";".mavCmdInfo[MAV_CMD_CONDITION_GATE].description, ";"no"
"JSON-0771";"qgc_json_uk_UA.ts";"MavCmdInfoCommon.json";"Ignore Alt";"";"TODO";"../src/MissionManager/MavCmdInfoCommon.json";"";".mavCmdInfo[MAV_CMD_CONDITION_GATE].param2.label, ";"no"
"JSON-0772";"qgc_json_uk_UA.ts";"MavCmdInfoCommon.json";"False,True";"";"TODO";"../src/MissionManager/MavCmdInfoCommon.json";"";".mavCmdInfo[MAV_CMD_CONDITION_GATE].param2.enumStrings, ";"no"
"JSON-0773";"qgc_json_uk_UA.ts";"MavCmdInfoCommon.json";"Payload prepare deploy";"";"TODO";"../src/MissionManager/MavCmdInfoCommon.json";"";".mavCmdInfo[MAV_CMD_PAYLOAD_PREPARE_DEPLOY].friendlyName, ";"no"
"JSON-0774";"qgc_json_uk_UA.ts";"MavCmdInfoCommon.json";"Payload control deploy";"";"TODO";"../src/MissionManager/MavCmdInfoCommon.json";"";".mavCmdInfo[MAV_CMD_PAYLOAD_CONTROL_DEPLOY].friendlyName, ";"no"
"JSON-0775";"qgc_json_uk_UA.ts";"CameraSection.FactMetaData.json";"Specify whether the camera should take photos or video";"";"TODO";"../src/MissionManager/CameraSection.FactMetaData.json";"";".QGC.MetaData.Facts[CameraAction].shortDesc, ";"no"
"JSON-0776";"qgc_json_uk_UA.ts";"CameraSection.FactMetaData.json";"No change,Take photo,Take photos (time),Take photos (distance),Stop taking photos,Start recording video,Stop recording video";"";"TODO";"../src/MissionManager/CameraSection.FactMetaData.json";"";".QGC.MetaData.Facts[CameraAction].enumStrings, ";"no"
"JSON-0777";"qgc_json_uk_UA.ts";"CameraSection.FactMetaData.json";"Specify the distance between each photo";"";"TODO";"../src/MissionManager/CameraSection.FactMetaData.json";"";".QGC.MetaData.Facts[CameraPhotoIntervalDistance].shortDesc, ";"no"
"JSON-0778";"qgc_json_uk_UA.ts";"CameraSection.FactMetaData.json";"Specify the time between each photo";"";"TODO";"../src/MissionManager/CameraSection.FactMetaData.json";"";".QGC.MetaData.Facts[CameraPhotoIntervalTime].shortDesc, ";"no"
"JSON-0779";"qgc_json_uk_UA.ts";"CameraSection.FactMetaData.json";"Gimbal pitch rotation.";"";"TODO";"../src/MissionManager/CameraSection.FactMetaData.json";"";".QGC.MetaData.Facts[GimbalPitch].shortDesc, ";"no"
"JSON-0780";"qgc_json_uk_UA.ts";"CameraSection.FactMetaData.json";"Gimbal yaw rotation.";"";"TODO";"../src/MissionManager/CameraSection.FactMetaData.json";"";".QGC.MetaData.Facts[GimbalYaw].shortDesc, ";"no"
"JSON-0781";"qgc_json_uk_UA.ts";"CameraSection.FactMetaData.json";"Specify whether the camera should switch to Photo, Video or Survey mode";"";"TODO";"../src/MissionManager/CameraSection.FactMetaData.json";"";".QGC.MetaData.Facts[CameraMode].shortDesc, ";"no"
"JSON-0782";"qgc_json_uk_UA.ts";"CameraSection.FactMetaData.json";"Photo,Video,Survey";"";"TODO";"../src/MissionManager/CameraSection.FactMetaData.json";"";".QGC.MetaData.Facts[CameraMode].enumStrings, ";"no"
"JSON-0783";"qgc_json_uk_UA.ts";"Survey.SettingsGroup.json";"Angle for parallel lines of grid.";"";"TODO";"../src/MissionManager/Survey.SettingsGroup.json";"";".QGC.MetaData.Facts[GridAngle].shortDesc, ";"no"
"JSON-0784";"qgc_json_uk_UA.ts";"Survey.SettingsGroup.json";"Fly every other transect in each pass.";"";"TODO";"../src/MissionManager/Survey.SettingsGroup.json";"";".QGC.MetaData.Facts[FlyAlternateTransects].shortDesc, ";"no"
"JSON-0785";"qgc_json_uk_UA.ts";"Survey.SettingsGroup.json";"Split mission concave polygons into separate regular, convex polygons.";"";"TODO";"../src/MissionManager/Survey.SettingsGroup.json";"";".QGC.MetaData.Facts[SplitConcavePolygons].shortDesc, ";"no"
"JSON-0786";"qgc_json_uk_UA.ts";"APM-MavCmdInfoCommon.json";"Take off from the ground and ascend to specified altitude.";"";"TODO";"../src/FirmwarePlugin/APM/APM-MavCmdInfoCommon.json";"";".mavCmdInfo[MAV_CMD_NAV_TAKEOFF].description, ";"no"
"JSON-0787";"qgc_json_uk_UA.ts";"APM-MavCmdInfoCommon.json";"Takeoff to specified altitude.";"";"TODO";"../src/FirmwarePlugin/APM/APM-MavCmdInfoCommon.json";"";".mavCmdInfo[MAV_CMD_NAV_VTOL_TAKEOFF].description, ";"no"
"JSON-0788";"qgc_json_uk_UA.ts";"APM-MavCmdInfoCommon.json";"VTOL";"";"TODO";"../src/FirmwarePlugin/APM/APM-MavCmdInfoCommon.json";"";".mavCmdInfo[MAV_CMD_NAV_VTOL_TAKEOFF].category, .mavCmdInfo[MAV_CMD_NAV_VTOL_LAND].category, ";"no"
"JSON-0789";"qgc_json_uk_UA.ts";"APM-MavCmdInfoCommon.json";"Land using VTOL mode.";"";"TODO";"../src/FirmwarePlugin/APM/APM-MavCmdInfoCommon.json";"";".mavCmdInfo[MAV_CMD_NAV_VTOL_LAND].description, ";"no"
"JSON-0790";"qgc_json_uk_UA.ts";"APM-MavCmdInfoCommon.json";"Setting";"";"TODO";"../src/FirmwarePlugin/APM/APM-MavCmdInfoCommon.json";"";".mavCmdInfo[MAV_CMD_DO_SET_RELAY].param2.label, ";"no"
"JSON-0791";"qgc_json_uk_UA.ts";"APM-MavCmdInfoCommon.json";"On,Off";"";"TODO";"../src/FirmwarePlugin/APM/APM-MavCmdInfoCommon.json";"";".mavCmdInfo[MAV_CMD_DO_SET_RELAY].param2.enumStrings, ";"no"
"JSON-0792";"qgc_json_uk_UA.ts";"APM-MavCmdInfoCommon.json";"Pitch";"";"TODO";"../src/FirmwarePlugin/APM/APM-MavCmdInfoCommon.json";"";".mavCmdInfo[MAV_CMD_DO_MOUNT_CONTROL].param1.label, ";"no"
"JSON-0793";"qgc_json_uk_UA.ts";"APM-MavCmdInfoCommon.json";"Roll";"";"TODO";"../src/FirmwarePlugin/APM/APM-MavCmdInfoCommon.json";"";".mavCmdInfo[MAV_CMD_DO_MOUNT_CONTROL].param2.label, ";"no"
"JSON-0794";"qgc_json_uk_UA.ts";"APM-MavCmdInfoCommon.json";"Yaw";"";"TODO";"../src/FirmwarePlugin/APM/APM-MavCmdInfoCommon.json";"";".mavCmdInfo[MAV_CMD_DO_MOUNT_CONTROL].param3.label, ";"no"
"JSON-0795";"qgc_json_uk_UA.ts";"APM-MavCmdInfoCommon.json";"Enable";"";"TODO";"../src/FirmwarePlugin/APM/APM-MavCmdInfoCommon.json";"";".mavCmdInfo[MAV_CMD_DO_FENCE_ENABLE].param1.label, ";"no"
"JSON-0796";"qgc_json_uk_UA.ts";"APM-MavCmdInfoCommon.json";"Enable,Disable";"";"TODO";"../src/FirmwarePlugin/APM/APM-MavCmdInfoCommon.json";"";".mavCmdInfo[MAV_CMD_DO_FENCE_ENABLE].param1.enumStrings, ";"no"
